SYMBOL,NAME,LAST PRICE,NET CHANGE,% CHANGE,DELTA,1 yr % CHANGE
CRTC,DBX ETF Trust Xtrackers US National Critical Technologies ETF,$38.8235,0.2543,0.6550156477391271%,up,22.35%
CRWG,Leverage Shares 2X Long CRWV Daily ETF,$38.8500,-1.6600,-4.272844272844273%,down,-77.48%
CRWL,GraniteShares 2x Long CRWD Daily ETF,$51.1560,2.2369,4.372703104230198%,up,54.36%
CRWU,ETF Opportunities Trust T-REX 2X Long CRWV Daily Target ETF,$7.3400,-0.2800,-3.814713896457766%,down,-68.37%
CSB,VictoryShares US Small Cap High Div Volatility Wtd ETF,$64.1915,0.4902,0.7636525085096937%,up,17.61%
CSCL,Direxion Daily CSCO Bull 2X ETF,$67.0200,2.3700,3.5362578334825425%,up,165.72%
CSCS,Direxion Daily CSCO Bear 1X ETF,$13.1078,-0.2680,-2.044584140740628%,down,-47.33%
CSD,Invesco S&P Spin-Off ETF,$135.6200,0.6090,0.44904881285946024%,up,71.33%
CSEX,Investment Managers Series Trust II Tradr 2X Long CLS Daily ET,$20.9400,1.3900,6.638013371537727%,up,11.71%
CSHI,NEOS Enhanced Income 1-3 Month T-Bill ETF,$49.7900,-0.0100,-0.02008435428800964%,down,0.26%
CSHP,iShares Enhanced Short-Term Bond Active ETF,$99.5450,0.0350,0.03515997789944247%,up,-1.05%
CSM,ProShares Large Cap Core Plus,$85.3887,0.4687,0.5489016696588659%,up,28.19%
CSMD,Professionally Managed Portfolios Congress SMid Growth ETF,$33.3100,0.1670,0.5013509456619634%,up,11.67%
CSNR,Cohen & Steers ETF Trust Cohen & Steers Natural Resources Acti,$36.8641,-0.2144,-0.581595644543065%,down,46.20%
CSPF,Cohen & Steers ETF Trust Cohen & Steers Preferred and Income O,$26.0850,0.0900,0.3450258769407705%,up,4.13%
CSRE,Cohen & Steers ETF Trust Cohen & Steers Real Estate Active ETF,$28.8000,-0.0100,-0.034722222222222224%,down,14.60%
CSTK,Invesco Comstock Contrarian Equity ETF,$32.3238,0.2638,0.8161169169466461%,up,27.01%
CTA,Simplify Exchange Traded Funds Simplify Managed Futures Strate,$30.7000,-0.2400,-0.7817589576547231%,down,11.15%
CTEC,Global X ClimateTech ETF,$73.9281,1.2781,1.728841942373739%,up,128.53%
CTEF,EA Series Trust Castellan Targeted Equity ETF,$80.5234,-0.0740,-0.09189875241234224%,down,60.55%
CTEX,ProShares S&P Kensho Cleantech ETF,$46.2415,0.5018,1.0851724100645523%,up,139.36%
CTIF,EA Series Trust Castellan Targeted Income ETF,$51.4329,0.5617,1.0921025258151884%,up,3.80%
CURE,Direxion Daily Healthcare Bull 3X ETF,$95.6300,3.2000,3.3462302624699363%,up,32.78%
CUSD,CrossingBridge Ultra-Short Duration ETF,$19.3500,-0.0250,-0.12919896640826872%,down,-8.70%
CUT,Invesco MSCI Global Timber ETF,$26.9791,-0.0852,-0.3158000081544603%,down,-12.23%
CVAR,ETF Opportunities Trust Cultivar ETF,$28.6900,0.1724,0.6009062391077029%,up,13.15%
CVIE,Morgan Stanley ETF Trust Calvert International Responsible Ind,$82.0900,0.0931,0.11341210866122549%,up,30.42%
CVLC,Morgan Stanley ETF Trust Calvert US Large-Cap Core Responsible,$92.6779,0.3579,0.38617620813592024%,up,28.40%
CVMC,Morgan Stanley ETF Trust Calvert US Mid-Cap Core Responsible I,$71.5320,0.5988,0.837107867807415%,up,22.46%
CVNX,Defiance Daily Target 2X Long CVNA ETF,$13.6303,1.4284,10.479593259135894%,up,-31.64%
CVNY,Tidal Trust II YieldMax CVNA Option Income Strategy ETF,$23.3500,1.0768,4.6115631691648815%,up,-49.28%
CVRD,Madison ETFs Trust Madison Covered Call ETF,$18.7325,0.0785,0.4190577872681169%,up,3.55%
CVRT,Calamos ETF Trust Calamos Convertible Equity Alternative ETF,$50.9686,0.1296,0.25427420019384483%,up,67.90%
CVSB,Morgan Stanley ETF Trust Calvert Ultra-Short Investment Grade ,$50.7427,-0.0023,-0.0045326716946477025%,down,-0.05%
CVY,Invesco Zacks Multi-Asset Income ETF,$28.8811,0.1253,0.4338477412563926%,up,15.81%
CWB,State Street SPDR Bloomberg Convertible Securities ETF,$105.6500,0.2800,0.26502602934216757%,up,32.56%
CWEB,Direxion Daily CSI China Internet Index Bull 2X ETF,$23.3500,-1.2700,-5.438972162740899%,down,-39.52%
CWI,State Street SPDR MSCI ACWI ex-US ETF,$40.0600,-0.1000,-0.2496255616575137%,down,26.41%
CWS,AdvisorShares Focused Equity ETF,$67.2000,1.0700,1.5922619047619047%,up,0.31%
CWVX,Tradr 2X Long CRWV Daily ETF,$31.8300,-1.2800,-4.0213634935595355%,down,-69.03%
CXRN,Listed Funds Trust Teucrium 2x Daily Corn ETF,$19.3003,0.0629,0.3259016699222292%,up,-21.83%
CXSE,WisdomTree China ex-State-Owned Enterprises Fund,$39.6669,-0.2410,-0.6075594513309586%,down,17.22%
CZA,Invesco Zacks Mid-Cap ETF,$116.8256,0.5370,0.4596595266790841%,up,12.60%
CZAR,Themes Natural Monopoly ETF,$32.0200,0.1050,0.3279200499687695%,up,4.07%
DABS,DoubleLine ETF Trust DoubleLine Asset-Backed Securities ETF,$50.4750,0.0194,0.0384348687469044%,up,1.09%
DADS,Digital Asset Debt Strategy ETF,$21.1650,-0.0549,-0.25939050318922746%,down,6.09%
DAK,Dakota Active Equity ETF,$29.3293,0.2409,0.821362937403893%,up,17.70%
DALI,First Trust Dorsey Wright DALI Equity ETF,$30.4812,0.0309,0.10137396165505294%,up,21.34%
DAPP,VanEck Digital Transformation ETF,$21.2700,-0.2600,-1.222378937470616%,down,49.37%
DAPR,FT Vest U.S. Equity Deep Buffer ETF - April,$40.7193,0.0993,0.2438647029786858%,up,10.47%
DARP,Grizzle Growth ETF,$58.0617,0.1239,0.21339368292695526%,up,82.09%
DAT,ProShares Big Data Refiners ETF,$41.1184,0.7465,1.815488929530332%,up,-6.96%
DAUG,FT Vest U.S. Equity Deep Buffer ETF - August,$46.4000,0.0336,0.07241379310344828%,up,16.03%
DAX,Global X DAX Germany ETF,$45.3655,-0.1895,-0.4177183101696223%,down,3.48%
DBA,Invesco DB Agriculture Fund,$27.5600,-0.0500,-0.181422351233672%,down,0.58%
DBAW,Xtrackers MSCI All World ex US Hedged Equity ETF,$46.6581,-0.0373,-0.0799432467245773%,down,28.61%
DBB,Invesco DB Base Metals Fund,$25.9000,0.1200,0.46332046332046334%,up,39.85%
DBC,Invesco DB Commodity Index Tracking Fund,$30.5400,-0.1600,-0.5239030779305829%,down,43.45%
DBE,Invesco DB Energy Fund,$32.1000,-0.2800,-0.8722741433021808%,down,80.64%
DBEF,Xtrackers MSCI EAFE Hedged Equity ETF,$52.7900,0.0100,0.018942981625307824%,up,17.89%
DBEM,Xtrackers MSCI Emerging Markets Hedged Equity ETF,$39.5550,-0.0223,-0.05637719630893692%,down,50.46%
DBEU,Xtrackers MSCI Europe Hedged Equity ETF,$51.8070,-0.1730,-0.3339317080703379%,down,13.19%
DBEZ,Xtrackers MSCI Eurozone Hedged Equity ETF,$59.9090,-0.1212,-0.2023068320285767%,down,12.78%
DBJP,Xtrackers MSCI Japan Hedged Equity ETF,$110.7336,0.7936,0.7166749748947022%,up,46.30%
DBMF,iMGP DBi Managed Futures Strategy ETF,$31.0900,-0.0200,-0.0643293663557414%,down,23.42%
DBND,DoubleLine Opportunistic Core Bond ETF,$45.3600,0.0000,0%,unch,0.22%
DBO,Invesco DB Oil Fund,$22.5000,-0.3100,-1.3777777777777778%,down,78.71%
DBP,Invesco DB Precious Metals Fund,$107.0254,-0.9542,-0.8915640586253356%,down,45.30%
DCMT,DoubleLine ETF Trust DoubleLine Commodity Strategy ETF,$35.1866,-0.1278,-0.36320644790914725%,down,37.52%
DCOR,Dimensional ETF Trust Dimensional US Core Equity 1 ETF,$80.8900,0.4000,0.4944987019409074%,up,27.65%
DCRE,DoubleLine Commercial Real Estate Debt ETF,$51.7120,-0.0351,-0.06787592821782178%,down,0.06%
DDEC,FT Vest U.S. Equity Deep Buffer ETF - December,$47.0700,0.0400,0.08497981729339282%,up,16.99%
DDFA,Innovator ETFs Trust Innovator Equity Dual Directional 15 Buff,$20.1150,0.0570,0.2833706189410888%,up,4.71%
DDFD,Innovator ETFs Trust Innovator Equity Dual Directional 15 Buff,$19.8611,0.0169,0.0850909566942415%,up,4.38%
DDFF,Innovator ETFs Trust Innovator Equity Dual Directional 15 Buff,$19.8392,0.0141,0.0710714141699262%,up,2.79%
DDFJ,Innovator ETFs Trust Innovator Equity Dual Directional 15 Buff,$19.6420,0.0170,0.08654923123918136%,up,3.38%
DDFL,Innovator ETFs Trust Innovator Equity Dual Directional 15 Buff,$21.0997,-0.0037,-0.017535794347786935%,down,7.57%
DDFM,Innovator ETFs Trust Innovator Equity Dual Directional 15 Buff,$19.6200,-0.0300,-0.1529051987767584%,down,2.67%
DDFN,Innovator ETFs Trust Innovator Equity Dual Directional 15 Buff,$19.9400,0.0070,0.03510531594784353%,up,4.68%
DDFO,Innovator ETFs Trust Innovator Equity Dual Directional 15 Buff,$22.3400,-0.0300,-0.13428827215756492%,down,5.13%
DDFS,Innovator ETFs Trust Innovator Equity Dual Directional 15 Buff,$21.8800,0.0150,0.06855575868372944%,up,6.65%
DDIV,First Trust Dorsey Wright Momentum & Dividend ETF,$45.1258,0.2485,0.550682757978806%,up,22.45%
DDLS,WisdomTree Dynamic International SmallCap Equity Fund,$45.5500,-0.1600,-0.3512623490669594%,down,20.18%
DDM,ProShares Ultra Dow30,$61.6200,0.7300,1.1846802986043492%,up,38.49%
DDNQ,Innovator ETFs Trust Innovator Growth-100 Dual Directional 5 B,$20.6152,0.0202,0.097985952113004%,up,4.81%
DDSQ,Innovator ETFs Trust Innovator Equity Dual Directional 5 Buffe,$20.9100,-0.0100,-0.04782400765184122%,down,9.25%
DDTA,Innovator ETFs Trust Innovator Equity Dual Directional 10 Buff,$20.3200,0.0206,0.10137795275590551%,up,6.17%
DDTD,Innovator ETFs Trust Innovator Equity Dual Directional 10 Buff,$20.1784,0.0466,0.23094001506561473%,up,6.26%
DDTF,Innovator ETFs Trust Innovator Equity Dual Directional 10 Buff,$20.1050,0.0264,0.13131061924894305%,up,3.90%
DDTJ,Innovator ETFs Trust Innovator Equity Dual Directional 10 Buff,$19.9358,0.0258,0.1294154235094654%,up,4.87%
DDTL,Innovator ETFs Trust Innovator Equity Dual Directional 10 Buff,$21.7800,-0.0150,-0.06887052341597796%,down,10.81%
DDTM,Innovator ETFs Trust Innovator Equity Dual Directional 10 Buff,$19.9242,0.0115,0.05771875407795545%,up,4.23%
DDTN,Innovator ETFs Trust Innovator Equity Dual Directional 10 Buff,$20.2503,0.0384,0.1896268203434023%,up,6.69%
DDTO,Innovator ETFs Trust Innovator Equity Dual Directional 10 Buff,$22.7513,0.0613,0.26943515315608335%,up,7.07%
DDTS,Innovator ETFs Trust Innovator Equity Dual Directional 10 Buff,$22.3798,0.0194,0.08668531443533901%,up,9.22%
DDWM,WisdomTree Dynamic International Equity Fund,$46.4600,-0.0600,-0.12914334911752046%,down,18.95%
DDX,Defined Duration 10 ETF,$25.0379,0.0399,0.159358412646428%,up,9.02%
DECM,First Trust Exchange-Traded Fund VIII FT Vest U.S. Equity Max ,$33.6050,0.0200,0.05951495313197441%,up,8.46%
DECO,State Street Galaxy Digital Asset Ecosystem ETF,$71.0663,0.4321,0.6080237749819535%,up,131.19%
DECP,PGIM S&P 500 Buffer 12 ETF - December,$32.1100,-0.0700,-0.2180006228589225%,down,20.17%
DECT,AIM ETF Products Trust AllianzIM U.S. Large Cap Buffer10 Dec E,$38.9840,0.1240,0.31807921198440386%,up,22.19%
DECU,AIM ETF Products Trust AllianzIM U.S. Equity Buffer15 Uncapped,$29.2266,0.1084,0.37089500660357344%,up,19.04%
DECW,AIM ETF Products Trust AllianzIM U.S. Large Cap Buffer20 Dec E,$35.4500,0.0525,0.14809590973201692%,up,15.85%
DECZ,TrueShares Structured Outcome (December) ETF,$43.1261,0.1366,0.3167455438817792%,up,17.01%
DEED,First Trust Securitized Plus ETF,$21.1673,0.0273,0.1289725189325044%,up,2.14%
DEEF,Xtrackers FTSE Developed ex US Multifactor ETF,$39.5800,-0.0831,-0.20995452248610408%,down,21.22%
DEEP,Acquirers Small and Micro Deep Value ETF,$39.5603,0.2966,0.7497415338104109%,up,27.26%
DEFI,Hashdex Commodities Trust Hashdex Bitcoin ETF,$85.9042,-2.1107,-2.457039353139893%,down,-31.59%
DEFR,ETF Series Solutions Aptus Deferred Income ETF,$26.4518,0.0168,0.06351174589252906%,up,6.08%
DEHP,Dimensional ETF Trust Dimensional Emerging Markets High Profit,$40.9040,0.1339,0.3273518482300019%,up,53.66%
DEM,WisdomTree Emerging Markets High Dividend Fund,$54.0500,0.3500,0.6475485661424607%,up,22.81%
DEMZ,Democratic Large Cap Core ETF,$45.2755,0.4425,0.977349780786518%,up,23.77%
DES,WisdomTree U.S. SmallCap Dividend Fund,$38.4900,0.1900,0.49363471031436734%,up,25.09%
DESK,VanEck ETF Trust VanEck Office and Commercial REIT ETF,$37.4234,0.1325,0.3540565528519589%,up,0.64%
DEUS,Xtrackers Russell US Multifactor ETF,$63.9331,0.5803,0.9076675462319205%,up,17.07%
DEW,WisdomTree Global High Dividend Fund,$69.3458,0.1525,0.21991238113916056%,up,23.63%
DEXC,Dimensional ETF Trust Dimensional Emerging Markets ex China Co,$77.7900,0.1800,0.23139220979560354%,up,51.67%
DFAC,Dimensional ETF Trust Dimensional U.S. Core Equity 2 ETF,$43.5900,0.2400,0.5505849965588437%,up,28.39%
DFAE,Dimensional Emerging Core Equity Market ETF,$39.0600,0.0400,0.10240655401945724%,up,42.30%
DFAI,Dimensional International Core Equity Market ETF,$41.5400,-0.0500,-0.1203659123736158%,down,23.59%
DFAR,Dimensional ETF Trust Dimensional US Real Estate ETF,$26.1300,0.0400,0.15308075009567548%,up,13.81%
DFAS,Dimensional U.S. Small Cap ETF,$77.5300,0.6600,0.8512833741777376%,up,27.39%
DFAT,Dimensional U.S. Targeted Value ETF,$66.9500,0.4500,0.6721433905899925%,up,29.77%
DFAU,Dimensional US Core Equity Market ETF,$51.2400,0.2300,0.4488680718188915%,up,28.13%
DFAW,Dimensional ETF Trust Dimensional World Equity ETF,$82.0200,0.2400,0.2926115581565472%,up,28.68%
DFAX,Dimensional World ex U.S. Core Equity 2 ETF,$37.1200,0.0600,0.16163793103448276%,up,31.49%
DFCA,Dimensional ETF Trust Dimensional California Municipal Bond ET,$49.7499,0.0149,0.029949808944339587%,up,1.55%
DFCF,Dimensional ETF Trust Dimensional Core Fixed Income ETF,$41.9700,0.0400,0.09530617107457708%,up,1.75%
DFE,WisdomTree Europe SmallCap Dividend Fund,$76.3300,-0.6891,-0.9027905148696451%,down,11.83%
DFEB,FT Vest U.S. Equity Deep Buffer ETF - February,$50.2100,0.0600,0.11949810794662417%,up,16.63%
DFEM,Dimensional ETF Trust Dimensional Emerging Markets Core Equity,$39.7400,0.1200,0.3019627579265224%,up,41.32%
DFEN,Direxion Daily Aerospace & Defense Bull 3X ETF,$65.9600,1.7400,2.637962401455428%,up,70.57%
DFEV,Dimensional ETF Trust Dimensional Emerging Markets Value ETF,$41.4600,0.1800,0.4341534008683068%,up,46.55%
DFGP,Dimensional Global Core Plus Fixed Income ETF,$54.1750,0.0296,0.05463774803876327%,up,1.97%
DFGR,Dimensional ETF Trust Dimensional Global Real Estate ETF,$28.9400,-0.0750,-0.2591568762957844%,down,10.97%
DFGX,Dimensional International Core Fixed Income ETF,$52.8550,0.0800,0.15135748746570807%,up,0.85%
DFIC,Dimensional ETF Trust Dimensional International Core Equity 2 ,$37.9200,-0.0600,-0.1582278481012658%,down,26.25%
DFII,First Trust Exchange-Traded Fund FT Vest Bitcoin Strategy & Ta,$14.3530,-0.3570,-2.4872848881766876%,down,-42.06%
DFIP,Dimensional ETF Trust Dimensional Inflation-Protected Securiti,$41.6000,-0.0300,-0.07211538461538461%,down,0.88%
DFIS,Dimensional ETF Trust Dimensional International Small Cap ETF,$36.2900,0.0400,0.11022320198401764%,up,28.41%
DFIV,Dimensional International Value ETF,$55.5500,-0.2500,-0.45004500450045004%,down,32.83%
DFJ,WisdomTree Japan SmallCap Fund,$106.4002,0.1837,0.17265005140967782%,up,28.55%
DFLV,Dimensional ETF Trust Dimensional US Large Cap Value ETF,$38.7600,0.2900,0.7481940144478844%,up,30.64%
DFNL,Davis Fundamental ETF Trust Davis Select Financial ETF,$46.4400,-0.1050,-0.2260981912144703%,down,15.25%
DFNM,Dimensional ETF Trust Dimensional National Municipal Bond ETF,$47.9300,0.0400,0.08345503859795535%,up,1.65%
DFSB,Dimensional ETF Trust Dimensional Global Sustainability Fixed ,$51.8100,0.0449,0.08666280640802934%,up,1.26%
DFSD,Dimensional ETF Trust Dimensional Short-Duration Fixed Income ,$47.7000,0.0000,0%,unch,0.44%
DFSE,Dimensional ETF Trust Dimensional Emerging Markets Sustainabil,$48.2838,0.2347,0.4860843595574499%,up,34.65%
DFSI,Dimensional ETF Trust Dimensional International Sustainability,$45.3000,0.0100,0.02207505518763797%,up,18.65%
DFSU,Dimensional ETF Trust Dimensional US Sustainability Core 1 ETF,$46.0900,0.2500,0.5424170101974397%,up,23.90%
DFSV,Dimensional ETF Trust Dimensional US Small Cap Value ETF,$37.4200,0.2700,0.7215392838054516%,up,33.60%
DFUS,Dimensional U.S. Equity Market ETF,$81.1200,0.3400,0.41913214990138065%,up,28.40%
DFUV,Dimensional ETF Trust Dimensional US Marketwide Value ETF,$53.1200,0.3400,0.6400602409638555%,up,31.84%
DFVE,DoubleLine ETF Trust DoubleLine Fortune 500 Equal Weight ETF,$34.6623,0.3605,1.040034850543674%,up,22.49%
DFVX,Dimensional ETF Trust Dimensional US Large Cap Vector ETF,$81.7500,0.5370,0.6568807339449542%,up,24.92%
DGCB,Dimensional Global Credit ETF,$54.3915,0.0315,0.05791346074294697%,up,3.07%
DGIN,VanEck ETF Trust VanEck Digital India ETF,$33.8976,0.1262,0.37229774379307096%,up,-18.05%
DGLO,First Trust RBA Deglobalization ETF,$23.1285,0.2197,0.949910283848931%,up,16.56%
DGP,PowerShares DB Gold Double Long ETN,$167.4000,-2.4061,-1.4373357228195935%,down,67.89%
DGRE,WisdomTree Emerging Markets Quality Dividend Growth Fund,$39.0088,0.0176,0.045118024650848014%,up,47.76%
DGRO,iShares Core Dividend Growth ETF,$74.8500,0.7000,0.9352037408149634%,up,21.99%
DGRS,WisdomTree U.S. SmallCap Quality Dividend Growth Fund,$56.0068,0.5349,0.9550625995414843%,up,23.72%
DGRW,WisdomTree U.S. Quality Dividend Growth Fund,$96.3300,0.3700,0.38409633551333955%,up,20.29%
DGS,WisdomTree Emerging Market SmallCap Fund,$64.8700,0.6700,1.0328349005703714%,up,23.28%
DGT,State Street SPDR Global Dow ETF,$186.6161,0.6161,0.33014300481041026%,up,28.50%
DGZ,PowerShares DB Gold Short ETN,$4.9800,-0.5599,-11.2429718875502%,down,-26.93%
DHDG,First Trust Exchange-Traded Fund VIII FT Vest U.S. Equity Quar,$36.1899,0.0449,0.12406776476309689%,up,15.24%
DHLX,Diamond Hill Funds Diamond Hill Large Cap Concentrated ETF,$13.1991,0.0191,0.14470683607215643%,up,0.70%
DHS,WisdomTree U.S. High Dividend Fund,$113.6700,0.9400,0.8269552212545086%,up,21.68%
DHSB,Strategy Shares Day Hagan Smart Buffer ETF,$26.8600,-0.0661,-0.2460908413998511%,down,8.38%
DIA,State Street SPDR Dow Jones Industrial Average ETF Trust Unit,$506.1200,3.0100,0.5947206196159014%,up,20.84%
DIAL,Columbia Diversified Fixed Income Allocation ETF,$18.1050,0.0350,0.19331676332504835%,up,1.97%
DIEM,Franklin Emerging Market Core Dividend Tilt Index ETF,$41.5744,-0.0791,-0.19026131465517243%,down,44.61%
DIG,ProShares Ultra Energy,$61.5900,0.3500,0.5682740704659847%,up,99.32%
DIHP,Dimensional ETF Trust Dimensional International High Profitabi,$34.0500,-0.0750,-0.22026431718061676%,down,18.19%
DIM,WisdomTree International MidCap Dividend Fund,$86.9960,-0.5897,-0.6778472573451653%,down,19.85%
DIME,CoinShares Altcoins ETF,$9.5797,-0.2053,-2.1430733739052372%,down,-62.35%
DINT,Davis Fundamental ETF Trust Davis Select International ETF,$28.8100,-0.5758,-1.9986115931968067%,down,17.80%
DIPS,Tidal Trust II YieldMax Short NVDA Option Income Strategy ETF,$39.0964,0.6086,1.5566650637910395%,up,-55.92%
DISO,Tidal ETF Trust II YieldMax DIS Option Income Strategy ETF,$9.8122,-0.0388,-0.39542610219930285%,down,-30.93%
DISV,Dimensional ETF Trust Dimensional International Small Cap Valu,$42.0650,-0.1450,-0.3447046237965054%,down,33.24%
DIV,Global X Super Dividend ETF,$19.5400,0.0300,0.1535312180143296%,up,12.75%
DIVB,iShares Core Dividend ETF,$60.8700,1.2800,2.1028421225562677%,up,26.61%
DIVD,Altrius Global Dividend ETF,$43.0152,0.0834,0.19388495229593258%,up,24.05%
DIVE,Tidal Trust I Dana Concentrated Dividend ETF,$25.7142,0.0912,0.35466784889282965%,up,2.69%
DIVG,Invesco Exchange-Traded Fund Trust II Invesco S&P 500 High Div,$36.0527,0.4073,1.1297350822545882%,up,20.30%
DIVI,Franklin International Core Dividend Tilt Index ETF,$42.9600,-0.0800,-0.186219739292365%,down,22.74%
DIVL,Madison ETFs Trust Madison Dividend Value ETF,$24.9217,0.1461,0.5862360914383851%,up,16.18%
DIVN,Horizon Funds Horizon Dividend Income ETF,$29.4480,0.5142,1.7461287693561534%,up,17.99%
DIVO,Amplify CWP Enhanced Dividend Income ETF,$46.1700,0.2700,0.5847953216374269%,up,12.47%
DIVP,The Advisors Inner Circle Fund II Cullen Enhanced Equity Incom,$27.0200,0.2807,1.038860103626943%,up,9.89%
DIVS,Guinness Atkinson Dividend Builder ETF,$32.7896,0.1159,0.3534657330373045%,up,8.67%
DIVY,Sound Equity Dividend Income ETF,$28.5677,0.2277,0.7970540155490293%,up,17.68%
DIVZ,Polen Dividend Income ETF,$38.3800,0.2200,0.5732152162584679%,up,13.79%
DJAN,FT Vest U.S. Equity Deep Buffer ETF - January,$45.2900,0.1300,0.2870390814749393%,up,16.37%
DJD,Invesco Dow Jones Industrial Average Dividend ETF,$62.7700,0.5000,0.7965588657001752%,up,22.48%
DJIA,Global X Funds Global X Dow 30 Covered Call ETF,$21.7900,0.0600,0.27535566773749426%,up,3.17%
DJP,iPath Bloomberg Commodity Index Total Return ETN,$49.5000,-0.3400,-0.6868686868686869%,down,46.58%
DJTU,ETF Opportunities Trust T-REX 2X Long DJT Daily Target ETF,$1.0900,-0.0100,-0.9174311926605504%,down,-95.13%
DJUL,FT Vest U.S. Equity Deep Buffer ETF - July,$49.6800,0.0500,0.10064412238325282%,up,17.74%
DJUN,FT Vest U.S. Equity Deep Buffer ETF - June,$49.0200,0.0300,0.06119951040391677%,up,13.24%
DKNX,Defiance Daily Target 2X Long DKNG ETF,$20.8899,-0.5389,-2.579715556321476%,down,-78.36%
DLAG,First Trust Exchange-Traded Fund VIII FT Vest U.S. Equity Dual,$32.7807,0.0473,0.14429222072744022%,up,7.09%
DLLL,GraniteShares 2x Long DELL Daily ETF,$104.4900,25.8565,24.745430184706674%,up,401.63%
DLN,WisdomTree U.S. LargeCap Dividend Fund,$96.2700,0.6600,0.6855718292302898%,up,22.54%
DLS,WisdomTree International SmallCap Fund,$86.8100,-0.5700,-0.6566063817532541%,down,21.26%
DMAR,FT Vest U.S. Equity Deep Buffer ETF - March,$44.5300,0.0301,0.06759487985627666%,up,15.66%
DMAY,FT Vest U.S. Equity Deep Buffer ETF - May,$46.9500,0.0600,0.12779552715654952%,up,13.13%
DMBS,DoubleLine ETF Trust DoubleLine Mortgage ETF,$48.7100,0.0400,0.0821186614658181%,up,1.61%
DMX,DoubleLine ETF Trust DoubleLine Multi-Sector Income ETF,$50.1276,-0.1124,-0.22422777072909933%,down,0.71%
DMXF,iShares ESG Advanced MSCI EAFE ETF,$83.0000,0.1600,0.1927710843373494%,up,14.07%
DNL,WisdomTree Global ex-U.S. Quality Growth Fund,$44.2900,0.2200,0.49672612327839244%,up,14.65%
DNNG,Leverage Shares 2x Long DNN Daily ETF,$8.4300,0.1054,1.2502965599051008%,up,-41.86%
DNOV,FT Vest U.S. Equity Deep Buffer ETF - November,$50.9500,0.0700,0.13738959764474976%,up,18.41%
DOCT,FT Vest U.S. Equity Deep Buffer ETF - October,$46.2933,0.0233,0.05033125743898145%,up,17.41%
DOG,ProShares Short Dow30,$22.4900,-0.1200,-0.5335704757670076%,down,-16.49%
DOGG,FT Vest DJIA Dogs 10 Target Income ETF,$21.5600,0.1800,0.8348794063079777%,up,10.39%
DOJE,ETF Opportunities Trust REX-Osprey DOGE ETF,$9.6300,-0.2200,-2.2845275181723776%,down,-63.48%
DOL,WisdomTree True Developed International Fund,$74.0500,-0.0654,-0.08831870357866307%,down,25.47%
DON,WisdomTree U.S. MidCap Dividend Fund,$55.2500,0.3800,0.6877828054298643%,up,13.71%
DPST,Direxion Daily Regional Banks Bull 3X ETF,$113.1600,0.4200,0.3711558854718982%,up,48.64%
DRAI,EA Series Trust Draco Evolution AI ETF,$35.1400,0.0700,0.19920318725099603%,up,42.67%
DRAM,Roundhill ETF Trust Roundhill Memory ETF,$52.8200,-1.5200,-2.8776978417266186%,down,90.27%
DRAY,Tidal Trust II YieldMax DKNG Option Income Strategy ETF,$17.5576,-0.0976,-0.5558846311568779%,down,-64.95%
DRGN,Themes ETF Trust Themes China Generative Artificial Intelligen,$37.3500,0.4300,1.1512717536813921%,up,43.04%
DRIP,Direxion Daily S&P Oil & Gas Exp. & Prod. Bear 2X ETF,$4.4400,-0.0500,-1.126126126126126%,down,-59.19%
DRIV,Global X Autonomous & Electric Vehicles ETF,$40.4052,0.9252,2.2898042826170886%,up,82.75%
DRLL,EA Series Trust Strive U.S. Energy ETF,$37.3600,0.1921,0.514186295503212%,up,42.31%
DRN,Direxion Daily Real Estate Bull 3X ETF,$10.9000,0.0300,0.27522935779816515%,up,21.65%
DRNZ,REX Drone ETF,$24.4800,0.6870,2.806372549019608%,up,0.19%
DRSK,Aptus Defined Risk ETF,$29.1600,0.0400,0.13717421124828533%,up,5.01%
DRUP,GraniteShares Nasdaq Select Disruptors ETF,$62.4327,0.7602,1.2176311452171698%,up,7.20%
DRV,Direxion Daily Real Estate Bear 3X ETF,$19.2400,0.0000,0%,unch,-30.14%
DSEP,FT Vest U.S. Equity Deep Buffer ETF - September,$47.0507,0.0807,0.17151710814079282%,up,15.36%
DSI,iShares ESG MSCI KLD 400 ETF,$141.2700,0.4000,0.283145749274439%,up,28.71%
DSMC,ETF Series Solutions Distillate Small/Mid Cash Flow ETF,$39.4794,0.6294,1.5942491527226859%,up,25.98%
DSPY,Tema ETF Trust Tema S&P 500  Historical Weight ETF Strategy,$64.2789,0.3884,0.6042418274114835%,up,26.30%
DSTL,Distillate U.S. Fundamental Stability & Value ETF,$59.4300,0.8000,1.3461214874642438%,up,11.35%
DSTX,Distillate International Fundamental Stability & Value ETF,$33.8300,-0.2497,-0.738102276086314%,down,25.80%
DTAN,EA Series Trust Sparkline International Intangible Value ETF,$32.6000,0.1254,0.38466257668711656%,up,16.38%
DTCR,Global X Data Center & Digital Infrastructure ETF,$30.4700,-0.0800,-0.2625533311453889%,down,75.82%
DTD,WisdomTree U.S. Total Dividend Fund,$92.8300,0.5400,0.5817084994075191%,up,21.89%
DTEC,ALPS ETF Trust ALPS Disruptive Technologies ETF,$48.7300,0.7300,1.4980504822491278%,up,4.63%
DTH,WisdomTree International High Dividend Fund,$56.4026,-0.4136,-0.7332995287451287%,down,24.13%
DTRE,First Trust Alerian Disruptive Technology Real Estate ETF,$42.8783,-0.0161,-0.037548130406289425%,down,9.74%
DUBS,ETF Series Solutions Aptus Large Cap Enhanced Yield ETF,$41.6400,0.1400,0.3362151777137368%,up,30.41%
DUG,ProShares UltraShort Energy,$17.5200,-0.1600,-0.9132420091324202%,down,-57.41%
DUHP,Dimensional ETF Trust Dimensional US High Profitability ETF,$40.6800,0.3800,0.9341199606686332%,up,20.11%
DUKH,Ocean Park High Income ETF,$23.9454,0.0216,0.09020521686837556%,up,0.16%
DUKQ,Northern Lights Fund Trust Ocean Park Domestic ETF,$30.6943,0.1843,0.6004372147271644%,up,25.36%
DUKX,Ocean Park International ETF,$28.0958,0.0185,0.06584614070430456%,up,22.21%
DUKZ,Northern Lights Fund Trust Ocean Park Diversified Income ETF,$25.3771,-0.0129,-0.05083323153551825%,down,3.90%
DULL,Bank Of Montreal MicroSectors Gold -3X Inverse Leveraged ETNs ,$56.7239,1.1343,1.9996861992916568%,up,-72.53%
DUNK,Tidal Trust I Dana Unconstrained Equity ETF,$23.9973,0.1291,0.5379771891004405%,up,-4.16%
DUOG,Leverage Shares 2X Long DUOL Daily ETF,$34.8259,0.4309,1.237297528563512%,up,-77.60%
DURA,VanEck Durable High Dividend ETF,$38.6952,0.4952,1.2797452914056522%,up,21.84%
DUSA,Davis Fundamental ETF Trust Davis Select U.S. Equity ETF,$55.9200,0.2700,0.48283261802575106%,up,30.38%
DUSB,Dimensional ETF Trust Dimensional Ultrashort Fixed Income ETF,$50.7800,0.0300,0.05907837731390311%,up,0.22%
DUSL,Direxion Daily Industrials Bull 3X ETF,$85.0200,1.7100,2.0112914608327452%,up,40.81%
DUST,Direxion Daily Gold Miners Index Bear 2X ETF,$54.7000,1.1600,2.1206581352833633%,up,-80.79%
DVAL,BrandywineGLOBAL-Dynamic US Large Cap Value ETF,$15.3282,0.1276,0.8324526036977596%,up,12.76%
DVDN,ETF Opportunities Trust Kingsbarn Dividend Opportunity ETF,$16.5258,-0.0719,-0.43507727311234556%,down,-23.74%
DVGR,DAC 3D Dividend Growth ETF,$26.3986,0.1247,0.47237353496018736%,up,5.51%
DVIN,WEBs Industrials XLI Defined Volatility ETF,$28.9901,0.2406,0.8299384962452699%,up,12.09%
DVLU,First Trust Dorsey Wright Momentum & Value ETF,$37.9892,0.5200,1.3688100828656566%,up,32.66%
DVND,Touchstone ETF Trust Touchstone Dividend Select ETF,$38.3227,0.3476,0.9070342120988346%,up,23.41%
DVOL,First Trust Dorsey Wright Momentum & Low Volatility ETF,$36.5766,0.1835,0.5016868708409202%,up,4.46%
DVQQ,WEBs QQQ Defined Volatility ETF,$31.6025,0.1774,0.5613479946206789%,up,47.58%
DVRE,WEBs Real Estate XLRE Defined Volatility ETF,$24.7628,0.0837,0.33800701051577364%,up,-1.51%
DVSP,WEBs SPY Defined Volatility ETF,$29.2055,0.2133,0.7303418876581466%,up,36.56%
DVUT,WEBs Utilities XLU Defined Volatility ETF,$27.3603,0.2903,1.0610263776347482%,up,10.85%
DVXB,WEBs Materials XLB Defined Volatility ETF,$27.2812,0.1873,0.6865533774174157%,up,8.30%
DVXC,WEBs Communication Services XLC Defined Volatility ETF,$26.7101,-0.2793,-1.045671861954841%,down,5.83%
DVXE,WEBs Energy XLE Defined Volatility ETF,$39.3344,0.1920,0.4881223560039049%,up,53.75%
DVXF,WEBs Financial XLF Defined Volatility ETF,$23.5869,0.1564,0.6630799299611225%,up,-6.92%
DVXK,WEBs Technology XLK Defined Volatility ETF,$36.2636,0.4442,1.2249197542439252%,up,43.70%
DVXP,WEBs Consumer Staples XLP Defined Volatility ETF,$25.7029,0.0760,0.29568647895762734%,up,2.62%
DVXV,WEBs Health Care XLV Defined Volatility ETF,$29.8838,0.5051,1.6902134266726452%,up,16.45%
DVXY,WEBs Consumer Discretionary XLY Defined Volatility ETF,$23.7144,0.1470,0.6198765307155145%,up,-5.83%
DVY,iShares Select Dividend ETF,$155.7600,1.6300,1.04648176682075%,up,19.76%
DVYA,iShares Asia / Pacific Dividend 30 Index Fund Exchange Traded ,$50.2526,-0.3574,-0.7112069823252927%,down,35.00%
DVYE,iShares Emerging Markets Dividend Index Fund Exchange Traded F,$34.2300,-0.0300,-0.0876424189307625%,down,20.95%
DWAS,Invesco Dorsey Wright SmallCap Momentum ETF,$113.5760,0.3766,0.3315841374938367%,up,41.47%
DWAW,AdvisorShares Dorsey Wright FSM All Cap World ETF,$49.5518,0.2267,0.45750103931643255%,up,24.40%
DWLD,Davis Fundamental ETF Trust Davis Select Worldwide ETF,$46.8900,-0.6300,-1.3435700575815739%,down,20.66%
DWM,WisdomTree International Equity Fund,$73.9397,-0.1656,-0.223966286041193%,down,18.78%
DWMF,WisdomTree International Multifactor Fund,$33.6376,-0.3011,-0.8951292601136823%,down,7.23%
DWSH,AdvisorShares Dorsey Wright Short ETF,$6.4850,-0.0850,-1.310717039321511%,down,-17.60%
DWUS,AdvisorShares Dorsey Wright FSM US Core ETF,$59.9942,0.3661,0.6102256551466642%,up,22.36%
DWX,State Street SPDR S&P International Dividend ETF,$46.8007,-0.3502,-0.7482794060772596%,down,12.72%
DXD,ProShares UltraShort Dow30,$18.5200,-0.2000,-1.079913606911447%,down,-31.28%
DXIV,Dimensional ETF Trust Dimensional International Vector Equity ,$71.9224,-0.1181,-0.1642047540126581%,down,28.64%
DXJ,WisdomTree Japan Hedged Equity Fund,$169.5900,0.4500,0.2653458340704051%,up,53.35%
DXUV,Dimensional ETF Trust Dimensional US Vector Equity ETF,$65.4500,0.3700,0.5653170359052712%,up,27.24%
DYFI,IDX Dynamic Fixed Income ETF,$22.7550,-0.0050,-0.021973192704900023%,down,-0.63%
DYLD,LeaderShares Dynamic Yield ETF,$22.3850,-0.0350,-0.15635470180924727%,down,-0.29%
DYLG,Global X Funds Global X Dow 30 Covered Call & Growth ETF,$27.2091,0.1491,0.5479784336857889%,up,8.16%
DYNB,Hartford Dynamic Bond ETF,$39.1972,0.0217,0.05536109722123008%,up,-1.90%
DYNF,iShares U.S. Equity Factor Rotation Active ETF,$66.6500,0.1400,0.21005251312828208%,up,29.72%
DYTA,SGI Dynamic Tactical ETF,$30.9944,0.0794,0.25617530908809333%,up,12.77%
DZZ,PowerShares DB Gold Double Short ETN,$2.0900,0.0200,0.9569377990430623%,up,12.67%
EAFG,Pacer Funds Trust Pacer Developed Markets Cash Cows Growth Lea,$25.6875,0.0925,0.36009732360097324%,up,23.66%
EAGG,iShares ESG Aware U.S. Aggregate Bond ETF,$47.1100,0.0300,0.06368074718743366%,up,1.20%
EAGL,The 2023 ETF Series Trust Eagle Capital Select Equity ETF,$32.8600,0.2200,0.6695069993913573%,up,15.30%
EALT,Innovator ETFs Trust Innovator U.S. Equity 5 to 15 Buffer ETF ,$35.5500,0.0325,0.09142053445850915%,up,12.46%
EAOA,iShares ESG Aware 80/20 Aggressive Allocation ETF,$44.6410,0.1179,0.26410698685065304%,up,21.75%
EAOK,iShares ESG Aware 30/70 Conservative Allocation ETF,$28.0635,0.0466,0.16605198923869083%,up,8.78%
EAOM,iShares ESG Aware 40/60 Moderate Allocation ETF,$31.0369,0.0269,0.08667102706778061%,up,11.46%
EAOR,iShares ESG Aware 60/40 Balanced Allocation ETF,$37.3302,0.0880,0.235734070538063%,up,16.61%
IBTL,iShares iBonds Dec 2031 Term Treasury ETF,$20.1055,-0.0095,-0.04725075228171396%,down,0.00%
IBTM,iShares iBonds Dec 2032 Term Treasury ETF,$22.5700,-0.0150,-0.06645990252547629%,down,0.13%
IBTO,iShares iBonds Dec 2033 Term Treasury ETF,$23.9850,0.0100,0.04169272461955389%,up,0.18%
IBTP,iShares iBonds Dec 2034 Term Treasury ETF,$25.2220,0.0270,0.10704940131631116%,up,0.61%
IBTQ,iShares iBonds Dec 2035 Term Treasury ETF,$24.9000,0.0547,0.21967871485943774%,up,0.94%
IBTR,iShares iBonds Dec 2036 Term Treasury ETF,$24.6500,0.0350,0.1419878296146045%,up,-0.61%
IBUF,Innovator International Developed 10 Buffer ETF - Quarterly,$30.7096,-0.0304,-0.0989918461979316%,down,12.00%
IBUY,Amplify ETF Trust Amplify Online Retail ETF,$65.5524,0.4609,0.7031016408247447%,up,-1.51%
IBX,Investment Managers Series Trust II Tradr 2X Long IBM Daily ET,$25.2100,-0.3650,-1.4478381594605314%,down,7.38%
ICAP,Infrastructure Capital Equity Income ETF,$28.4000,0.1200,0.4225352112676057%,up,15.31%
ICF,iShares Select U.S. REIT ETF,$68.3300,0.1200,0.17561832284501683%,up,13.58%
ICLN,iShares Global Clean Energy ETF,$22.4100,0.2300,1.0263275323516288%,up,79.86%
ICLO,Invesco Actively Managed Exchange-Traded Fund Trus Invesco AAA,$25.5000,-0.0200,-0.0784313725490196%,down,0.02%
ICOI,Bitwise Funds Trust Bitwise COIN Option Income Strategy ETF,$11.6100,-0.6700,-5.770887166236004%,down,-81.35%
ICOP,iShares Copper and Metals Mining ETF,$52.1400,-0.1500,-0.28768699654775604%,down,89.67%
ICOW,Pacer Developed Markets International Cash Cows 100 ETF,$44.8800,-0.3700,-0.8244206773618538%,down,35.63%
ICPY,The RBB Fund Trust Tweedy Browne International Insider + Valu,$12.2600,-0.0200,-0.1631321370309951%,down,22.84%
ICSH,iShares Ultra Short Duration Bond Active ETF,$50.5600,0.0100,0.019778481012658226%,up,-0.06%
ICVT,iShares Convertible Bond ETF,$118.3800,0.3900,0.3294475418144957%,up,36.37%
IDEC,Innovator ETFs Trust Innovator International Developed Power B,$33.9545,-0.0055,-0.016198147520947146%,down,15.79%
IDEF,iShares Defense Industrials Active ETF,$32.8200,0.3300,1.0054844606946984%,up,30.23%
IDEQ,Lazard Active ETF Trust Lazard International Dynamic Equity ET,$34.6300,-0.0800,-0.23101357204735776%,down,34.73%
IDEV,iShares Core MSCI International Developed Markets ETF,$89.6300,-0.1500,-0.16735468035256054%,down,20.62%
IDGT,iShares U.S. Digital Infrastructure and Real Estate ETF,$124.7000,3.6900,2.9591018444266237%,up,57.69%
IDHQ,Invesco S&P International Developed Quality ETF,$40.2700,-0.1800,-0.44698286565681644%,down,25.53%
IDLV,Invesco S&P International Developed Low Volatility ETF,$35.1785,-0.2414,-0.6862145912986626%,down,7.17%
IDMO,Invesco S&P International Developed Momentum ETF,$59.7500,-0.1400,-0.23430962343096237%,down,21.12%
IDNA,iShares Genomics Immunology and Healthcare ETF,$29.4500,-0.0300,-0.10186757215619695%,down,45.95%
IDOG,ALPS International Sector Dividend Dogs ETF,$43.6800,0.1500,0.3434065934065934%,up,30.19%
IDRV,iShares Self-Driving EV and Tech ETF,$42.7400,0.1817,0.4251286850725316%,up,37.56%
IDU,iShares U.S. Utilities ETF,$114.4800,0.8900,0.7774283717679944%,up,11.21%
IDUB,Aptus International Enhanced Yield ETF,$27.3400,-0.0300,-0.1097293343087052%,down,24.39%
IDV,iShares International Select Dividend ETF,$44.9500,-0.4200,-0.9343715239154615%,down,33.62%
IDVO,Amplify CWP International Enhanced Dividend Income ETF,$42.4400,-0.1500,-0.353440150801131%,down,27.64%
IDVY,First Trust International Rising Dividend Achievers ETF,$25.2343,-0.0688,-0.27264477318570357%,down,-0.63%
IDVZ,Polen International Dividend Income Fund,$35.1596,-0.1021,-0.2903901068271539%,down,21.72%
IDX,VanEck Indonesia Index ETF,$11.0400,0.0300,0.27173913043478265%,up,-24.69%
IDYN,BlackRock ETF Trust iShares International Equity Factor Rotati,$30.7022,-0.0778,-0.25340203633615827%,down,20.38%
IEDI,iShares U.S. Consumer Focused ETF,$55.1103,-0.0030,-0.005443628505016303%,down,3.23%
IEF,iShares 7-10 Year Treasury Bond ETF,$93.8800,0.0800,0.0852151682999574%,up,0.41%
IEFA,iShares Core MSCI EAFE ETF,$97.2200,-0.0800,-0.0822875951450319%,down,19.01%
IEI,iShares 3-7 Year Treasury Bond ETF,$117.1400,-0.0200,-0.017073587160662457%,down,-0.20%
IEMG,iShares Core MSCI Emerging Markets ETF,$80.5700,-0.0100,-0.01241156758098548%,down,40.88%
IEO,iShares U.S. Oil & Gas Exploration & Production ETF,$119.1400,1.0100,0.8477421520899782%,up,38.99%
IETC,iShares U.S. Tech Independence Focused ETF,$108.4400,0.7600,0.700848395426042%,up,25.84%
IEUR,iShares Core MSCI Europe ETF,$75.4900,-0.2100,-0.27818254073387205%,down,15.50%
IEUS,iShares MSCI Europe Small-Cap ETF,$73.0687,-0.0913,-0.12495090236996143%,down,13.20%
IEV,iShares Europe ETF,$72.7150,-0.2550,-0.3506841779550299%,down,15.48%
IEZ,iShares U.S. Oil Equipment & Services ETF,$31.9000,0.0100,0.031347962382445145%,up,96.79%
IFEB,Innovator ETFs Trust Innovator International Developed Power B,$31.0321,-0.0245,-0.07895050608885638%,down,10.91%
IFED,ETRACS IFED Invest with the Fed TR Index ETN,$43.8452,0.5663,1.2915895012452903%,up,2.87%
IFGL,iShares International Developed Real Estate ETF,$22.9150,-0.2428,-1.059567968579533%,down,7.38%
IFLN,Invesco Bloomberg Enhanced Fallen Angels ETF,$18.1700,0.0599,0.32966428178315904%,up,0.39%
IFLO,VictoryShares International Free Cash Flow ETF,$33.0400,-0.2100,-0.635593220338983%,down,30.01%
IFLR,Innovator ETFs Trust Innovator International Developed Managed,$52.2793,-0.0792,-0.15149399475509429%,down,7.93%
IFRA,iShares U.S. Infrastructure ETF,$60.9400,0.4400,0.7220216606498195%,up,29.27%
IFV,First Trust Dorsey Wright International Focus 5 ETF,$27.6077,-0.0597,-0.21624401887879108%,down,25.92%
IG,Principal Investment Grade Corporate Active ETF,$20.5251,0.0310,0.15103458692040478%,up,1.44%
IGBH,iShares Interest Rate Hedged Long-Term Corporate Bond ETF,$24.7117,0.0317,0.12827931708461984%,up,4.16%
IGCB,TCW Corporate Bond ETF,$45.5897,0.1397,0.30642886441454975%,up,1.11%
IGE,iShares North American Natural Resources ETF,$61.6100,0.1100,0.17854244440837527%,up,44.90%
IGEB,iShares Investment Grade Systematic Bond ETF,$44.8650,0.0750,0.16716817118020727%,up,1.25%
IGF,iShares Global Infrastructure ETF,$67.4000,-0.0900,-0.13353115727002965%,down,15.89%
IGGY,AB Active ETFs Inc. AB International Growth ETF,$27.7176,-0.2877,-1.0379686552948306%,down,-7.96%
IGHG,ProShares Investment Grade-Interest Rate Hedged,$78.7100,0.1186,0.15067971032905603%,up,1.38%
IGIB,iShares 5-10 Year Investment Grade Corporate Bond ETF,$52.8700,0.0400,0.07565727255532438%,up,1.83%
IGLB,iShares 10  Year Investment Grade Corporate Bond ETF,$49.4800,0.1800,0.36378334680679064%,up,3.23%
IGLD,FT Vest Gold Strategy Target Income ETF,$23.8500,-0.2000,-0.8385744234800838%,down,10.06%
IGM,iShares Expanded Tech Sector ETF,$157.1900,1.3800,0.8779184426490235%,up,54.32%
IGME,Bitwise Funds Trust Bitwise GME Option Income Strategy ETF,$22.5002,-0.9665,-4.295517373178906%,down,-55.06%
IGOV,iShares International Treasury Bond ETF,$41.4300,0.0000,0%,unch,0.53%
IGPT,Invesco AI and Next Gen Software ETF,$91.8200,0.7900,0.8603790023959922%,up,104.45%
IGRO,iShares International Dividend Growth ETF,$88.3568,-0.3132,-0.3544718686054723%,down,13.70%
IGSB,iShares 1-5 Year Investment Grade Corporate Bond ETF,$52.3200,0.0000,0%,unch,0.19%
IGTR,Innovator ETFs Trust Innovator Gradient Tactical Rotation Stra,$31.7545,0.4502,1.4177518147034278%,up,33.49%
IGV,iShares Expanded Tech-Software Sector ETF,$94.0100,1.5300,1.6274864376130198%,up,-8.47%
IHAK,iShares Cybersecurity and Tech ETF,$56.0300,1.4800,2.641442084597537%,up,8.27%
IHDG,WisdomTree International Hedged Quality Dividend Growth Fund,$50.6200,-0.1600,-0.3160806005531411%,down,12.92%
IHE,iShares U.S. Pharmaceutical ETF,$91.5100,1.0700,1.1692711179106108%,up,44.13%
IHF,iShares U.S. Health Care Providers ETF,$50.6600,0.4600,0.908014212396368%,up,9.13%
IHI,iShares U.S. Medical Devices ETF,$50.5700,0.0300,0.059323709709313825%,up,-16.93%
IHY,VanEck International High Yield Bond ETF,$21.7300,-0.0250,-0.11504832029452369%,down,1.40%
IIGD,Invesco Investment Grade Defensive ETF,$24.4212,-0.0054,-0.02211193553142352%,down,0.00%
IJAN,Innovator International Developed Power Buffer ETF January,$37.6797,-0.0208,-0.055202138021268755%,down,12.51%
IJH,iShares Core S&P Mid-Cap ETF,$73.5000,0.6000,0.8163265306122449%,up,23.12%
IJJ,iShares S&P Mid-Cap 400 Value ETF,$140.9500,1.0700,0.7591344448385953%,up,18.68%
IJK,iShares S&P Mid-Cap 400 Growth ETF,$111.8300,0.9800,0.8763301439685237%,up,27.72%
IJR,iShares Core S&P Small-Cap ETF,$137.4000,1.1300,0.8224163027656476%,up,31.43%
IJS,iShares S&P SmallCap 600 Value ETF,$129.4400,1.1200,0.8652657601977751%,up,36.20%
IJT,iShares S&P SmallCap 600 Growth ETF,$161.9300,1.3500,0.8336935712962391%,up,27.14%
IJUL,Innovator International Developed Power Buffer ETF  July,$35.2433,-0.0298,-0.08455507855393792%,down,14.14%
IJUN,Innovator International Developed Power Buffer ETF  June,$30.9200,-0.0210,-0.06791720569210867%,down,14.35%
ILCB,iShares Morningstar Large-Cap ETF,$103.2273,0.4373,0.4236282456288211%,up,27.71%
ILCG,iShares Morningstar Large-Cap Growth ETF,$115.5900,0.1700,0.14707154598148628%,up,28.60%
ILCV,iShares Morningstar Large-Cap  Value ETF,$101.5400,0.6466,0.6367933819184557%,up,26.86%
ILDR,First Trust Innovation Leaders ETF,$37.7100,0.2000,0.5303632988597189%,up,43.94%
ILF,iShares Latin America 40 ETF,$34.9300,-0.3000,-0.8588605782994561%,down,36.61%
ILIT,iShares Lithium Miners and Producers ETF,$20.1700,0.0330,0.16360932077342588%,up,171.47%
ILOW,AB Active ETFs Inc. AB International Low Volatility Equity ET,$45.1400,-0.2081,-0.46101019051838726%,down,11.71%
ILS,ETF Opportunities Trust Brookmont Catastrophic Bond ETF,$19.7800,-0.0800,-0.4044489383215369%,down,-1.40%
ILTB,iShares Core 10  Year USD Bond ETF,$48.5000,0.1700,0.35051546391752575%,up,2.56%
IMAR,Innovator ETFs Trust Innovator International Developed Power B,$30.1700,-0.0500,-0.16572754391779912%,down,9.34%
IMAY,Innovator International Developed Power Buffer ETF - May,$31.5100,0.0050,0.015867978419549348%,up,13.77%
IMCB,iShares Morningstar Mid-Cap ETF,$92.1300,0.8100,0.8791924454575057%,up,20.67%
IMCG,iShares Morningstar Mid-Cap Growth ETF,$91.3500,0.8400,0.9195402298850576%,up,19.15%
IMCV,iShares Morningstar Mid-Cap Value ETF,$89.5950,0.8337,0.9305206763770301%,up,22.13%
IMF,Invesco Managed Futures Strategy ETF,$52.3674,-0.0023,-0.004392045432845625%,down,18.99%
IMOM,Alpha Architect International Quantitative Momentum ETF,$44.8591,-0.0009,-0.0020062818915225675%,down,44.85%
IMRA,Bitwise Funds Trust Bitwise MARA Option Income Strategy ETF,$17.5200,0.0075,0.04280821917808219%,up,-70.20%
IMST,Bitwise Funds Trust Bitwise MSTR Option Income Strategy ETF,$10.7600,-0.5300,-4.925650557620818%,down,-81.95%
IMTB,iShares Core 5-10 Year USD Bond ETF,$43.4000,0.0500,0.1152073732718894%,up,1.81%
IMTM,iShares MSCI Intl Momentum Factor ETF,$52.7800,0.0300,0.0568397120121258%,up,19.68%
IMVP,Invesco India ETF,$20.9000,0.0400,0.19138755980861244%,up,-20.14%
INCE,Franklin Income Equity Focus ETF,$67.5001,0.5121,0.7586655427177145%,up,22.44%
INCM,Franklin Templeton ETF Trust Franklin Income Focus ETF,$29.3800,0.1000,0.34036759700476515%,up,11.54%
INCO,Columbia India Consumer ETF,$57.8000,0.1800,0.31141868512110726%,up,-9.12%
IND,Xtrackers Nifty 500 India ETF,$22.2629,0.1879,0.8440050487582482%,up,-11.66%
INDA,iShares MSCI India ETF,$48.3900,0.3600,0.7439553626782393%,up,-10.04%
INDE,Matthews International Funds Matthews India Active ETF,$26.9240,0.2058,0.7643737928985292%,up,-6.73%
INDH,WisdomTree India Hedged Equity Fund,$39.2340,-0.0517,-0.1317734617933425%,down,-8.18%
INDL,Direxion Daily MSCI India Bull 2X ETF,$43.8000,0.5619,1.2828767123287672%,up,-26.40%
INDS,Pacer Industrial Real Estate ETF,$40.0720,0.0101,0.025204631663006585%,up,11.81%
INDY,iShares India 50 ETF,$42.5500,0.2100,0.49353701527614574%,up,-19.40%
INEQ,Columbia International Equity Income ETF,$40.3100,-0.1975,-0.4899528652939717%,down,17.99%
INFL,Horizon Kinetics Inflation Beneficiaries ETF,$53.2700,0.1700,0.31912896564670545%,up,27.47%
INFO,Harbor ETF Trust Harbor PanAgora Dynamic Large Cap Core ETF,$26.8894,0.1494,0.5556092735427344%,up,30.46%
INKM,State Street Income Allocation ETF,$34.5400,0.0500,0.1447596988998263%,up,8.47%
INMU,iShares Intermediate Muni Income Active ETF,$23.9200,-0.0100,-0.04180602006688963%,down,2.93%
INOV,Innovator ETFs Trust Innovator International Developed Power B,$36.3410,-0.0499,-0.13731047577116756%,down,15.20%
INQQ,INQQ The India Internet ETF,$12.1940,0.0340,0.2788256519599803%,up,-22.11%
INRO,iShares U.S. Industry Rotation Active ETF,$35.7592,0.1630,0.4558267522763373%,up,31.34%
INTF,iShares International Equity Factor ETF,$41.3300,-0.1400,-0.33873699491894516%,down,23.30%
INTM,Invesco Intermediate Municipal ETF,$51.5600,0.0300,0.05818463925523661%,up,3.15%
INTW,GraniteShares 2x Long INTC Daily ETF,$326.9500,6.2800,1.9207829943416426%,up,1798.66%
INVG,The 2023 ETF Series Trust II GMO Systematic Investment Grade C,$25.3309,0.0349,0.13777639167972713%,up,0.48%
INVN,The Alger ETF Trust Alger Russell Innovation ETF,$20.8802,0.5960,2.8543787894751964%,up,12.87%
IOCT,Innovator International Developed Power Buffer ETF - October,$36.5467,-0.0618,-0.16909871479504304%,down,14.08%
ION,ProShares Trust ProShares S&P Global Core Battery Metals ETF,$60.1641,1.0387,1.7264448400291867%,up,119.74%
IONL,GraniteShares 2x Long IONQ Daily ETF,$43.1900,5.8903,13.638110673767075%,up,-27.50%
IONX,Defiance Daily Target 2X Long IONQ ETF,$82.0000,11.1100,13.548780487804878%,up,-35.88%
IONZ,Defiance Daily Target 2X Short IONQ ETF,$2.4200,-0.4600,-19.00826446280992%,down,-98.02%
IOO,iShares Global 100 ETF,$141.5700,-0.1600,-0.11301829483647666%,down,39.23%
IOPP,Simplify Exchange Traded Funds Simplify Tara India Opportuniti,$24.8720,0.2250,0.9046317143776134%,up,-5.91%
IOYY,GraniteShares YieldBOOST IONQ ETF,$9.1600,0.0297,0.324235807860262%,up,-62.20%
IPAC,iShares Core MSCI Pacific ETF,$81.8900,0.0100,0.012211503236048358%,up,23.74%
IPAV,Global X Funds Global X Infrastructure Development ex-U.S. ETF,$33.4950,0.0300,0.08956560680698612%,up,27.91%
IPAY,Amplify Digital Payments ETF,$45.2402,-0.1098,-0.242704497327598%,down,-19.38%
IPKW,Invesco International BuyBack Achievers ETF,$58.5872,-0.2978,-0.5083021547368708%,down,23.73%
IPO,Renaissance IPO ETF,$53.0600,0.2200,0.4146249528835281%,up,23.68%
IPOS,Renaissance Capital Greenwich Fund,$21.6330,-0.0604,-0.27920306938473627%,down,53.71%
IQDF,FlexShares International Quality Dividend Index Fund,$34.4400,-0.1700,-0.4936120789779327%,down,28.96%
IQDG,WisdomTree International Quality Dividend Growth Fund,$42.5300,-0.0100,-0.02351281448389372%,down,11.02%
IQDY,FlexShares International Quality Dividend Dynamic Index Fund,$42.0002,0.0300,0.0714282312941367%,up,33.51%
IQHI,NYLI MacKay High Income ETF,$25.9650,0.0400,0.154053533602927%,up,0.17%
IQLT,iShares MSCI Intl Quality Factor ETF,$49.3700,-0.1300,-0.26331780433461616%,down,16.19%
IQM,Franklin Intelligent Machines ETF,$114.0444,0.9874,0.8658031433371565%,up,67.71%
IQQQ,ProShares Nasdaq-100 High Income ETF,$49.7555,0.2100,0.4220638924340023%,up,29.97%
IQRA,NYLI CBRE Real Assets ETF,$30.4623,-0.0348,-0.1142395682532179%,down,13.32%
IQSI,NYLI Candriam International Equity ETF,$37.9411,0.0102,0.026883775114585503%,up,16.25%
IQSM,NYLI Candriam U.S. Mid Cap Equity ETF,$37.8263,0.2795,0.7389038843344445%,up,20.92%
IQSU,NYLI Candriam U.S. Large Cap Equity ETF,$60.8211,0.4054,0.6665449983640546%,up,28.08%
IQSZ,Invesco Global Equity Net Zero ETF,$31.2326,0.0612,0.19594910446136407%,up,25.08%
IREG,Leverage Shares 2X Long IREN Daily ETF,$22.5300,-0.9900,-4.394141145139813%,down,41.43%
IREX,Investment Managers Series Trust II Tradr 2X Long IREN Daily E,$40.3000,-1.9900,-4.937965260545906%,down,-53.39%
IREZ,Investment Managers Series Trust II Tradr 2X Short IREN Daily ,$6.9000,0.2700,3.913043478260869%,up,-74.14%
IROC,Invesco Rochester High Yield Municipal ETF,$50.3787,0.0861,0.1709055612788738%,up,0.96%
IRTR,iShares Trust iShares LifePath Retirement ETF,$31.8782,0.0688,0.215821470471984%,up,11.01%
IRVH,Global X Funds Global X Interest Rate Volatility & Inflation H,$19.5850,-0.0377,-0.1924942558080163%,down,-6.40%
ISCB,iShares Morningstar Small-Cap ETF,$71.4866,0.5614,0.7853220044036225%,up,28.87%
ISCF,iShares International Small-Cap Equity Factor ETF,$44.7300,-0.0300,-0.0670690811535882%,down,20.92%
ISCG,iShares Morningstar Small-Cap Growth ETF,$61.6700,0.3800,0.6161829090319442%,up,31.52%
ISCV,iShares Morningstar Small-Cap Value ETF,$74.6500,0.5600,0.7501674480910918%,up,26.61%
ISEP,Innovator ETFs Trust Innovator International Developed Power B,$34.1400,-0.0500,-0.14645577035735208%,down,13.42%
ISHG,iShares 1-3 Year International Treasury Bond ETF,$75.3000,-0.0600,-0.0796812749003984%,down,2.07%
ISHP,First Trust S-Network E-Commerce ETF,$33.7881,-0.2297,-0.6798251455394059%,down,-10.97%
ISMD,Inspire Small/Mid Cap ETF,$46.1300,0.5700,1.2356384131801428%,up,36.40%
ISMF,BlackRock ETF Trust iShares Managed Futures Active ETF,$28.3702,-0.0307,-0.10821213808855772%,down,14.91%
ISPY,ProShares Trust ProShares S&P 500 High Income ETF,$48.2000,-0.2000,-0.41493775933609955%,down,20.02%
ISRA,VanEck Israel ETF,$69.0426,0.5905,0.8552690657651943%,up,50.16%
ISTB,iShares Core 1-5 Year USD Bond ETF,$48.1900,0.0100,0.020751193193608634%,up,0.02%
ISUL,GraniteShares 2x Long ISRG Daily ETF,$21.0822,-0.1562,-0.7409093927578716%,down,-12.48%
ISVL,iShares Trust iShares International Developed Small Cap Value ,$51.8510,-0.2890,-0.5573662995892075%,down,28.53%
ISWN,Amplify BlackSwan ISWN ETF,$22.1044,-0.0373,-0.16874468431624473%,down,11.09%
ITA,iShares U.S. Aerospace & Defense ETF,$225.3700,2.2200,0.9850468119093048%,up,32.41%
ITAN,Sparkline Intangible Value ETF,$41.3574,0.6756,1.63356497265302%,up,34.68%
ITB,iShares U.S. Home Construction ETF,$90.9700,0.1500,0.16488952401890733%,up,0.91%
ITDB,iShares Trust iShares LifePath Target Date 2030 ETF,$34.6967,0.0665,0.19166087841206803%,up,14.81%
ITDC,iShares Trust iShares LifePath Target Date 2035 ETF,$36.2493,0.0493,0.1360026262576105%,up,17.65%
ITDD,iShares Trust iShares LifePath Target Date 2040 ETF,$38.0215,0.0899,0.2364451691805952%,up,20.78%
ITDE,iShares Trust iShares LifePath Target Date 2045 ETF,$39.4931,0.0631,0.1597747454618655%,up,23.56%
ITDF,iShares Trust iShares LifePath Target Date 2050 ETF,$40.8993,0.1145,0.27995589166562757%,up,26.04%
ITDG,iShares Trust iShares LifePath Target Date 2055 ETF,$41.5745,0.1091,0.2624204740886842%,up,27.49%
ITDH,iShares Trust iShares LifePath Target Date 2060 ETF,$41.5864,0.1096,0.2635476982859781%,up,27.49%
ITDI,iShares Trust iShares LifePath Target Date 2065 ETF,$41.5626,0.0826,0.198736363942583%,up,27.46%
ITDJ,iShares Trust iShares LifePath Target Date 2070 ETF,$32.3165,0.0851,0.2633329723206412%,up,27.74%
ITEQ,Amplify ETF Trust Amplify BlueStar Israel Technology ETF,$65.8734,0.7638,1.1594968530544956%,up,27.62%
ITM,VanEck ETF Trust VanEck Intermediate Muni ETF,$46.4800,0.0400,0.08605851979345956%,up,3.13%
ITOT,iShares Core S&P Total U.S. Stock Market ETF,$162.9300,0.7800,0.47873319830602096%,up,27.97%
ITWO,ProShares Trust ProShares Russell 2000 High Income ETF,$44.4300,0.4100,0.9227999099707405%,up,29.40%
IUS,Invesco RAFI Strategic US ETF,$65.0491,0.4869,0.7485115089985872%,up,31.89%
IUSB,iShares Core Universal USD Bond ETF,$45.8800,0.0600,0.13077593722755013%,up,1.39%
IUSG,iShares Core S&P U.S. Growth ETF,$186.6400,0.0600,0.03214744963566224%,up,33.40%
IUSV,iShares Core S&P U.S. Value ETF,$110.3500,0.9193,0.8330765745355687%,up,21.48%
IVAL,Alpha Architect International Quantitative Value ETF,$35.0676,-0.1874,-0.534396422908896%,down,28.59%
IVE,iShares S&P 500 Value ETF,$228.0300,1.8800,0.824452922861027%,up,21.68%
IVES,Wedbush Series Trust Dan IVES Wedbush AI Revolution ETF,$37.2500,0.1500,0.40268456375838924%,up,46.77%
IVLU,iShares MSCI Intl Value Factor ETF,$42.6600,-0.0500,-0.11720581340834506%,down,30.78%
IVOG,Vanguard S&P Mid-Cap 400 Growth ETF,$139.2000,1.3700,0.9841954022988506%,up,27.86%
IVOL,Quadratic Interest Rate Volatility and Inflation Hedge ETF,$17.8900,-0.1200,-0.6707657909446618%,down,-8.63%
IVOO,Vanguard S&P Mid-Cap 400 ETF,$124.4300,1.0800,0.8679578879691392%,up,23.22%
IVOV,Vanguard S&P Mid-Cap 400 Value ETF,$108.5407,0.8007,0.7376956293814209%,up,18.71%
IVRS,iShares Trust iShares Future Metaverse Tech and Communications,$32.8678,0.1521,0.4627629473223033%,up,-5.92%
IVSI,Applied Finance IVS International Large ETF,$28.2252,-0.0833,-0.29512634100024093%,down,10.33%
IVSS,Applied Finance IVS US SMID ETF,$27.9503,0.1704,0.6096535636469018%,up,10.75%
IVSX,Applied Finance IVS International SMID ETF,$24.6353,-0.1133,-0.45990915474948546%,down,-2.57%
IVV,iShares Core S&P 500 ETF,$749.1400,2.9600,0.39511973729876926%,up,27.89%
IVVB,iShares Large Cap Deep Quarterly Laddered ETF,$34.4800,0.0500,0.14501160092807425%,up,14.55%
IVVM,iShares Large Cap Moderate Quarterly Laddered ETF,$36.7390,0.0290,0.07893519148588694%,up,16.78%
IVVW,iShares Trust iShares S&P 500 BuyWrite ETF,$44.6400,0.1300,0.29121863799283154%,up,0.08%
IVW,iShares S&P 500 Growth ETF,$136.6200,-0.0100,-0.007319572536963841%,down,33.69%
IWB,iShares Russell 1000 ETF,$406.6300,1.6800,0.4131520055086934%,up,27.00%
IWC,iShares Microcap ETF,$186.7600,1.4500,0.7763975155279503%,up,58.23%
IWD,iShares Russell 1000 Value ETF,$236.3200,1.6200,0.6855111712931619%,up,26.60%
IWDL,ETRACS 2x Leveraged US Value Factor TR ETN,$59.4496,0.7904,1.3295295510819247%,up,54.89%
IWF,iShares Russell 1000 Growth ETF,$125.0000,0.3200,0.256%,up,26.75%
IWFG,NYLI Winslow Focused Large Cap Growth ETF,$53.8756,0.0412,0.0764724661999124%,up,13.97%
IWFL,ETRACS 2x Leveraged US Growth Factor TR ETN,$61.5492,0.3301,0.5363189123497949%,up,46.50%
IWL,iShares Russell Top 200 ETF,$185.3900,0.6600,0.35600625707966993%,up,28.78%
IWLG,NYLI Winslow Large Cap Growth ETF,$55.8600,-0.0100,-0.01790189760114572%,down,18.03%
IWM,iShares Russell 2000 ETF,$285.1200,2.6300,0.9224186307519641%,up,40.31%
IWMI,NEOS ETF Trust NEOS Russell 2000 High Income ETF,$51.4400,0.2800,0.5443234836702956%,up,18.17%
IWML,ETRACS 2x Leveraged US Size Factor TR ETN,$30.6066,0.5197,1.6979997778256979%,up,83.82%
IWMW,iShares Trust iShares Russell 2000 BuyWrite ETF,$38.6430,0.2930,0.7582227052765054%,up,1.60%
IWMY,Defiance R2000 Weekly Distribution ETF,$19.5200,0.1700,0.8709016393442623%,up,-17.98%
IWN,iShares Russell 2000 Value ETF,$211.3100,1.5200,0.7193223226539208%,up,41.47%
IWO,iShares Russell 2000 Growth ETF,$372.3400,4.2800,1.149487027985175%,up,39.33%
IWP,iShares Russell Midcap Growth ETF,$139.4400,1.6200,1.161790017211704%,up,6.57%
IWR,iShares Russell Mid-Cap ETF,$105.9200,0.9200,0.8685800604229608%,up,20.31%
IWS,iShares Russell Mid-Cap Value ETF,$158.6200,1.0800,0.6808725255327197%,up,24.68%
IWV,iShares Russell 3000 ETF,$422.5000,1.8500,0.4378698224852071%,up,27.55%
IWX,iShares Russell Top 200 Value ETF,$103.0900,0.6800,0.6596178096808614%,up,27.67%
IWY,iShares Russell Top 200 Growth ETF,$293.3600,0.5300,0.1806653940550859%,up,27.77%
IXC,iShares Global Energy ETF,$56.1500,0.0900,0.16028495102404275%,up,48.23%
IXG,iShares Global Financial ETF,$122.1900,-0.2967,-0.2428185612570587%,down,13.40%
IXJ,iShares Global Healthcare ETF,$94.8400,0.7100,0.7486292703500632%,up,12.56%
IXN,iShares Global Tech ETF,$135.3300,0.8200,0.6059262543412399%,up,61.65%
IXP,iShares Global Comm Services ETF,$123.2602,-0.3198,-0.25945114481397885%,down,17.92%
IXUS,iShares Core MSCI Total International Stock ETF,$94.9900,-0.1400,-0.14738393515106857%,down,26.65%
IYC,iShares U.S. Consumer Discretionary ETF,$102.1800,0.1400,0.13701311411235076%,up,6.39%
IYE,iShares U.S. Energy ETF,$62.9800,0.3000,0.476341695776437%,up,45.15%
IYF,iShares U.S. Financial ETF,$123.7900,0.3900,0.3150496809112206%,up,8.03%
IYG,iShares U.S. Financial Services ETF,$87.5500,0.3500,0.3997715591090805%,up,8.07%
IYH,iShares U.S. Healthcare ETF,$62.9800,0.6900,1.095585900285805%,up,15.33%
IYJ,iShares U.S. Industrials ETF,$156.1400,1.1400,0.7301140002561803%,up,14.03%
IYK,iShares U.S. Consumer Staples ETF,$72.8800,0.3800,0.5214050493962679%,up,3.77%
IYLD,iShares Morningstar Multi-Asset Income ETF,$22.1602,0.0302,0.13628035848051914%,up,8.99%
IYM,iShares U.S. Basic Materials ETF,$181.6400,1.2600,0.693679806210086%,up,36.65%
IYR,iShares U.S. Real Estate ETF,$102.7200,0.1600,0.1557632398753894%,up,11.48%
IYRI,NEOS ETF Trust NEOS Real Estate High Income ETF,$49.3300,0.0500,0.10135819987837016%,up,1.17%
IYT,iShares Trust iShares U.S. Transportation ETF,$81.4500,0.0800,0.09821976672805402%,up,24.08%
IYW,iShares U.S. Technology ETF,$241.7700,1.6900,0.6990114571700377%,up,53.92%
IYY,iShares Dow Jones U.S. ETF,$181.0700,0.6800,0.3755453691942343%,up,27.45%
IYZ,iShares U.S. Telecommunications ETF,$44.7000,0.5100,1.1409395973154361%,up,59.07%
IZRL,ARK Israel Innovative Technology ETF,$31.1412,0.4312,1.384660835163706%,up,30.78%
JAAA,Janus Henderson AAA CLO ETF,$50.6900,0.0300,0.05918327086210298%,up,0.14%
JABS,Janus Detroit Street Trust Janus Henderson Asset-Backed Securi,$49.9314,-0.0036,-0.00720989197178529%,down,-0.30%
JADE,J.P. Morgan Exchange-Traded Fund Trust JPMorgan Active Develop,$76.2532,-0.0277,-0.036326344337024544%,down,47.22%
JAJL,Innovator Equity Defined Protection ETF - 6mo Jan/Jul,$29.7400,0.0100,0.03362474781439139%,up,8.22%
JANH,Innovator ETFs Trust Innovator Premium Income 20 Barrier ETF -,$24.9897,0.0168,0.06722769781149834%,up,1.70%
JANJ,Innovator ETFs Trust Innovator Premium Income 30 Barrier ETF -,$24.9047,0.0117,0.04697908426923432%,up,1.01%
JANM,First Trust Exchange-Traded Fund VIII FT Vest U.S. Equity Max ,$33.7450,0.0350,0.10371906949177657%,up,8.17%
JANP,PGIM S&P 500 Buffer 12 ETF - January,$34.3100,-0.1000,-0.2914602156805596%,down,18.18%
JANT,AllianzIM U.S. Large Cap Buffer10 Jan ETF,$43.6800,0.0922,0.2110805860805861%,up,20.68%
JANU,AIM ETF Products Trust AllianzIM U.S. Equity Buffer15 Uncapped,$30.0980,0.1033,0.3432121735663499%,up,20.67%
JANW,AllianzIM U.S. Large Cap Buffer20 Jan ETF,$38.4601,0.0344,0.08944334518110977%,up,13.42%
JANZ,TrueShares Structured Outcome (January) ETF,$40.8361,0.1468,0.3594858470813814%,up,19.52%
JAPN,Horizon Kinetics Japan Owner Operator ETF,$22.7350,0.0400,0.17594018033868486%,up,-11.93%
JAVA,JPMorgan Active Value ETF,$76.6900,0.4300,0.5606989177206937%,up,22.68%
JBBB,Janus Detroit Street Trust Janus Henderson B-BBB CLO ETF,$47.4500,0.0900,0.18967334035827185%,up,-1.52%
JBND,J.P. Morgan Exchange-Traded Fund Trust JPMorgan Active Bond ET,$53.2300,0.1200,0.22543678376855159%,up,1.41%
JCHI,J.P. Morgan Exchange-Traded Fund Trust JPMorgan Active China E,$54.6243,-0.2023,-0.37034799530611834%,down,12.88%
JCPB,JPMorgan Core Plus Bond ETF,$46.6550,0.0550,0.11788661451077055%,up,1.34%
JCPI,JPMorgan Inflation Managed Bond ETF,$48.2170,-0.0330,-0.06844059149262709%,down,1.23%
JDIV,J.P. Morgan Exchange-Traded Fund Trust JPMorgan Dividend Leade,$56.0816,0.1177,0.2098727568400331%,up,13.10%
JDOC,JPMorgan Healthcare Leaders ETF,$56.6700,0.3897,0.6876654314452091%,up,16.00%
JDST,Direxion Daily Junior Gold Miners Index Bear 2X ETF,$36.5300,0.4900,1.341363263071448%,up,-84.44%
JDVI,John Hancock Exchange-Traded Fund Trust John Hancock Disciplin,$38.8818,-0.2182,-0.5611880108431194%,down,29.96%
JDVL,John Hancock Exchange-Traded Fund Trust John Hancock Disciplin,$29.8300,0.2065,0.6922561180020114%,up,19.73%
JEDI,ETF Series Solutions Defiance Drone and Modern Warfare ETF,$33.7300,2.2000,6.522383634746518%,up,33.79%
JEMA,JPMorgan ActiveBuilders Emerging Markets Equity ETF,$60.7600,-0.1700,-0.27978933508887427%,down,49.40%
JEMB,Janus Detroit Street Trust Janus Henderson Emerging Markets De,$53.1851,0.0900,0.16922032674564869%,up,5.32%
JEPI,JPMorgan Equity Premium Income ETF,$56.3300,0.2500,0.4438132433871827%,up,1.08%
JEPQ,JPMorgan Nasdaq Equity Premium Income ETF,$60.2100,0.1000,0.16608536787908984%,up,15.28%
JETD,Bank Of Montreal MAX Airlines -3X Inverse Leveraged ETNs,$3.5700,-0.1000,-2.801120448179272%,down,-65.80%
JETS,U.S. Global Jets ETF,$27.1300,0.1300,0.4791743457427203%,up,22.76%
JETU,Bank Of Montreal MAX Airlines 3X Leveraged ETNs,$28.7267,0.6637,2.310394162921602%,up,53.06%
JFLI,J.P. Morgan Exchange-Traded Fund Trust JPMorgan Flexible Incom,$53.6366,0.1066,0.19874488688693914%,up,11.72%
JFLX,J.P. Morgan Exchange-Traded Fund Trust JPMorgan Flexible Debt ,$49.9500,0.0000,0%,unch,-0.55%
JGLO,JPMorgan Global Select Equity ETF,$70.8500,-0.1000,-0.14114326040931546%,down,16.03%
JGRO,J.P. Morgan Exchange-Traded Fund Trust JPMorgan Active Growth ,$97.2000,0.1700,0.17489711934156377%,up,21.88%
JGRW,Trust for Professional Managers Jensen Quality Growth ETF,$26.9500,0.0700,0.25974025974025977%,up,3.56%
JHAC,John Hancock Exchange-Traded Fund Trust John Hancock Fundament,$14.9304,0.0577,0.3864598403257783%,up,9.02%
JHAI,Janus Henderson Global Artificial Intelligence ETF,$32.8748,0.0085,0.025855670604840182%,up,32.44%
JHCB,John Hancock Corporate Bond ETF,$21.1641,0.0154,0.07276472895138465%,up,1.13%
JHCP,John Hancock Exchange-Traded Fund Trust John Hancock Core Plus,$25.0000,0.0500,0.2%,up,1.55%
JHCR,John Hancock Exchange-Traded Fund Trust John Hancock Core Bond,$25.2300,0.1105,0.43797066983749505%,up,2.16%
JHDV,John Hancock Exchange-Traded Fund Trust John Hancock U.S. High,$46.0373,0.2521,0.5475994465357439%,up,31.10%
QB,ProShares Nasdaq-100 Dynamic Buffer ETF,$46.3456,-0.0444,-0.09580197472899263%,down,15.31%
QBER,Elevation Series Trust TrueShares Quarterly Bear Hedge ETF,$23.7900,-0.0100,-0.042034468263976464%,down,-3.84%
QBF,Innovator ETFs Trust Innovator Uncapped Bitcoin 20 Floor ETF -,$18.3420,-0.3314,-1.8067822483916696%,down,-31.48%
QBIG,Invesco Top QQQ ETF,$42.0046,-0.1295,-0.30829956719026014%,down,40.69%
QBSF,AIM ETF Products Trust AllianzIM U.S. Equity Buffer15 ETF,$26.8500,0.0250,0.0931098696461825%,up,7.14%
QBTX,Tradr 2X Long QBTS Daily ETF,$25.4900,5.6100,22.008630835621815%,up,-79.86%
QBTZ,Defiance Daily Target 2x Short QBTS ETF,$3.5100,-1.5300,-43.58974358974359%,down,-93.88%
QBUF,Innovator Nasdaq-100 10 Buffer ETF Quarterly,$30.6200,0.0150,0.048987589810581315%,up,12.02%
QBUL,Elevation Series Trust TrueShares Quarterly Bull Hedge ETF,$24.2948,0.0565,0.23256005400332586%,up,-3.04%
QBY,GraniteShares YieldBoost QBTS ETF,$8.9350,0.0289,0.32344711807498594%,up,-63.50%
QCAP,First Trust Exchange-Traded Fund VIII FT Vest Nasdaq-100 Conse,$24.7990,0.0390,0.15726440582281542%,up,11.66%
QCJA,First Trust Exchange-Traded Fund VIII FT Vest Nasdaq-100 Conse,$23.2331,0.0331,0.1424691496184323%,up,16.69%
QCJL,First Trust Exchange-Traded Fund VIII FT Vest Nasdaq-100 Conse,$24.8800,0.0300,0.12057877813504823%,up,16.42%
QCLN,First Trust NASDAQ Clean Edge Green Energy Index Fund,$63.4000,1.3000,2.050473186119874%,up,108.01%
QCLR,Global X Nasdaq 100 Collar 95-110 ETF,$28.7150,0.0250,0.08706251088281386%,up,-1.16%
QCMD,Direxion Daily QCOM Bear 1X ETF,$13.8146,-1.8054,-13.068782302781115%,down,-44.73%
QCML,GraniteShares 2x Long QCOM Daily ETF,$35.7200,6.7600,18.924972004479283%,up,108.77%
QCMU,Direxion Daily QCOM Bull 2X ETF,$44.2800,8.2700,18.676603432700993%,up,77.08%
QCOC,First Trust Exchange-Traded Fund VIII FT Vest Nasdaq-100 Conse,$23.7450,0.0300,0.12634238787113075%,up,15.71%
QDEC,FT Vest Nasdaq-100 Buffer ETF - December,$35.3100,0.0500,0.14160294534126308%,up,26.42%
QDEF,FlexShares Quality Dividend Defensive Index Fund,$87.7375,0.5148,0.5867502493232655%,up,23.63%
QDF,FlexShares Quality Dividend Index Fund,$88.7860,0.5160,0.5811727074088258%,up,27.62%
QDIV,Global X S&P 500 Quality Dividend ETF,$37.4251,0.5049,1.3490945915976176%,up,12.44%
QDPL,Pacer Metaurus US Large Cap Dividend Multiplier 400 ETF,$45.7100,0.1900,0.41566396849704657%,up,21.25%
QDTE,Roundhill Innovation-100 0DTE Covered Call Strategy ETF,$31.3600,0.1500,0.47831632653061223%,up,-7.19%
QDTY,YieldMax Nasdaq 100 0DTE Covered Call Strategy ETF,$42.3900,0.3700,0.8728473696626563%,up,1.00%
QDVO,Amplify ETF Trust Amplify CWP Growth & Income ETF,$30.6700,-0.0100,-0.032605151613955004%,down,17.04%
QEFA,State Street SPDR MSCI EAFE StrategicFactors ETF,$97.6800,-0.3900,-0.39926289926289926%,down,15.49%
QEMM,State Street SPDR MSCI Emerging Markets StrategicFactors ETF,$79.2032,0.2552,0.32220920366853867%,up,29.59%
QETH,Invesco Galaxy Ethereum ETF,$20.5400,-0.7500,-3.651411879259981%,down,-21.90%
QEW,Invesco QQQ Equal Weight ETF,$28.9105,0.3022,1.045294962038014%,up,16.48%
QFLR,Innovator ETFs Trust Innovator Nasdaq-100 Managed Floor ETF,$36.2200,0.2100,0.5797901711761458%,up,28.03%
QGRD,Horizon Nasdaq-100 Defined Risk ETF,$29.6716,0.1315,0.44318472883161003%,up,18.76%
QGRO,American Century U.S. Quality Growth ETF,$114.5500,0.9800,0.8555216062854649%,up,10.28%
QGRW,WisdomTree Trust WisdomTree U.S. Quality Growth Fund,$65.3500,0.1100,0.16832440703902068%,up,34.66%
QHDG,Innovator Hedged Nasdaq-100 ETF,$30.1050,0.0200,0.06643414715163594%,up,12.86%
QHY,WisdomTree U.S. High Yield Corporate Bond Fund,$45.9885,0.0185,0.04022744816638942%,up,1.59%
QID,ProShares UltraShort QQQ,$14.6700,-0.1000,-0.6816632583503749%,down,-49.98%
QIDX,Spinnaker ETF Series Indexperts Quality Earnings Focused ETF,$11.3943,0.0855,0.750375187593797%,up,11.06%
QIG,WisdomTree U.S. Corporate Bond Fund,$44.3200,0.0757,0.17080324909747294%,up,1.39%
QINT,American Century Quality Diversified International ETF,$69.7777,-0.2923,-0.41890174081404236%,down,22.85%
QIS,Simplify Exchange Traded Funds Simplify Multi-QIS Alternative ,$13.1979,-0.1034,-0.7834579743747111%,down,-42.39%
QJUN,FT Vest Nasdaq-100 Buffer ETF - June,$33.6600,0.0150,0.04456327985739751%,up,18.94%
QLC,FlexShares Trust FlexShares US Quality Large Cap Index Fund,$88.9300,0.5800,0.6521983582593049%,up,32.96%
QLD,ProShares Ultra QQQ,$93.1000,0.7200,0.7733619763694952%,up,80.95%
QLDY,Defiance Nasdaq 100 LightningSpread Income ETF,$47.1634,0.3033,0.6430834078968013%,up,-6.66%
QLTA,iShares Aaa A Rated Corporate Bond ETF,$47.2750,0.0550,0.11634056054997356%,up,1.34%
QLTI,The 2023 ETF Series Trust II GMO International Quality ETF,$26.0800,-0.0100,-0.03834355828220859%,down,2.54%
QLTY,The 2023 ETF Series Trust II GMO U.S. Quality ETF,$41.0200,0.2600,0.6338371526084836%,up,27.75%
QLV,FlexShares US Quality Low Volatility Index Fund,$76.3814,0.3506,0.45901227262134503%,up,15.29%
QLVD,FlexShares Developed Markets ex-US Quality Low Volatility Inde,$33.3184,-0.1376,-0.41298501728774495%,down,7.60%
QLVE,FlexShares Emerging Markets  Quality Low Volatility Index Fund,$32.9642,-0.1615,-0.4899254342589841%,down,23.61%
QMAG,First Trust Exchange-Traded Fund VIII FT Vest Nasdaq-100 Moder,$25.1400,0.0259,0.10302307080350039%,up,17.82%
QMAR,FT Vest Nasdaq-100 Buffer ETF - March,$37.0500,0.0200,0.05398110661268556%,up,24.45%
QMFE,First Trust Exchange-Traded Fund VIII FT Vest Nasdaq-100 Moder,$24.1650,0.0250,0.10345541071798055%,up,21.33%
QMID,WisdomTree U.S. MidCap Quality Growth Fund,$28.3982,0.1982,0.6979315590424745%,up,10.50%
QMMY,First Trust Exchange-Traded Fund VIII FT Vest Nasdaq-100 Moder,$26.2498,0.0598,0.22781125951435818%,up,15.94%
QMNV,First Trust Exchange-Traded Fund VIII FT Vest Nasdaq-100 Moder,$24.9150,0.0300,0.12040939193257075%,up,21.20%
QMOM,Alpha Architect U.S. Quantitative Momentum ETF,$77.5000,0.2700,0.34838709677419355%,up,28.10%
QNXT,iShares Nasdaq-100 ex Top 30 ETF,$30.3920,0.3193,1.0506054224795998%,up,19.89%
QOWZ,Invesco Nasdaq Free Cash Flow Achievers ETF,$33.9856,0.3148,0.926274657502001%,up,2.08%
QPUX,Defiance 2X Daily Long Pure Quantum ETF,$49.2900,9.6900,19.65916007303713%,up,-13.96%
QPX,AdvisorShares Q Dynamic Growth ETF,$48.0815,0.2354,0.489585391470732%,up,31.87%
QQA,Invesco QQQ Income Advantage ETF,$56.6600,0.1300,0.22943875750088247%,up,18.56%
QQDN,ProShares UltraShort QQQ Mega,$20.8187,0.1379,0.6623852594062068%,up,-48.07%
QQEW,First Trust Nasdaq-100 Select Equal Weight ETF,$150.5500,1.7910,1.1896379940219195%,up,15.91%
QQH,HCM Defender 100 Index ETF,$84.9600,0.4500,0.5296610169491526%,up,38.37%
QQHG,Invesco QQQ Hedged Advantage ETF,$65.3724,0.1151,0.1760681877979086%,up,26.41%
QQLV,Invesco QQQ Low Volatility ETF,$24.7397,0.1903,0.7692090041512226%,up,-1.08%
QQMG,Invesco ESG NASDAQ 100 ETF,$49.7223,0.2608,0.524513146012956%,up,41.86%
QQQ,Invesco QQQ Trust Series 1,$717.5400,3.0300,0.4222761100426457%,up,39.60%
QQQA,ProShares Nasdaq-100 Dorsey Wright Momentum ETF,$73.9759,1.1859,1.6030896548740874%,up,72.60%
QQQD,Direxion Daily Magnificent 7 Bear 1X ETF,$12.3400,0.0300,0.24311183144246354%,up,-27.15%
QQQE,Direxion NASDAQ-100 Equal Weighted Index ETF,$116.6200,1.1300,0.968959012176299%,up,24.71%
QQQG,Pacer Nasdaq 100 Top 50 Cash Cows Growth Leaders ETF,$29.8777,0.3870,1.2952804265388569%,up,37.31%
QQQH,NEOS Nasdaq-100 Hedged Equity Income ETF,$55.9300,0.0529,0.09458251385660647%,up,10.19%
QQQI,NEOS Nasdaq 100 High Income ETF,$56.3000,0.1600,0.28419182948490235%,up,12.80%
QQQJ,Invesco NASDAQ Next Gen 100 ETF,$43.2100,0.5800,1.3422818791946307%,up,41.30%
QQQM,Invesco NASDAQ 100 ETF,$295.4400,1.2300,0.41632818846466285%,up,39.58%
QQQP,Tradr 2X Long Innovation 100 Quarterly ETF,$224.1672,1.6752,0.7472993372803871%,up,72.57%
QQQS,Invesco Nasdaq Future Gen 200 ETF,$42.7127,0.7863,1.8409044616706507%,up,78.27%
QQQT,Defiance Nasdaq 100 Income Target ETF,$18.8400,0.0950,0.5042462845010616%,up,8.34%
QQQU,Direxion Daily Magnificent 7 Bull 2X ETF,$60.2500,-0.2600,-0.4315352697095436%,down,55.85%
QQQY,Defiance Nasdaq 100 Weekly Distribution ETF,$24.2200,0.0700,0.2890173410404625%,up,-4.80%
QQUP,ProShares Ultra QQQ Mega,$66.3007,-0.4629,-0.6981826737877578%,down,66.04%
QQWZ,Pacer Cash COWZ 100-Nasdaq 100 Rotator ETF,$28.7054,0.1307,0.4553150278344841%,up,35.61%
QQXL,ProShares Ultra QQQ Top 30,$58.2050,0.4819,0.8279357443518598%,up,46.30%
QQXT,First Trust NASDAQ-100 Ex-Technology Sector Index Fund,$98.6772,0.2328,0.23592075981077698%,up,1.02%
QRFT,QRAFT AI-Enhanced U.S. Large Cap ETF,$69.1832,0.3793,0.5482544895292498%,up,29.57%
QRMI,Global X Nasdaq 100 Risk Managed Income ETF,$15.4886,0.0386,0.24921555208346785%,up,-2.59%
QSIG,WisdomTree U.S. Short Term Corporate Bond Fund,$48.4461,-0.0025,-0.005160374106481224%,down,-0.07%
QSIX,Pacer Metaurus Nasdaq 100 Dividend Multiplier 600 ETF,$42.8479,0.2575,0.6009629410076106%,up,31.11%
QSML,WisdomTree U.S. SmallCap Quality Growth Fund,$30.8300,0.2520,0.817385663314953%,up,22.10%
QSPT,FT Vest Nasdaq-100 Buffer ETF - September,$34.4100,0.0800,0.23249055507120026%,up,22.11%
QTAP,Innovator Growth Accelerated Plus ETF - April,$50.9980,0.0306,0.0600023530334523%,up,26.60%
QTEC,First Trust NASDAQ-100-Technology Sector Index Fund,$304.6200,5.1300,1.6840653929485916%,up,57.28%
QTJA,Innovator ETFs Trust Innovator Growth Accelerated Plus ETF - J,$32.7013,0.0327,0.09999602462287431%,up,27.63%
QTJL,Innovator Growth Accelerated Plus ETF - July,$42.0450,0.0350,0.08324414317992627%,up,23.65%
QTOC,Innovator Growth Accelerated Plus ETF - October,$37.5876,0.0626,0.16654428588151413%,up,25.13%
QTOP,iShares Nasdaq Top 30 Stocks ETF,$37.9400,0.1200,0.31628887717448606%,up,45.31%
QTPI,Exchange Place Advisors Trust North Square RCIM Tax-Advantaged,$25.5150,0.0327,0.12815990593768373%,up,1.76%
QTR,Global X Nasdaq 100 Tail Risk ETF,$34.5057,0.1807,0.5236815946350893%,up,11.55%
QTUM,Defiance Quantum ETF,$153.4400,4.1100,2.678571428571429%,up,76.53%
QUAL,iShares MSCI USA Quality Factor ETF,$214.3800,1.6400,0.7649967347700345%,up,21.93%
QUBX,Tradr 2X Long QUBT Daily ETF,$20.0200,2.7300,13.636363636363637%,up,-84.02%
QUIZ,Zacks Trust Zacks Quality International ETF,$28.9800,-0.0200,-0.06901311249137336%,down,15.67%
QULL,ETRACS 2x Leveraged MSCI US Quality Factor TR ETN,$64.3831,0.9737,1.512353397087124%,up,41.28%
QUS,State Street SPDR MSCI USA StrategicFactors ETF,$186.3900,1.4900,0.7993991093942808%,up,18.25%
QUSA,Tidal Trust III VistaShares Target 15 USA Quality Income ETF,$18.7900,0.1096,0.5832889835018628%,up,-8.11%
QVAL,Alpha Architect U.S. Quantitative Value ETF,$54.9552,0.6605,1.201888083384284%,up,24.98%
QVML,Invesco S&P 500 QVM Multi-factor ETF,$44.0492,0.1874,0.425433379039801%,up,27.40%
QVMM,Invesco S&P MidCap 400 QVM Multi-factor ETF,$34.3670,0.2658,0.7734163587162103%,up,24.11%
QVMS,Invesco S&P SmallCap 600 QVM Multi-factor ETF,$32.3088,0.2827,0.8749938097360472%,up,31.19%
QVMT,Invesco S&P 500 Concentrated QVM ETF,$66.3416,0.4446,0.6701677378899514%,up,32.77%
QVOY,Q3 Active Rotation ETF ,$30.2700,0.1998,0.6600594648166501%,up,22.06%
QWLD,State Street SPDR MSCI World StrategicFactors ETF,$153.1732,0.6689,0.4366951921093246%,up,16.86%
QXQ,SGI Enhanced Nasdaq-100 ETF,$31.9474,0.1273,0.3984674809217652%,up,20.74%
QYLD,Global X Nasdaq 100 Covered Call ETF,$17.8800,0.0400,0.2237136465324385%,up,10.37%
QYLG,Global X Nasdaq 100 Covered Call & Growth ETF,$29.5700,0.1250,0.42272573554277987%,up,11.88%
RAA,SMI 3Fourteen REAL Asset Allocation ETF,$30.0508,0.0208,0.06921612735767434%,up,21.59%
RAAA,Reckoner Yield Enhanced AAA CLO ETF,$25.1350,-0.0050,-0.01989258006763477%,down,0.32%
RAAX,VanEck Real Assets ETF,$41.6500,0.0100,0.024009603841536616%,up,37.51%
RAFE,PIMCO RAFI ESG U.S. ETF,$46.3857,0.5658,1.219772472981975%,up,28.60%
RAUS,RACWI US ETF,$29.1258,0.1221,0.4192159528665307%,up,15.22%
RAVI,FlexShares Ultra-Short Income Fund,$75.3779,0.0479,0.06354647715046453%,up,0.06%
RAYJ,The Advisors' Inner Circle Fund III Rayliant SMDAM Japan Equit,$39.8500,0.6000,1.5056461731493098%,up,36.47%
RB,ProShares Trust ProShares Russell 2000 Dynamic Buffer ETF,$46.3641,0.0517,0.11150868883468028%,up,15.18%
RBIL,F/m Ultrashort Treasury Inflation-Protected Security (TIPS) ET,$50.0200,0.0100,0.01999200319872051%,up,-0.26%
RBLD,First Trust Alerian US NextGen Infrastructure ETF,$88.1895,0.8039,0.9115597661853169%,up,28.03%
RBLU,ETF Opportunities Trust T-REX 2X Long RBLX Daily Target ETF,$7.4800,0.5700,7.620320855614972%,up,-81.05%
RBLY,Tidal Trust II YieldMax RBLX Option Income Strategy ETF,$13.7344,0.2400,1.7474370922646785%,up,-72.16%
RBUF,Innovator U.S. Small Cap 10 Buffer ETF - Quarterly,$30.8099,0.0506,0.16423292513120782%,up,16.31%
RCAX,Defiance Daily Target 2x Long RCAT ETF,$5.9392,0.4088,6.883081896551725%,up,-72.74%
RCGE,RockCreek Global Equality ETF,$29.2365,-0.0156,-0.05335796008414139%,down,12.32%
RCTR,First Trust Exchange-Traded Fund II First Trust Bloomberg Nucl,$35.9258,0.2000,0.556702982257876%,up,18.35%
RDFI,Rareview Dynamic Fixed Income ETF,$23.3299,0.0983,0.4213477125919957%,up,1.02%
RDIV,Invesco Exchange-Traded Fund Trust II Invesco S&P Ultra Divide,$58.5400,0.9800,1.6740690126409292%,up,25.95%
RDOG,ALPS ETF Trust ALPS REIT Dividend Dogs ETF,$40.4600,0.0076,0.018783984181908058%,up,16.63%
RDTE,Roundhill Russell 2000 0DTE Covered Call Strategy ETF,$28.4700,0.3400,1.194239550403934%,up,-14.22%
RDTL,GraniteShares 2x Long RDDT Daily ETF,$15.0950,-1.8750,-12.421331566743955%,down,17.75%
RDTY,YieldMax R2000 0DTE Covered Strategy ETF,$37.8000,0.4400,1.1640211640211642%,up,-14.83%
RDVI,FT Vest Rising Dividend Achievers Target Income ETF,$27.4400,0.1400,0.5102040816326531%,up,15.20%
RDVY,First Trust Rising Dividend Achievers ETF,$75.2400,0.4500,0.5980861244019139%,up,25.46%
RDYY,Tidal Trust II YieldMax RDDT Option Income Strategy ETF,$18.4059,-1.0341,-5.6183071732433625%,down,-64.11%
REAI,Intelligent Real Estate ETF,$21.5870,-0.0504,-0.2334738500023162%,down,15.11%
RECS,Columbia Research Enhanced Core ETF,$43.2600,0.2300,0.5316689782709201%,up,25.14%
REET,iShares Trust iShares Global REIT ETF,$27.4200,-0.0300,-0.10940919037199125%,down,13.78%
REGL,ProShares S&P MidCap 400 Dividend Aristocrats ETF,$88.8900,0.4500,0.5062436719541006%,up,10.71%
REIT,ALPS Active REIT ETF,$30.0869,0.0728,0.24196577247905235%,up,15.23%
REK,ProShares Short Real Estate,$15.6500,-0.0307,-0.19616613418530351%,down,-10.11%
REM,iShares Trust iShares Mortgage Real Estate ETF,$21.7200,-0.1000,-0.46040515653775327%,down,4.57%
REMG,Russell Investments Emerging Markets Equity ETF,$35.9193,-0.1857,-0.5169922576442192%,down,48.87%
REMX,VanEck Rare Earth and Strategic Metals ETF,$96.8200,1.1200,1.1567857880603183%,up,159.78%
RETL,Direxion Daily Retail Bull 3X ETF,$7.7100,0.1900,2.4643320363164722%,up,6.20%
REVS,Columbia Research Enhanced Value ETF,$31.3700,0.2632,0.8390181702263309%,up,25.13%
REW,ProShares UltraShort Technology,$6.7000,-0.1350,-2.014925373134328%,down,-63.07%
REZ,iShares Residential and Multisector Real Estate ETF,$92.0251,0.3951,0.429339386754266%,up,13.60%
RFCI,ALPS Dynamic Core Income ETF,$22.2325,0.0725,0.32609917912965247%,up,0.40%
RFDA,ALPS Dynamic US Dividend Advantage ETF,$69.7281,0.5951,0.8534579315942927%,up,29.22%
RFDI,First Trust RiverFront Dynamic Developed International ETF,$86.6951,-0.5906,-0.6812380399814985%,down,21.95%
RFEM,First Trust RiverFront Dynamic Emerging Markets ETF,$93.2171,0.8637,0.9265467387421407%,up,36.96%
RFFC,ALPS Active Equity Opportunity ETF,$73.2900,0.3748,0.5113930959203166%,up,28.03%
RFG,Invesco S&P MidCap 400 Pure Growth ETF,$61.6173,0.3473,0.5636404061846266%,up,31.21%
RFIX,Simplify Bond Bull ETF,$39.0300,0.3546,0.9085318985395849%,up,-18.16%
RFLR,Innovator U.S. Small Cap Managed Floor ETF,$30.5055,0.1631,0.5346576846798118%,up,26.09%
RFV,Invesco S&P MidCap 400 Pure Value ETF,$138.6587,1.3662,0.9852969918223666%,up,20.35%
RGEF,Tidal Trust III Rockefeller Global Equity ETF,$34.1294,-0.0545,-0.15968637010905556%,down,29.41%
RGLO,Russell Investments Global Equity ETF,$32.3940,-0.0446,-0.13767981725010806%,down,27.25%
RGTU,Tradr 2X Long RGTI Daily ETF,$41.9900,12.6900,30.221481305072636%,up,-50.51%
RGTX,Defiance Daily Target 2X Long RGTI ETF,$40.7800,11.6800,28.641490926924963%,up,-13.20%
RGTZ,Defiance Daily Target 2x Short RGTI ETF,$2.7900,-2.0000,-71.68458781362007%,down,-83.07%
RGYY,GraniteShares YieldBoost RGTI ETF,$8.8700,0.0310,0.3494926719278467%,up,-64.20%
RHRX,RH Tactical Rotation ETF,$21.6126,0.1304,0.6033517485170687%,up,39.13%
RHTX,RH Tactical Outlook ETF,$20.1992,0.0345,0.17079884351855518%,up,25.95%
RIET,Hoya Capital High Dividend Yield ETF,$9.5400,-0.0100,-0.10482180293501049%,down,4.38%
RIFR,Russell Investments Global Infrastructure ETF,$28.5800,0.0114,0.03988803358992303%,up,15.88%
RIGS,Riverfront Strategic Income Fund,$22.7750,0.0850,0.3732162458836444%,up,0.58%
RILA,Spinnaker ETF Series Indexperts Gorilla Aggressive Growth ETF,$11.7612,0.1066,0.9063700982892902%,up,11.98%
RINF,ProShares Inflation Expectations ETF,$32.8125,0.0632,0.1926095238095238%,up,-1.36%
RING,iShares MSCI Global Gold Miners ETF,$74.2200,-0.6800,-0.9161950956615468%,down,79.60%
RINT,Russell Investments International Developed Equity ETF,$31.4489,-0.0361,-0.11478938850007472%,down,22.00%
RIOX,Tidal Trust II Defiance Daily Target 2X Long RIOT ETF,$50.9100,-0.1900,-0.3732076212924769%,down,68.35%
RISN,Inspire Capital Appreciation ETF,$30.1254,0.3595,1.1933451506038093%,up,13.71%
RISR,FolioBeyond Alternative Income and Interest Rate Hedge ETF,$36.4500,-0.0150,-0.0411522633744856%,down,-1.99%
RITA,ETF Series Solutions ETFB Green SRI REITs ETF,$20.9503,0.0186,0.08878154489434519%,up,11.46%
RKLX,Defiance Daily Target 2X Long RKLB ETF,$93.3200,12.9900,13.91984569224175%,up,752.50%
RKLZ,Defiance Daily Target 2x Short RKLB ETF,$2.1100,-0.4100,-19.431279620853083%,down,-98.71%
RKNG,Defiance Retail Kings ETF,$27.9684,0.6674,2.386264498505456%,up,9.45%
RLY,State Street Multi-Asset Real Return ETF,$36.7700,0.0300,0.08158825129181398%,up,29.47%
RMCA,Tidal Trust III Rockefeller California Municipal Bond ETF,$24.1000,0.0150,0.06224066390041493%,up,1.47%
RMIF,ETF Series Solutions LHA Risk-Managed Income ETF,$24.2425,0.0032,0.013199958750128906%,up,-1.89%
RMNY,Tidal Trust III Rockefeller New York Municipal Bond ETF,$24.3724,0.0370,0.1518110649751358%,up,1.91%
RMOP,Tidal Trust III Rockefeller Opportunistic Municipal Bond ETF,$24.9800,0.0280,0.11208967173738991%,up,2.67%
RND,First Trust Exchange-Traded Fund VI First Trust Bloomberg R&D ,$31.8067,0.2008,0.6313135282817772%,up,27.72%
RNEM,Emerging Markets Equity Select ETF,$54.7901,-0.1399,-0.2553380994011692%,down,0.56%
RNIN,Bushido Capital US SMID Cap Equity ETF,$31.4380,0.3880,1.2341752019848593%,up,27.25%
RNRG,Global X Renewable Energy Producers ETF,$37.8979,-0.2171,-0.5728549603012303%,down,40.36%
RNTY,Tidal Trust II YieldMax  Target 12  Real Estate Option Income ,$50.4238,0.1212,0.24036268587452753%,up,-1.79%
RNWZ,Listed Funds Trust TrueShares Eagle Global Renewable Energy In,$32.1634,-0.1315,-0.4088498106543462%,down,38.39%
ROAM,Hartford Multifactor Emerging Markets ETF,$35.1503,0.3203,0.9112297761327782%,up,40.53%
ROBN,ETF Opportunities Trust T-Rex 2X Long HOOD Daily Target ETF,$17.6500,-1.1800,-6.685552407932012%,down,-33.27%
ROBO,Exchange Traded Concepts Trust ROBO Global Robotics and Automa,$87.3000,2.0600,2.359679266895762%,up,55.87%
ROBT,First Trust Nasdaq Artificial Intelligence and Robotics ETF,$55.8688,0.9688,1.7340626610917005%,up,25.35%
ROCQ,JPMorgan Nasdaq Equity Premium Yield ETF,$56.7400,0.2500,0.4406062742333451%,up,13.58%
ROCY,JPMorgan Equity Premium Yield ETF,$54.0320,0.1520,0.28131477642878294%,up,8.15%
RODM,Hartford Multifactor Developed Markets (ex-US) ETF,$41.4800,-0.0600,-0.14464802314368372%,down,24.42%
ROE,Astoria US Equal Weight Quality Kings ETF,$40.8799,0.5999,1.4674693431246164%,up,33.68%
ROKT,State Street SPDR S&P Kensho Final Frontiers ETF,$125.3900,5.0700,4.043384639923439%,up,118.74%
ROM,ProShares Ultra Technology,$141.9900,2.4500,1.7254736249031624%,up,125.56%
ROMO,Strategy Shares Newfound/ReSolve Robust Momentum ETF,$33.5089,0.0478,0.14264866945796492%,up,8.31%
RONB,Baron ETF Trust Baron First Principles ETF,$23.7200,0.2300,0.9696458684654301%,up,-5.46%
ROPE,EA Series Trust Coastal Compass 100 ETF,$29.4969,0.1591,0.5393787143733748%,up,21.16%
ROSC,Hartford Multifactor Small Cap ETF,$52.7435,0.3194,0.6055722506090798%,up,31.04%
ROUS,Hartford Multifactor U.S. Equity ETF,$65.7600,0.7700,1.1709245742092456%,up,26.83%
RPAR,RPAR Risk Parity ETF,$22.6600,0.0400,0.176522506619594%,up,17.96%
RPG,Invesco S&P 500 Pure Growth ETF,$57.6400,0.0000,0%,unch,35.94%
RPHS,Two Roads Shared Trust Regents Park Hedged Market Strategy ETF,$10.7000,-0.0034,-0.03177570093457944%,down,7.68%
RPV,Invesco S&P 500 Pure Value ETF,$112.7100,1.1500,1.0203176293141691%,up,25.28%
RSBA,Tidal Trust II Return Stacked Bonds & Merger Arbitrage ETF,$20.7060,-0.0040,-0.019318072056408772%,down,1.53%
RSBT,Return Stacked Bonds & Managed Futures ETF,$19.4200,0.0350,0.18022657054582905%,up,23.89%
RSBY,Tidal Trust II Return Stacked Bonds & Futures Yield ETF,$18.0966,0.0566,0.3127659339323409%,up,18.16%
RSDE,First Trust Exchange-Traded Fund VIII FT Vest U.S. Equity Equa,$22.9650,0.1122,0.48856956237753096%,up,13.89%
RSHO,Tema ETF Trust Tema American Reshoring ETF,$56.6300,0.8400,1.4833127317676142%,up,51.70%
RSJN,First Trust Exchange-Traded Fund VIII FT Vest U.S. Equity Equa,$36.4569,0.1835,0.5033340739338782%,up,14.46%
RSMC,Tidal Trust III Rockefeller U.S. Small-Mid Cap ETF,$27.8400,0.1234,0.4432471264367816%,up,10.39%
RSMR,First Trust Exchange-Traded Fund VIII FT Vest U.S. Equity Equa,$23.1967,0.1067,0.4599792211823234%,up,14.66%
RSMV,Listed Funds Trust Relative Strength Managed Volatility Strate,$29.0400,0.1300,0.4476584022038568%,up,23.44%
RSP,Invesco S&P 500 Equal Weight ETF,$206.5800,1.8700,0.9052183173588924%,up,18.03%
RSPA,Invesco Actively Managed Exchange-Traded Fund Trus Invesco S&P,$52.3300,0.2400,0.4586279380852284%,up,8.30%
RSPC,Invesco S&P 500 Equal Weight Communication Services ETF,$37.5126,-0.0893,-0.23805334740860404%,down,4.17%
RSPD,Invesco S&P 500 Equal Weight Consumer Discretionary ETF,$53.9400,0.4060,0.7526881720430109%,up,4.51%
RSPE,Invesco ESG S&P 500 Equal Weight ETF,$32.5370,0.2570,0.7898699941604942%,up,23.82%
RSPF,Invesco S&P 500 Equal Weight Financial ETF,$75.7800,0.0522,0.06888361045130642%,up,4.93%
RSPG,Invesco S&P 500 Equal Weight Energy ETF,$108.0000,0.8400,0.7777777777777778%,up,49.69%
RSPH,Invesco S&P 500 Equal Weight Health Care ETF,$31.0700,0.2700,0.8690054715159318%,up,9.94%
RSPM,Invesco S&P 500 Equal Weight Materials ETF,$38.3700,0.2400,0.6254886630179829%,up,20.77%
RSPN,Invesco S&P 500 Equal Weight Industrials Portfolio,$60.0550,0.5350,0.8908500541170594%,up,15.80%
RSPR,Invesco S&P 500 Equal Weight Real Estate ETF,$36.2900,0.0929,0.25599338660788096%,up,6.40%
RSPS,Invesco S&P 500 Equal Weight Consumer Staples ETF,$30.0400,0.1700,0.5659121171770972%,up,0.07%
RSPT,Invesco S&P 500 Equal Weight Technology ETF,$60.9400,1.6100,2.641942894650476%,up,62.90%
RSPU,Invesco S&P 500 Equal Weight Utilities ETF,$80.3800,0.7400,0.9206270216471759%,up,13.93%
RSSB,Tidal Trust II Return Stacked Global Stocks & Bonds ETF,$30.3400,0.0600,0.1977587343441002%,up,25.11%
RSSE,First Trust Exchange-Traded Fund VIII FT Vest U.S. Equity Equa,$22.6197,0.1597,0.7060217421097539%,up,13.51%
RSSL,Global X Funds Global X Russell 2000 ETF,$111.5765,1.0465,0.9379215157313593%,up,39.73%
RSST,Tidal Trust II Return Stacked U.S. Stocks & Managed Futures ET,$33.6500,0.1700,0.5052005943536404%,up,55.00%
RSSY,Tidal Trust II Return Stacked U.S. Stocks & Futures Yield ETF,$25.1100,0.1100,0.43807248108323377%,up,47.10%
RTAI,Rareview Tax Advantaged Income ETF,$20.9400,0.0366,0.17478510028653294%,up,2.90%
RTH,VanEck Retail ETF,$263.6763,-0.2331,-0.08840384972028201%,down,12.87%
RTRE,Collaborative Investment Series Trust Rareview Total Return Bo,$24.7950,0.0263,0.10606977213147811%,up,1.00%
RTXG,Leverage Shares 2X Long RTX Daily ETF,$19.9480,0.2972,1.4898736715460197%,up,32.89%
RTYY,GraniteShares YieldBoost RIOT ETF,$12.3200,0.0297,0.24107142857142858%,up,-50.39%
RULE,Adaptive Core ETF,$30.3228,0.3528,1.1634809450314614%,up,41.70%
RUNN,Running Oak Efficient Growth ETF,$32.6245,0.2932,0.898711091357722%,up,-1.09%
RUSC,Russell Investments U.S. Small Cap Equity ETF,$36.3331,0.2468,0.6792704173329553%,up,39.86%
RVER,Advisor Managed Portfolios Trenchless Fund ETF,$32.5412,0.5299,1.6283972318168967%,up,9.86%
RVNL,GraniteShares 2x Long RIVN Daily ETF,$24.0751,0.1528,0.6346806451478914%,up,-50.98%
RVNU,Xtrackers Municipal Infrastructure Revenue Bond ETF,$24.7550,0.0310,0.12522722682286408%,up,3.84%
RW,EA Series Trust Rainwater Equity ETF,$24.6701,0.1301,0.5273590297566689%,up,-0.77%
RWEM,Rayliant NxtGen Multifactor Emerging Markets Equity ETF,$35.6773,0.5932,1.6626818733480389%,up,45.68%
RWIN,Rayliant NxtGen Multifactor International Equity ETF,$26.1982,-0.1274,-0.4862929514241437%,down,0.62%
RWJ,Invesco Exchange-Traded Fund Trust II Invesco S&P SmallCap 600,$55.2100,0.5400,0.9780836804926644%,up,34.56%
RWK,Invesco Exchange-Traded Fund Trust II Invesco S&P MidCap 400 R,$138.6500,1.0756,0.7757663180670753%,up,24.32%
RWL,Invesco Exchange-Traded Fund Trust II Invesco S&P 500 Revenue ,$126.3300,1.1100,0.8786511517454287%,up,26.47%
RWLC,Rayliant NxtGen Multifactor US Equity ETF,$36.7800,0.1500,0.40783034257748774%,up,7.11%
RWM,ProShares Short Russell2000,$14.1700,-0.1100,-0.776287932251235%,down,-29.68%
RWO,State Street SPDR Dow Jones Global Real Estate ETF,$49.4900,-0.0300,-0.06061830672863205%,down,14.59%
RWR,State Street SPDR Dow Jones REIT ETF,$111.2000,0.2200,0.19784172661870503%,up,17.02%
RWX,State Street SPDR Dow Jones International Real Estate ETF,$27.3950,-0.1750,-0.6388027012228509%,down,4.76%
RXD,ProShares UltraShort Health Care,$9.7151,-0.2249,-2.3149530112917005%,down,-25.25%
RXI,iShares Global Consumer Discretionary ETF,$198.4611,-0.4389,-0.2211516513815554%,down,5.12%
RXL,ProShares Ultra Health Care,$47.4432,1.1534,2.431117631188453%,up,24.00%
RYLD,Global X Russell 2000 Covered Call ETF,$15.6000,0.0200,0.12820512820512822%,up,8.94%
RYLG,Global X Funds Global X Russell 2000 Covered Call & Growth ETF,$23.8278,0.1613,0.6769403805638792%,up,17.85%
RZG,Invesco S&P SmallCap 600 Pure Growth ETF,$63.6652,0.2625,0.41231316323517403%,up,32.18%
RZV,Invesco S&P SmallCap 600 Pure Value ETF,$135.8888,1.9021,1.3997474405543353%,up,39.20%
SAA,ProShares Ultra SmallCap600,$32.5635,0.6035,1.8533020099190813%,up,60.37%
SAEF,Schwab Ariel Opportunities ETF,$29.4449,0.3361,1.1414540378809233%,up,22.66%
SAGP,The Advisors' Inner Circle Fund III Strategas Global Policy Op,$35.2094,0.0733,0.20818304202854918%,up,12.70%
SAMM,The Advisors' Inner Circle Fund III Strategas Macro Momentum E,$32.0900,0.6000,1.8697413524462447%,up,24.29%
SAMT,The Advisors' Inner Circle Fund III Strategas Macro Thematic O,$45.7600,0.7600,1.6608391608391608%,up,44.86%
SAPH,Precidian ETFs Trust SAP SE ADRhedged,$33.1115,0.0576,0.1739576884164112%,up,-41.32%
SARK,Tradr 1X Short Innovation Daily ETF,$28.8900,0.0300,0.10384215991692627%,up,-36.07%
SATG,Leverage Shares 2X Long SATS Daily ETF,$17.5800,-1.3300,-7.5654152445961325%,down,17.83%
SATO,Invesco Alerian Galaxy Crypto Economy ETF,$18.8170,-0.0728,-0.38688420045703353%,down,2.00%
SAUG,FT Vest U.S. Small Cap Moderate Buffer ETF - August,$27.3400,0.0650,0.2377468910021946%,up,20.44%
SAWG,ETF Series Solutions AAM Sawgrass US Large Cap Quality Growth ,$23.9771,0.1729,0.7211047207543865%,up,22.26%
SAWS,ETF Series Solutions AAM Sawgrass US Small Cap Quality Growth ,$23.2295,0.1216,0.5234723089175402%,up,20.75%
SBAR,Simplify Exchange Traded Funds Simplify Barrier Income ETF,$25.6100,0.1300,0.5076142131979695%,up,0.63%
SBB,ProShares Short SmallCap600,$11.9871,-0.1211,-1.0102526883065963%,down,-24.70%
SBIL,Simplify Exchange Traded Funds Simplify Government Money Marke,$100.3100,0.0400,0.03987638321204267%,up,0.30%
SBIO,ALPS Medical Breakthroughs ETF,$53.3000,-0.5000,-0.9380863039399625%,down,86.13%
SBIT,ProShares Trust ProShares UltraShort Bitcoin ETF,$44.1100,2.0600,4.670142824756291%,up,33.87%
SBND,Columbia Short Duration Bond ETF,$18.7550,-0.0200,-0.10663822980538523%,down,1.22%
SBU,Leverage Shares 2x Long SBUX Daily ETF,$20.4021,-0.5053,-2.4767058293018853%,down,39.62%
SCAP,Infrastructure Capital Small Cap Income ETF,$37.8695,0.2567,0.6778542098522556%,up,18.36%
SCC,ProShares UltraShort Consumer Discretionary,$14.2000,-0.1404,-0.9887323943661972%,down,-24.55%
SCCR,Schwab Strategic Trust Schwab Core Bond ETF,$25.4100,0.0100,0.03935458480913026%,up,1.40%
SCDL,ETRACS 2x Leveraged US Dividend Factor TR ETN,$55.8184,1.9113,3.4241397102030873%,up,60.88%
SCDS,JPMorgan Fundamental Data Science Small Core ETF,$72.4055,0.7720,1.06621734536741%,up,42.72%
SCDV,ETF Series Solutions Bahl & Gaynor Small Cap Dividend ETF,$26.6500,0.1756,0.6589118198874298%,up,18.62%
SCEC,Capitol Series Trust Sterling Capital Enhanced Core Bond ETF,$24.9200,0.0400,0.16051364365971107%,up,0.69%
SCHA,Schwab U.S. Small-Cap ETF,$33.3300,0.1600,0.4800480048004801%,up,39.11%
SCHB,Schwab U.S. Broad Market ETF,$28.7300,0.1300,0.45248868778280543%,up,27.86%
SCHC,Schwab International Small-Cap Equity ETF,$50.2500,0.0100,0.01990049751243781%,up,27.57%
SCHD,Schwab US Dividend Equity ETF,$32.8300,0.5800,1.766676819981724%,up,26.46%
SCHE,Schwab Emerging Markets Equity ETF,$35.7500,0.1700,0.4755244755244755%,up,23.02%
SCHF,Schwab International Equity ETF,$27.2500,-0.1100,-0.4036697247706422%,down,27.87%
SCHG,Schwab U.S. Large-Cap Growth ETF,$34.3700,0.0700,0.20366598778004077%,up,26.17%
SCHH,Schwab U.S. REIT ETF,$23.6900,0.0400,0.16884761502743773%,up,14.33%
SCHI,Schwab 5-10 Year Corporate Bond ETF,$22.5200,0.0150,0.06660746003552398%,up,1.44%
SCHJ,Schwab 1-5 Year Corporate Bond ETF,$24.6200,0.0000,0%,unch,0.16%
SCHK,Schwab 1000 Index ETF,$35.8400,0.1500,0.4185267857142857%,up,27.45%
SCHM,Schwab U.S. Mid Cap ETF,$34.7300,0.1700,0.48949035416066805%,up,29.20%
XJR,iShares ESG Select Screened S&P Small-Cap ETF,$48.4542,0.3842,0.7929137205856253%,up,28.05%
XJUL,FT Vest U.S. Equity Enhance & Moderate Buffer ETF - July,$40.4650,0.0450,0.11120721611268997%,up,11.62%
XJUN,FT Vest U.S. Equity Enhance & Moderate Buffer ETF - June,$44.2400,0.0351,0.07933996383363472%,up,11.76%
XLB,State Street Materials Select Sector SPDR ETF,$50.2900,0.2700,0.5368860608470869%,up,17.13%
XLBI,State Street Materials Select Sector SPDR Premium Income ETF,$23.6145,0.0967,0.40949416671960026%,up,-3.56%
XLC,State Street Communication Services Select Sector SPDR ETF,$115.4600,-0.6400,-0.5543045210462498%,down,14.71%
XLCI,State Street Communication Services Select Sector SPDR Premium,$24.7194,-0.0971,-0.3928088869470942%,down,-0.55%
XLE,State Street Energy Select Sector SPDR ETF,$59.4900,0.3600,0.6051437216338881%,up,45.58%
XLEI,State Street Energy Select Sector SPDR Premium Income ETF,$27.3400,0.0575,0.21031455742501828%,up,9.59%
XLF,State Street Financial Select Sector SPDR ETF,$51.9400,0.2100,0.40431266846361186%,up,3.40%
XLFI,State Street Financial Select Sector SPDR Premium Income ETF,$22.8792,0.0466,0.20367845029546489%,up,-7.83%
XLG,Invesco S&P 500 Top 50 ETF,$63.5600,0.0700,0.11013215859030838%,up,30.62%
XLI,State Street Industrial Select Sector SPDR ETF,$171.7700,1.2400,0.7218955580136228%,up,21.57%
XLII,State Street Industrial Select Sector SPDR Premium Income ETF,$25.0413,0.1532,0.6117893240366914%,up,1.69%
XLK,State Street Technology Select Sector SPDR ETF,$180.3900,1.7900,0.9922944730860913%,up,57.31%
XLKI,State Street Technology Select Sector SPDR Premium Income ETF,$27.7416,0.1361,0.4905989560803991%,up,10.75%
XLP,State Street Consumer Staples Select Sector SPDR ETF,$84.8000,0.1400,0.16509433962264153%,up,4.31%
XLRE,State Street Real Estate Select Sector SPDR ETF,$44.5600,0.0600,0.13464991023339318%,up,9.67%
XLRI,State Street Real Estate Select Sector SPDR Premium Income ETF,$23.7239,0.0054,0.022761856187220483%,up,-5.78%
XLSI,State Street Consumer Staples Select Sector SPDR Premium Incom,$23.6553,0.0489,0.20671900166136128%,up,-5.25%
XLSR,State Street US Sector Rotation ETF,$65.3991,0.1591,0.24327551908206685%,up,25.86%
XLU,State Street Utilities Select Sector SPDR ETF,$45.3500,0.3500,0.7717750826901874%,up,13.23%
XLUI,State Street Utilities Select Sector SPDR Premium Income ETF,$24.5647,0.1881,0.7657329419858577%,up,-3.17%
XLV,State Street Health Care Select Sector SPDR ETF,$149.8900,1.7400,1.1608512909466944%,up,14.81%
XLVI,State Street Health Care Select Sector SPDR Premium Income ETF,$25.3599,0.2245,0.885255856687132%,up,2.07%
XLY,State Street Consumer Discretionary Select Sector SPDR ETF,$119.1800,0.4800,0.4027521396207417%,up,12.14%
XLYI,State Street Consumer Discretionary Select Sector SPDR Premium,$23.3585,0.0939,0.40199499111672415%,up,-5.38%
XMAG,DeFiance Large Cap Ex-Mag 7 ETF,$24.7076,0.1927,0.7799219673298904%,up,23.04%
XMAR,FT Vest U.S. Equity Enhance & Moderate Buffer ETF - March,$42.4466,0.0366,0.08622598747602872%,up,13.77%
XMAY,First Trust Exchange-Traded Fund VIII FT Vest U.S. Equity Enha,$35.8913,0.0313,0.08720776344127965%,up,10.88%
XME,State Street SPDR S&P Metals & Mining ETF,$117.0700,1.6900,1.443580763645682%,up,101.12%
XMHQ,Invesco S&P MidCap Quality ETF,$108.4600,0.9600,0.8851189378572746%,up,12.35%
XMLV,Invesco S&P MidCap Low Volatility ETF,$65.3800,0.0500,0.07647598654022637%,up,7.29%
XMMO,Invesco S&P MidCap Momentum ETF,$164.8000,1.4100,0.8555825242718446%,up,34.67%
XMPT,VanEck CEF Muni Income ETF,$21.5500,0.0400,0.18561484918793503%,up,3.76%
XMVM,Invesco S&P MidCap Value with Momentum ETF,$68.8400,0.1700,0.24694944799535154%,up,28.23%
XNAV,FundX Investment Trust FundX Aggressive ETF,$96.8169,0.4503,0.4651047492741453%,up,41.24%
XNOV,FT Vest U.S. Equity Enhance & Moderate Buffer ETF - November,$39.3050,-0.0079,-0.020099224017300597%,down,14.01%
XNTK,State Street SPDR NYSE Technology ETF,$348.7100,4.4500,1.2761320294800838%,up,61.32%
XOCT,FT Vest U.S. Equity Enhance & Moderate Buffer ETF - October,$39.2099,0.0249,0.06350437006980379%,up,13.32%
XOEF,iShares Trust iShares S&P 500 ex S&P 100 ETF,$28.8423,0.2760,0.9569278455601669%,up,15.47%
XOEX,Xtrackers S&P 100 Ex Top 20 ETF,$39.5967,0.5067,1.2796520922198062%,up,26.69%
XOMO,Tidal ETF Trust II YieldMax XOM Option Income Strategy ETF,$11.8900,-0.0300,-0.2523128679562658%,down,-3.65%
XOMX,Direxion Daily XOM Bull 2X ETF,$45.5372,-0.3526,-0.7743119910754286%,down,100.47%
XONE,BondBloxx ETF Trust BondBloxx Bloomberg One Year Target Durati,$49.4000,0.0100,0.020242914979757085%,up,-0.28%
XOP,State Street SPDR S&P Oil & Gas Exploration & Production ETF,$171.9500,1.3000,0.756033730735679%,up,42.43%
XOVR,ERShares Private-Public Crossover ETF,$19.5300,0.1800,0.9216589861751151%,up,9.66%
XPAY,Roundhill ETF Trust Roundhill S&P 500 Target 20 Managed Distri,$54.2100,0.2200,0.40582918280760005%,up,4.39%
XPEG,Leverage Shares 2X Long XPEV Daily ETF,$7.4938,-0.0354,-0.4723905094878433%,down,-51.47%
XPH,State Street SPDR S&P Pharmaceuticals ETF,$57.7900,-0.0800,-0.13843225471534867%,down,45.93%
XPND,First Trust Expanded Technology ETF,$39.5850,0.5296,1.3378805102943032%,up,27.78%
XPP,ProShares Ultra FTSE China 50,$21.5155,-0.4739,-2.202598126931747%,down,-9.07%
XQQI,NEOS Boosted Nasdaq-100 High Income ETF,$52.8600,0.2500,0.4729474082482028%,up,7.30%
XRLX,FundX Investment Trust FundX Conservative ETF,$48.8077,0.0578,0.11842393720662928%,up,14.45%
XRMI,Global X Funds Global X S&P 500 Risk Managed Income ETF,$17.1871,0.0358,0.20829575670124686%,up,-2.64%
XRP,Bitwise XRP ETF Bitwise XRP ETF,$14.9600,-0.4700,-3.141711229946524%,down,-33.39%
XRPC,Canary XRP ETF,$14.2200,-0.4400,-3.0942334739803092%,down,-42.09%
XRPI,Volatility Shares Trust XRP ETF,$7.4600,-0.2250,-3.0160857908847185%,down,-52.81%
XRPR,ETF Opportunities Trust REX-Osprey XRP ETF,$10.9500,-0.3176,-2.900456621004566%,down,-57.44%
XRPT,Volatility Shares Trust XRP 2X ETF,$38.0500,-2.5000,-6.57030223390276%,down,-87.65%
XRT,State Street SPDR S&P Retail ETF,$82.5400,0.7500,0.9086503513448024%,up,9.28%
XSD,State Street SPDR S&P Semiconductor ETF,$603.9300,27.3800,4.533638004404485%,up,166.74%
XSEP,FT Vest U.S. Equity Enhance & Moderate Buffer ETF - September,$44.0800,0.0550,0.12477313974591651%,up,11.46%
XSHD,Invesco S&P SmallCap High Dividend Low Volatility ETF,$13.5400,0.0500,0.36927621861152143%,up,4.23%
XSHQ,Invesco S&P SmallCap Quality ETF,$45.6900,0.2800,0.6128255635806523%,up,14.83%
XSLV,Invesco S&P SmallCap Low Volatility ETF,$49.9121,0.0574,0.11500217382157833%,up,10.87%
XSMO,Invesco S&P SmallCap Momentum ETF,$86.0600,0.8200,0.9528236114338833%,up,32.12%
XSOE,WisdomTree Emerging Markets Ex-State Owned Enterprises Fund,$46.9500,-0.0200,-0.042598509052183174%,down,42.97%
XSPI,NEOS Boosted S&P 500 High Income ETF,$50.2122,0.3622,0.7213386388168612%,up,1.30%
XSVM,Invesco S&P SmallCap Value with Momentum ETF,$66.3500,0.4900,0.7385079125847778%,up,34.23%
XSVN,BondBloxx ETF Trust BondBloxx Bloomberg Seven Year Target Dura,$46.9000,0.0482,0.102771855010661%,up,0.22%
XSW,State Street SPDR S&P Software & Services ETF,$165.0300,3.1600,1.9148033690844088%,up,-8.27%
XT,iShares Future Exponential Technologies ETF,$80.9800,0.9400,1.1607804396147197%,up,32.49%
XTAP,Innovator U.S. Equity Accelerated Plus ETF - April,$44.9502,0.0576,0.12814181027003216%,up,22.38%
XTEN,BondBloxx ETF Trust BondBloxx Bloomberg Ten Year Target Durati,$45.0000,0.1000,0.2222222222222222%,up,0.63%
XTJA,Innovator ETFs Trust Innovator U.S. Equity Accelerated Plus ET,$33.6826,0.0550,0.16328905725805015%,up,20.53%
XTJL,Innovator U.S. Equity Accelerated Plus ETF - July,$40.8750,0.0350,0.08562691131498472%,up,17.65%
XTL,State Street SPDR S&P Telecom ETF,$233.8400,5.2700,2.253677728361273%,up,126.61%
XTN,State Street SPDR S&P Transportation ETF,$106.2600,0.8100,0.7622811970638057%,up,40.00%
XTOC,Innovator U.S. Equity Accelerated Plus ETF - October,$35.6800,0.0400,0.11210762331838565%,up,19.93%
XTR,Global X Funds Global X S&P 500 Tail Risk ETF,$28.4040,0.0929,0.3270666103365723%,up,5.30%
XTRE,BondBloxx ETF Trust BondBloxx Bloomberg Three Year Target Dura,$48.9951,-0.0249,-0.050821408671479384%,down,-0.64%
XTWO,BondBloxx ETF Trust BondBloxx Bloomberg Two Year Target Durati,$48.9550,-0.0050,-0.01021346134204882%,down,-0.65%
XTWY,BondBloxx ETF Trust BondBloxx Bloomberg Twenty Year Target Dur,$36.5800,0.3350,0.9158009841443412%,up,0.06%
XUDV,Franklin U.S. Dividend Booster Index ETF,$31.3273,0.4985,1.5912638497412799%,up,27.45%
XUSP,Innovator ETFs Trust Innovator Uncapped Accelerated U.S. Equit,$52.6499,0.3133,0.5950628586189147%,up,34.93%
XV,Simplify Exchange Traded Funds Simplify Target 15 Distribution,$24.7700,0.1500,0.6055712555510698%,up,-3.84%
XVV,iShares ESG Select Screened S&P 500 ETF,$56.8700,0.2200,0.3868471953578337%,up,26.80%
XXRP,Listed Funds Trust Teucrium 2x Long Daily XRP ETF,$3.6000,-0.2400,-6.666666666666666%,down,-90.22%
XXX,CYBER HORNET S&P 500 and XRP 75/25 Strategy ETF,$20.7584,-0.1012,-0.4875134885154924%,down,-0.80%
XYLD,Global X Funds Global X S&P 500 Covered Call ETF,$40.4200,0.0600,0.14844136566056407%,up,6.48%
XYLG,Global X S&P 500 Covered Call & Growth ETF,$28.6786,0.0706,0.24617659160489005%,up,8.75%
XYZG,Leverage Shares 2X Long XYZ Daily ETF,$13.6333,-0.3011,-2.2085628571219%,down,-11.18%
XYZY,Tidal Trust II YieldMax XYZ Option Income Strategy ETF,$25.4950,-0.2649,-1.0390272602471073%,down,-47.16%
YALL,God Bless America ETF,$43.6561,-0.1139,-0.2609028291578955%,down,8.79%
YANG,Direxion Daily FTSE China Bear 3X ETF,$29.7900,0.8800,2.9540114132259148%,up,-14.32%
YBIT,Tidal Trust II YieldMax Bitcoin Option Income Strategy ETF,$23.3134,-0.4566,-1.9585302873025814%,down,-57.77%
YBMN,Defiance BMNR Option Income ETF,$13.8970,-0.4612,-3.3187018781031874%,down,-40.54%
YBST,GraniteShares YieldBoost Single Stock Universe ETF,$15.0650,-0.0200,-0.13275804845668768%,down,-40.19%
YBTC,Roundhill ETF Trust Roundhill Bitcoin Covered Call Strategy ET,$21.5800,-0.4300,-1.9925857275254868%,down,-54.29%
YBTY,GraniteShares YieldBoost TopYielders ETF,$13.8200,-0.0550,-0.3979739507959479%,down,-45.35%
YCL,ProShares Ultra Yen,$18.1600,-0.0489,-0.2692731277533039%,down,-22.66%
YCS,ProShares UltraShort Yen New,$53.8800,0.1800,0.33407572383073497%,up,31.51%
YDEC,FT Vest International Equity Moderate Buffer ETF - December,$27.2800,-0.0600,-0.21994134897360704%,down,10.71%
YEAR,AB Active ETFs Inc. AB Ultra Short Income ETF,$50.3300,-0.0100,-0.01986886548778065%,down,-0.36%
YETH,Roundhill ETF Trust Roundhill Ether Covered Call Strategy ETF,$10.5400,-0.2600,-2.4667931688804554%,down,-59.24%
YFFI,Spinnaker ETF Series Indexperts Yield Focused Fixed Income ETF,$9.9500,-0.0214,-0.2150753768844221%,down,0.71%
YFYA,Yields for You Income Strategy A ETF,$9.8350,0.0050,0.05083884087442806%,up,-0.74%
YGLD,Simplify Exchange Traded Funds Simplify Gold Strategy PLUS Inc,$38.0700,-0.5194,-1.364328867874967%,down,9.92%
YINN,Direxion Daily FTSE China Bull 3X ETF,$30.8200,-0.9800,-3.17975340687865%,down,-18.29%
YJUN,FT Vest International Equity Moderate Buffer ETF - June,$26.7552,0.0052,0.019435474225571105%,up,10.99%
YLD,Principal Active High Yield ETF,$19.0000,0.0200,0.10526315789473684%,up,0.50%
YLDE,Franklin ClearBridge Enhanced Income ETF,$55.9403,0.1074,0.19199038975479216%,up,9.43%
YMAG,Tidal Trust II YieldMax Magnificent 7 Fund of Option Income ET,$12.7900,-0.0300,-0.23455824863174357%,down,-17.00%
YMAR,FT Vest International Equity Moderate Buffer ETF - March,$28.4200,0.0000,0%,unch,13.36%
YMAX,Tidal Trust II YieldMax Universe Fund of Option Income ETFs,$8.4400,0.0000,0%,unch,-37.94%
YNOT,Horizon Digital Frontier ETF,$32.7587,0.1053,0.32144132703678724%,up,29.88%
YOKE,YOKE Core ETF,$31.4064,0.0817,0.2601380610321463%,up,25.81%
YOLO,AdvisorShares Pure Cannabis ETF,$2.9200,0.0600,2.0547945205479454%,up,47.47%
YQQQ,YieldMax Short N100 Option Income Strategy ETF,$10.2700,-0.0500,-0.48685491723466406%,down,-32.03%
YSEP,FT Vest International Equity Buffer ETF - September,$27.2412,-0.0168,-0.061671292013567684%,down,14.36%
YSPY,GraniteShares YieldBOOST SPY ETF,$15.5950,0.0194,0.12439884578390509%,up,-22.98%
YXI,ProShares Short FTSE China 50,$21.9869,0.2091,0.9510208351336479%,up,-2.44%
YYY,Amplify CEF High Income ETF,$11.5700,0.0300,0.25929127052722556%,up,2.21%
ZALT,Innovator ETFs Trust Innovator U.S. Equity 10 Buffer ETF - Qua,$33.6700,0.0145,0.043065043065043065%,up,11.01%
ZAP,Global X U.S. Electrification ETF,$34.2300,0.3100,0.9056383289512124%,up,33.82%
ZAPR,Innovator ETFs Trust Innovator Equity Defined Protection ETF -,$26.5698,-0.0102,-0.03838944967594788%,down,7.41%
ZAUG,Innovator ETFs Trust Innovator Equity Defined Protection ETF -,$27.4000,0.0100,0.03649635036496351%,up,8.90%
ZDEK,Innovator ETFs Trust Innovator Equity Defined Protection ETF -,$26.3319,0.0119,0.04519233325358216%,up,9.35%
ZECP,Zacks Trust Zacks Earnings Consistent Portfolio ETF,$37.0500,0.2200,0.5937921727395412%,up,21.83%
ZFEB,Innovator ETFs Trust Innovator Equity Defined Protection ETF -,$25.9350,0.0149,0.05745132060921535%,up,8.11%
ZHDG,ZEGA Buy and Hedge ETF,$23.5265,0.1446,0.6146260599749219%,up,15.71%
ZHOG,F/m Opportunistic Income ETF,$51.3624,0.0374,0.07281591202903291%,up,0.45%
ZIG,The Acquirers Fund,$39.5612,0.2460,0.621821380544574%,up,16.40%
ZJAN,Innovator ETFs Trust Innovator Equity Defined Protection ETF -,$27.9200,0.0250,0.08954154727793695%,up,7.88%
ZJUL,Innovator Equity Defined Protection ETF - 1 Yr July,$29.7650,0.0250,0.08399126490844952%,up,8.55%
ZJUN,Innovator ETFs Trust Innovator Equity Defined Protection ETF -,$27.3950,0.0200,0.07300602299689725%,up,6.10%
ZMAR,Innovator ETFs Trust Innovator Equity Defined Protection ETF -,$28.1550,0.0007,0.002486236902859172%,up,7.95%
ZMAY,Innovator ETFs Trust Innovator Equity Defined Protection ETF -,$25.9204,-0.0196,-0.07561611703523094%,down,6.23%
ZMUN,F/m Ultrashort Tax-Free Municipal ETF,$50.1800,0.0000,0%,unch,0.22%
ZNOV,Innovator ETFs Trust Innovator Equity Defined Protection ETF -,$27.3200,-0.0150,-0.05490483162518302%,down,7.67%
ZOCT,Innovator Equity Defined Protection ETF - 1 Yr October,$27.4700,-0.0050,-0.018201674554058973%,down,7.61%
ZROZ,PIMCO 25  Year Zero Coupon U.S. Treasury Index Exchange-Traded,$61.3800,0.4800,0.7820136852394917%,up,-1.74%
ZSB,USCF ETF Trust USCF Sustainable Battery Metals Strategy Fund,$23.8875,0.0915,0.38304552590266877%,up,74.10%
ZSC,USCF ETF Trust USCF Sustainable Commodity Strategy Fund,$30.8500,0.1354,0.43889789303079413%,up,31.33%
ZSEP,Innovator Equity Defined Protection ETF - 1 Yr September,$27.4250,0.0150,0.05469462169553327%,up,8.31%
ZSL,ProShares UltraShort Silver,$20.1400,0.5800,2.879841112214498%,up,-93.49%
ZTAX,X-Square Municipal Income ETF,$25.1755,0.0000,0%,unch,1.78%
ZTEN,F/m 10-Year Investment Grade Corporate Bond ETF,$50.2726,0.0459,0.09130222029495194%,up,2.12%
ZTOP,F/m High Yield 100 ETF,$51.6818,0.0718,0.13892704975445902%,up,0.77%
ZTRE,F/m 3-Year Investment Grade Corporate Bond ETF,$50.6563,-0.0287,-0.05665632902521503%,down,0.01%
ZTWO,F/m 2-Year Investment Grade Corporate Bond ETF,$50.4500,-0.0100,-0.019821605550049554%,down,-0.21%
ZVOL,Volatility Premium Plus ETF,$8.0900,0.0600,0.7416563658838072%,up,-39.94%
AIVI,WisdomTree International AI Enhanced Value Fund,$57.2850,-0.2316,-0.4042943178842629%,down,20.81%
AIVL,WisdomTree U.S. AI Enhanced Value Fund,$125.2308,0.5619,0.4486915359480255%,up,15.07%
AIYY,Tidal Trust II YieldMax AI Option Income Strategy ETF,$9.2800,-0.0200,-0.21551724137931036%,down,-79.47%
AJAN,Innovator Equity Defined Protection ETF - 2 Yr to January 2028,$28.3376,0.0450,0.15879961605781717%,up,6.57%
AJUL,Innovator Equity Defined Protection ETF - 2 Yr to July 2026,$29.9200,0.0316,0.10561497326203208%,up,9.77%
ALAI,The Alger ETF Trust Alger AI Enablers & Adopters ETF,$43.5700,0.0600,0.1377094330961671%,up,59.94%
ALBG,Leverage Shares 2X Long ALB Daily ETF,$12.7152,0.2414,1.8985151629545742%,up,-21.97%
ALIL,Argent Focused Small Cap ETF,$30.5021,0.3530,1.1572973664108372%,up,10.06%
ALLW,State Street Bridgewater All Weather ETF,$29.8500,0.0400,0.13400335008375208%,up,19.21%
ALRG,Allspring Exchange-Traded Funds Trust Allspring LT Large Core ,$29.9072,0.0876,0.2929060560667665%,up,20.69%
ALTL,Pacer Lunt Large Cap Alternator ETF,$46.7392,0.6410,1.371439819252362%,up,38.20%
ALTY,Global X Alternative Income ETF,$12.3784,0.0288,0.2326633490596523%,up,9.06%
AMAX,Adaptive Hedged Multi-Asset Income ETF,$7.9250,-0.0050,-0.06309148264984227%,down,0.95%
AMDD,Direxion Daily AMD Bear 1X ETF,$3.5100,-0.1400,-3.9886039886039892%,down,-84.26%
AMDG,Leverage Shares 2X Long AMD Daily ETF,$98.1200,7.2300,7.368528332653893%,up,842.56%
AMDL,GraniteShares 2x Long AMD Daily ETF,$57.8800,4.2600,7.360055286800276%,up,981.87%
AMDW,Roundhill ETF Trust Roundhill AMD WeeklyPay ETF,$98.4600,4.3100,4.377412147064797%,up,90.91%
AMDY,Tidal Trust II Yieldmax AMD Option Income Strategy ETF,$53.6400,1.4500,2.7032065622669648%,up,41.34%
AMID,Argent Mid Cap ETF,$34.6572,0.2535,0.7314497420449431%,up,6.31%
AMJB,JPMorgan Chase Financial Co LLC Alerian MLP Index ETN,$37.0400,0.0200,0.05399568034557235%,up,21.96%
AMLP,Alerian MLP ETF,$54.5200,0.3400,0.623624358033749%,up,13.44%
AMOM,QRAFT AI-Enhanced U.S. Large Cap Momentum ETF,$58.1550,0.6251,1.0748860803026394%,up,39.24%
AMUB,ETRACS Alerian MLP Index ETN Series B,$23.3952,0.1388,0.5932840924634114%,up,22.37%
AMUN,abrdn Ultra Short Municipal Income Active ETF,$26.0500,0.0100,0.03838771593090211%,up,-0.55%
AMUU,Direxion Daily AMD Bull 2X ETF,$202.8400,14.8000,7.296391244330507%,up,852.23%
AMYY,GraniteShares YieldBOOST AMD ETF,$16.4000,0.0935,0.5701219512195123%,up,-34.07%
AMZA,InfraCap MLP ETF,$48.1700,0.3000,0.6227942702927133%,up,14.42%
AMZD,Direxion Daily AMZN Bear 1X ETF,$8.5700,0.0700,0.8168028004667446%,up,-27.74%
AMZO,Investment Managers Series Trust II Tradr 2X Short AMZN Daily ,$14.9504,0.2008,1.3431078767123288%,up,-41.90%
AMZP,Kurv Yield Premium Strategy Amazon (AMZN) ETF,$29.6500,-0.2300,-0.7757166947723441%,down,8.85%
AMZU,Direxion Daily AMZN Bull 2X ETF,$42.7700,-0.7300,-1.7068038344634089%,down,32.95%
AMZW,Roundhill ETF Trust Roundhill AMZN WeeklyPay ETF,$42.8600,-0.3900,-0.9099393373775082%,down,-13.43%
AMZY,Tidal ETF Trust II YieldMax AMZN Option Income Strategy ETF,$12.1600,-0.0600,-0.4934210526315789%,down,-22.94%
AMZZ,GraniteShares 2x Long AMZN Daily ETF,$39.4000,-0.5504,-1.396954314720812%,down,46.52%
ANEL,Defiance Daily Target 2x Long ANET ETF,$18.4700,1.2600,6.821873308067136%,up,-12.56%
ANEW,ProShares MSCI Transformational Changes ETF,$50.4911,0.2239,0.4434444882365407%,up,5.97%
ANGL,VanEck Fallen Angel High Yield Bond ETF,$29.0300,0.0300,0.10334137099552188%,up,2.04%
ANV,GraniteShares Autocallable NVDA ETF,$25.3600,-0.0400,-0.15772870662460567%,down,2.16%
AOA,iShares Core 80/20 Aggressive Allocation ETF,$96.7600,0.1500,0.15502273666804464%,up,22.03%
AOCT,Innovator Equity Defined Protection ETF - 2 Yr to October 2026,$27.1950,0.0250,0.09192866335723479%,up,7.85%
AOHY,Angel Oak High Yield Opportunities ETF,$11.0650,0.0100,0.09037505648441031%,up,0.87%
AOK,iShares Core 30/70 Conservative Allocation ETF,$41.1600,0.0500,0.12147716229348883%,up,8.54%
AOM,iShares Core 40/60 Moderate Allocation ETF,$49.4000,0.0800,0.16194331983805668%,up,11.46%
AOR,iShares Core 60/40 Balanced Allocation ETF,$68.7900,0.1100,0.15990696322139844%,up,16.51%
AOTG,AOT Growth and Innovation ETF,$60.0059,-0.0969,-0.1614841207281284%,down,31.35%
APCB,Trust for Professional Managers ActivePassive Core Bond ETF,$29.2400,0.0200,0.06839945280437756%,up,0.58%
APIE,Trust for Professional Managers ActivePassive International Eq,$37.8400,-0.2100,-0.554968287526427%,down,17.88%
APLU,Allspring Exchange-Traded Funds Trust Allspring Core Plus ETF,$24.4750,-0.0785,-0.3207354443309499%,down,0.10%
APLX,Tradr 2X Long APLD Daily ETF,$33.5500,-3.3200,-9.895678092399404%,down,240.03%
APLY,Tidal ETF Trust II YieldMax AAPL Option Income Strategy ETF,$12.7900,0.0900,0.7036747458952307%,up,-1.62%
APLZ,Investment Managers Series Trust II Tradr 2X Short APLD Daily ,$2.9800,0.2400,8.053691275167786%,up,-88.27%
APMU,Trust for Professional Managers ActivePassive Intermediate Mun,$24.8100,-0.0086,-0.03466344216041919%,down,1.14%
APOC,Innovator Equity Defined Protection ETF - 6mo Apr/Oct,$26.1750,0.0048,0.01833810888252149%,up,3.34%
APPX,Tradr 2X Long APP Daily ETF,$37.5500,-0.5500,-1.4647137150466047%,down,-8.88%
APRH,Innovator ETFs Trust Innovator Premium Income 20 Barrier ETF -,$25.3600,0.1000,0.3943217665615142%,up,2.47%
APRJ,Innovator ETFs Trust Innovator Premium Income 30 Barrier ETF -,$25.0700,-0.0299,-0.11926605504587155%,down,1.74%
APRP,PGIM S&P 500 Buffer 12 ETF - April,$32.2000,0.0300,0.09316770186335403%,up,18.25%
APRT,AllianzIM U.S. Large Cap Buffer10 Apr ETF,$45.5261,0.0597,0.13113356953483826%,up,20.13%
APRW,AllianzIM U.S. Large Cap Buffer20 Apr ETF,$36.9250,0.0550,0.14895057549085985%,up,13.37%
APRZ,TrueShares Structured Outcome (April) ETF,$39.7674,0.1104,0.27761432731332697%,up,17.19%
APUE,Trust for Professional Managers ActivePassive U.S. Equity ETF,$45.6600,0.2100,0.4599211563731932%,up,29.09%
APXM,First Trust Exchange-Traded Fund VIII FT Vest U.S. Equity Max ,$31.6250,0.0200,0.06324110671936758%,up,5.60%
AQLT,iShares Trust iShares MSCI Global Quality Factor ETF,$31.3634,0.1858,0.5924102616425515%,up,28.24%
AQWA,Global X Clean Water ETF,$18.6750,0.1200,0.642570281124498%,up,2.44%
ARB,AltShares Merger Arbitrage ETF,$29.5659,0.0059,0.019955421617471478%,up,4.51%
ARCM,Arrow Reserve Capital Management ETF,$100.2700,-0.0086,-0.008576842525182008%,down,-0.11%
ARCX,Tradr 2X Long ACHR Daily ETF,$20.7200,1.5100,7.287644787644788%,up,-83.72%
ARGT,Global X MSCI Argentina ETF,$90.4000,-1.6600,-1.8362831858407078%,down,-3.18%
ARKB,ARK 21Shares Bitcoin ETF Common Shares of Beneficial Interests,$25.1350,-0.6250,-2.4865725084543464%,down,-32.06%
ARKF,ARK Blockchain & Fintech Innovation ETF,$40.8500,-0.4400,-1.0771113831089352%,down,-0.24%
ARKG,ARK Genomic Revolution ETF,$30.6700,0.1400,0.4564721225953701%,up,47.31%
ARKK,ARK Innovation ETF,$76.4000,-0.2200,-0.28795811518324604%,down,35.51%
ARKQ,ARK Autonomous Technology & Robotics ETF,$136.2500,2.7900,2.0477064220183485%,up,74.84%
ARKW,ARK Next Generation Internet ETF,$145.2800,-0.1000,-0.06883259911894272%,down,21.05%
ARKX,ARK Space & Defense Innovation ETF,$35.4200,0.9600,2.7103331451157535%,up,73.80%
ARLU,AllianzIM U.S. Equity Buffer15 Uncapped Apr ETF,$31.8930,0.1178,0.369360047659361%,up,20.01%
ARMG,Leverage Shares 2X Long ARM Daily ETF,$34.0900,1.7900,5.250806688178351%,up,230.97%
ARMH,Precidian ETFs Trust Arm Holdings PLC ADRhedged,$128.0924,3.5837,2.7977460021047307%,up,130.09%
ARMY,Tema International Defense ETF,$25.3987,0.3237,1.274474677837842%,up,-0.22%
ARP,The Advisors Inner Circle Fund II PMV Adaptive Risk Parity ETF,$33.3144,-0.0056,-0.016809547823163556%,down,19.57%
ARTY,iShares Future AI & Tech ETF,$68.7800,0.6700,0.9741203838325094%,up,89.16%
ARVR,First Trust Indxx Metaverse ETF,$55.7295,1.0185,1.82757785373994%,up,31.93%
ASCE,Allspring Exchange-Traded Funds Trust Allspring SMID Core ETF,$32.3700,0.3800,1.1739264751312946%,up,30.76%
ASCI,abrdn International Small Cap Active ETF,$37.6092,0.3742,0.9949693160184209%,up,9.37%
ASEA,Global X FTSE Southeast Asia ETF,$19.9200,-0.0925,-0.46435742971887545%,down,18.85%
ASGM,Virtus ETF Trust II Virtus AlphaSimplex Global Macro ETF,$31.7034,-0.0315,-0.09935842843354341%,down,27.02%
ASHR,Xtrackers Harvest CSI 300 China A-Shares ETF,$35.3500,0.1000,0.2828854314002829%,up,30.64%
ASHS,Xtrackers Harvest CSI 500 China A-Shares Small Cap ETF,$45.5874,0.3354,0.7357296094973611%,up,61.94%
ASIA,Matthews International Funds Matthews Pacific Tiger Active ETF,$42.9286,0.1277,0.2974706838797445%,up,54.48%
ASLV,Allspring Exchange-Traded Funds Trust Allspring Special Large ,$29.4896,0.1496,0.5072974879279475%,up,18.28%
ASMF,Virtus ETF Trust II Virtus AlphaSimplex Managed Futures ETF,$26.1950,-0.0281,-0.10727238022523382%,down,17.08%
ASMG,Leverage Shares 2X Long ASML Daily ETF,$46.2428,2.2106,4.780419870769071%,up,228.90%
ASMH,Precidian ETFs Trust ASML Holding NV ADRhedged,$110.9137,2.9110,2.624563061190818%,up,114.89%
ASMU,Direxion Daily ASML Bull 2X ETF,$30.2700,1.4400,4.757185332011893%,up,17.12%
ASTX,Tradr 2X Long ASTS Daily ETF,$49.7500,8.3000,16.683417085427138%,up,85.15%
ATFV,Alger 35 ETF,$39.1936,-0.3764,-0.9603608752449379%,down,49.59%
ATMP,Barclays ETN Plus Select MLP ETN,$36.6116,0.3216,0.878410121382294%,up,26.38%
AUGM,First Trust Exchange-Traded Fund VIII FT Vest U.S. Equity Max ,$34.8850,0.0350,0.10032965457933211%,up,8.23%
AUGP,PGIM S&P 500 Buffer 12 ETF - August,$32.5500,0.0400,0.12288786482334871%,up,19.20%
AUGT,AIM ETF Products Trust AllianzIM U.S. Large Cap Buffer10 Aug E,$37.6750,0.0524,0.13908427339084276%,up,20.63%
AUGU,AIM ETF Products Trust AllianzIM U.S. Equity Buffer15 Uncapped,$31.6611,0.1204,0.38027737507540793%,up,22.10%
AUGW,AIM ETF Products Trust AllianzIM U.S. Large Cap Buffer20 Aug E,$33.7912,0.0362,0.10712848315537772%,up,14.16%
AUGZ,TrueShares Structured Outcome (August) ETF,$45.2300,0.1099,0.24298032279460538%,up,17.08%
AUMI,Themes Gold Miners ETF,$87.3800,-0.9046,-1.0352483405813686%,down,62.93%
AUSF,Global X Funds Global X Adaptive U.S. Factor ETF,$49.5100,0.3800,0.7675217127852959%,up,14.21%
AUSM,Allspring Exchange-Traded Funds Trust Allspring Ultra Short Mu,$25.0470,-0.0180,-0.07186489399928134%,down,0.17%
AVDE,Avantis International Equity ETF,$90.7900,-0.1000,-0.11014428901861438%,down,26.33%
AVDS,American Century ETF Trust Avantis International Small Cap Equ,$78.2600,0.0243,0.03105034500383337%,up,33.09%
AVDV,Avantis International Small Cap Value ETF,$108.2700,-0.1000,-0.09236168837166343%,down,43.01%
AVEE,American Century ETF Trust Avantis Emerging Markets Small Cap ,$70.5042,0.7110,1.0084505603921468%,up,24.17%
AVEM,Avantis Emerging Markets Equity ETF,$93.0500,-0.0600,-0.06448146157979581%,down,44.29%
AVES,Avantis Emerging Markets Value ETF,$66.2800,0.6000,0.9052504526252263%,up,30.73%
AVGB,Avantis Credit ETF,$50.9900,0.0350,0.06864090998234948%,up,1.20%
AVGE,American Century ETF Trust Avantis All Equity Markets ETF,$97.7300,0.3600,0.36836181315870253%,up,32.05%
AVGG,Leverage Shares 2X Long AVGO Daily ETF,$34.8100,-0.1381,-0.39672507900028725%,down,136.71%
AVGU,GraniteShares 2x Long AVGO Daily ETF,$44.7480,-0.0970,-0.21676946455707521%,down,71.89%
AVGV,American Century ETF Trust Avantis All Equity Markets Value ET,$84.4300,0.3800,0.4500769868530143%,up,34.41%
AVGW,Roundhill ETF Trust Roundhill AVGO WeeklyPay ETF,$47.4200,-0.0400,-0.08435259384226064%,down,-8.48%
AVGX,Defiance Daily Target 2x Long AVGO ETF,$59.9200,-0.2200,-0.3671562082777036%,down,134.43%
AVIE,American Century ETF Trust Avantis Inflation Focused Equity ET,$74.9873,0.4818,0.6425087981564878%,up,25.87%
AVIG,Avantis Core Fixed Income ETF,$41.2100,0.0400,0.0970638194612958%,up,1.35%
AVIV,Avantis International Large Cap Value ETF,$79.1200,-0.1400,-0.17694641051567242%,down,30.02%
AVL,Direxion Daily AVGO Bull 2X ETF,$56.5300,-0.2600,-0.45993277905536883%,down,103.71%
AVLC,American Century ETF Trust Avantis U.S. Large Cap Equity ETF,$88.3500,0.4300,0.4867006225240521%,up,31.87%
AVLV,Avantis U.S. Large Cap Value ETF,$89.3200,0.6100,0.6829377519032692%,up,36.76%
AVMA,American Century ETF Trust Avantis Moderate Allocation ETF,$72.3000,0.2000,0.2766251728907331%,up,21.51%
AVMC,American Century ETF Trust Avantis U.S. Mid Cap Equity ETF,$77.9465,0.5765,0.7396098606095206%,up,22.62%
AVMU,Avantis Core Municipal Fixed Income ETF,$45.9100,0.0100,0.02178174689610107%,up,3.37%
AVMV,American Century ETF Trust Avantis U.S. Mid Cap Value ETF,$78.9530,0.5930,0.7510797563107164%,up,26.00%
AVNM,American Century ETF Trust Avantis All International Markets E,$83.0500,0.0400,0.048163756773028296%,up,32.06%
AVNV,American Century ETF Trust Avantis All International Markets V,$84.4236,0.0484,0.057329940916994775%,up,33.16%
AVOS,Avos Global Equities ETF,$26.8244,0.1066,0.3973993826516157%,up,8.35%
AVRE,Avantis Real Estate ETF,$47.7600,-0.0900,-0.1884422110552764%,down,10.86%
AVS,Direxion Daily AVGO Bear 1X ETF,$7.5084,0.0071,0.09456075861701561%,up,-52.21%
AVSC,American Century ETF Trust Avantis U.S Small Cap Equity ETF,$68.0900,0.5200,0.7636951094140109%,up,39.04%
AVSD,American Century ETF Trust Avantis Responsible International E,$79.7837,-0.0456,-0.057154531564718114%,down,21.64%
AVSE,American Century ETF Trust Avantis Responsible Emerging Market,$77.7879,0.0379,0.04872223057827761%,up,40.61%
AVSF,Avantis Short-Term Fixed Income ETF,$46.5210,-0.0190,-0.04084177038326777%,down,-0.20%
AVSU,American Century ETF Trust Avantis Responsible U.S. Equity ETF,$85.5668,0.5191,0.6066605272138259%,up,31.78%
AVUQ,Avantis U.S. Quality ETF,$66.0507,0.1326,0.2007548746644623%,up,31.37%
AVUS,Avantis U.S. Equity ETF,$125.7700,0.5800,0.46115925896477694%,up,31.83%
AVUV,Avantis U.S. Small Cap Value ETF,$120.0300,0.7900,0.6581687911355495%,up,37.13%
AVXC,Avantis Emerging Markets Ex-China Equity ETF,$80.7708,-0.0053,-0.0065617772759462584%,down,52.25%
AVXX,Defiance Daily Target 2x Long AVAV ETF,$8.6756,1.0856,12.513255567338282%,up,-86.61%
AWAY,Amplify ETF Trust Amplify Travel Tech ETF,$16.4538,-0.1960,-1.1912141876040794%,down,-20.70%
AXPG,Leverage Shares 2x Long AXP Daily ETF,$11.5203,0.1281,1.1119502096299574%,up,-21.18%
AZTD,Aztlan Global Stock Selection DM SMID ETF,$31.6945,0.0241,0.07603842938049188%,up,22.82%
AZYY,GraniteShares YieldBOOST AMZN ETF,$16.7650,-0.0140,-0.08350730688935282%,down,-33.42%
BAB,Invesco Taxable Municipal Bond ETF,$26.5500,0.0700,0.2636534839924671%,up,3.15%
BABO,Tidal Trust II YieldMax BABA Option Income Strategy ETF,$9.8100,-0.1200,-1.2232415902140672%,down,-39.63%
BABU,Direxion Daily BABA Bull 2X ETF,$13.9300,-0.3300,-2.3689877961234744%,down,-42.67%
BABX,GraniteShares 2x Long BABA Daily ETF,$25.4300,-0.6000,-2.359418010224145%,down,-9.79%
BAFE,Brown Advisory Flexible Equity ETF,$28.3774,0.0647,0.22799833670456066%,up,14.19%
BAGY,Amplify ETF Trust Amplify Bitcoin Max Income Covered Call ETF,$29.5707,-0.7486,-2.531559956308102%,down,-49.03%
BAI,BlackRock ETF Trust iShares A.I. Innovation and Tech Active ET,$47.8100,0.3100,0.6483999163354947%,up,85.89%
BAIG,Leverage Shares 2X Long BBAI Daily ETF,$36.8421,-0.0063,-0.01710000244285749%,down,-74.32%
BAIV,Brown Advisory International Value Select ETF,$25.3050,-0.1399,-0.5528551669630508%,down,-1.10%
BALI,iShares U.S. Large Cap Premium Income Active ETF,$33.9600,0.1500,0.4416961130742049%,up,17.43%
BALQ,iShares Nasdaq Premium Income Active ETF,$56.5461,0.2252,0.39825911955024307%,up,13.01%
BALT,Innovator Defined Wealth Shield ETF,$34.0900,-0.0300,-0.0880023467292461%,down,7.27%
BAMA,Brookstone Active ETF,$36.3257,0.0457,0.1258062473675662%,up,18.67%
BAMD,Brookstone Dividend Stock ETF,$32.7133,0.3233,0.9882830530701581%,up,6.63%
BAMG,Brookstone Growth Stock ETF,$42.7500,0.2500,0.5847953216374269%,up,25.73%
BAMO,Brookstone Opportunities ETF,$34.2712,0.1082,0.3157169868577698%,up,12.92%
BAMU,Brookstone Ultra-Short Bond ETF,$25.3400,0.0100,0.03946329913180742%,up,-0.20%
BAMV,Brookstone Value Stock ETF,$35.2400,0.3000,0.851305334846765%,up,14.61%
BAMY,Brookstone Yield ETF,$27.7251,0.0151,0.05446328417210398%,up,3.34%
BAPR,Innovator U.S. Equity Buffer ETF - April ,$52.8300,0.0700,0.1325004732159758%,up,21.23%
BAR,Graniteshares Gold Trust,$44.4000,-0.3100,-0.6981981981981982%,down,36.91%
BASG,Brown Advisory Sustainable Growth ETF,$25.9481,0.0999,0.38499928703835734%,up,2.41%
BASV,Brown Advisory Sustainable Value ETF,$29.0171,0.2537,0.8743120435880911%,up,14.81%
BATT,Amplify Lithium & Battery Technology ETF,$16.7100,0.0400,0.23937761819269898%,up,92.51%
BAUG,Innovator U.S. Equity Buffer ETF - August,$52.9963,0.0397,0.07491089000552868%,up,21.22%
BBAG,JPMorgan BetaBuilders U.S. Aggregate Bond ETF,$45.6400,0.0298,0.06529360210341806%,up,1.02%
BBAX,JPMorgan BetaBuilders Developed Asia Pacific-ex Japan ETF ,$61.4100,-0.4400,-0.7164956847418987%,down,17.78%
BBB,Cyber Hornet S&P 500 and Bitcoin 75/25 Strategy ETF,$30.4855,-0.0728,-0.23880205343523972%,down,9.41%
BBBI,BondBloxx ETF Trust BondBloxx BBB Rated 5-10 Year Corporate Bo,$51.2000,0.0500,0.09765625%,up,2.00%
BBBL,BondBloxx ETF Trust BondBloxx BBB Rated 10+ Year Corporate Bon,$47.4816,0.1826,0.3845700229141394%,up,2.88%
BBBS,BondBloxx ETF Trust BondBloxx BBB Rated 1-5 Year Corporate Bon,$50.9400,0.0100,0.019630938358853555%,up,0.10%
BBC,Virtus Biotech Clinical Trials ETF,$42.7083,-0.6267,-1.467396267236111%,down,134.19%
BBCA,JPMorgan BetaBuilders Canada ETF,$100.5400,-0.1200,-0.11935548040580862%,down,30.40%
BBCB,JPMorgan BetaBuilders USD Investment Grade Corporate Bond ETF,$45.0989,0.0739,0.16386208976272149%,up,1.37%
BBEM,J.P. Morgan Exchange-Traded Fund Trust JPMorgan BetaBuilders E,$75.8646,-0.3554,-0.4684661884462582%,down,36.82%
BBEU,JPMorgan BetaBuilders Europe ETF,$77.5200,-0.2900,-0.3740970072239422%,down,16.01%
BBH,VanEck Biotech ETF,$184.7565,0.7230,0.3913258802802608%,up,26.51%
BBHY,JPMorgan BetaBuilders USD High Yield Corporate Bond ETF,$45.9900,0.0000,0%,unch,0.59%
BBIB,J.P. Morgan Exchange-Traded Fund Trust JPMorgan BetaBuilders U,$97.3648,0.0602,0.061829326409544305%,up,-0.26%
BBIN,JPMorgan BetaBuilders International Equity ETF,$78.0800,-0.2600,-0.33299180327868855%,down,18.18%
BBJP,JPMorgan BetaBuilders Japan ETF,$74.4900,0.2600,0.34904013961605584%,up,25.68%
BBLB,J.P. Morgan Exchange-Traded Fund Trust JPMorgan BetaBuilders U,$80.0771,0.4391,0.5483465310307191%,up,0.07%
BBLU,EA Series Trust EA Bridgeway Blue Chip ETF,$16.6170,0.0900,0.5416140097490522%,up,28.81%
BBMC,JPMorgan BetaBuilders U.S. Mid Cap Equity ETF,$120.9400,0.6428,0.5315032247395403%,up,30.50%
BBP,Virtus Biotech ETF,$86.1147,-0.4009,-0.4655418877380981%,down,54.79%
BBRE,JPMorgan BetaBuilders MSCI U.S. REIT ETF ,$105.7469,0.2069,0.195655853741339%,up,16.55%
BBSB,J.P. Morgan Exchange-Traded Fund Trust JPMorgan BetaBuilders U,$98.2474,-0.0524,-0.053334744736247476%,down,-0.53%
BBSC,JPMorgan BetaBuilders U.S. Small Cap Equity ETF,$85.2815,0.7659,0.898084578718714%,up,37.01%
BBUS,JPMorgan BetaBuilders U.S. Equity ETF,$134.3800,0.6100,0.4539365977079923%,up,27.29%
BBYY,GraniteShares YieldBOOST BABA ETF,$11.7124,-0.0123,-0.10501690516034287%,down,-52.57%
BCCC,Global X Funds Global X Bitcoin Covered Call ETF,$14.3100,-0.3300,-2.3060796645702304%,down,-42.95%
BCD,abrdn Bloomberg All Commodity Longer Dated Strategy K-1 Free E,$37.3600,-0.1600,-0.4282655246252677%,down,13.59%
BCDF,Listed Funds Trust Horizon Kinetics Blockchain Development ETF,$33.7700,0.7788,2.3061889250814334%,up,10.10%
BCFN,Baron Financials ETF,$21.1405,0.0355,0.16792412667628484%,up,-14.79%
BCGD,Baron ETF Trust Baron Global Durable Advantage ETF,$26.0456,-0.0054,-0.020732868507540622%,down,3.40%
BCGS,Exchange Listed Funds Trust Bancreek Global Select ETF,$26.4899,0.0508,0.19177120336430112%,up,4.44%
BCHI,The 2023 ETF Series Trust II GMO Beyond China ETF,$39.0711,0.0958,0.2451940180849784%,up,49.22%
BCI,abrdn Bloomberg All Commodity Strategy K-1 Free ETF,$24.9500,-0.1200,-0.4809619238476954%,down,20.88%
BCIL,Exchange Listed Funds Trust Bancreek International Large Cap E,$29.4602,0.0460,0.1561428639316773%,up,-0.82%
BCKT,Stone Ridge Trust LifeX 2030 Income Bucket ETF,$42.5202,-0.0137,-0.03221998015061077%,down,-12.52%
BCLO,iShares BBB-B CLO Active ETF,$49.8000,0.0600,0.12048192771084339%,up,0.16%
BCOR,Grayscale Funds Trust Grayscale Bitcoin Adopters ETF,$26.0341,-0.1459,-0.5604188352967838%,down,-17.45%
BCSM,Baron ETF Trust Baron SMID Cap ETF,$23.3129,0.1658,0.7111942315198883%,up,-4.08%
BCTK,Baron Technology ETF,$29.7597,0.1784,0.5994684086197106%,up,20.61%
BCUS,Exchange Listed Funds Trust Bancreek U.S. Large Cap ETF,$35.0800,0.1500,0.42759407069555305%,up,13.55%
BDBT,Exchange Traded Concepts Trust Bluemonte Core Bond ETF,$25.1000,0.0300,0.1195219123505976%,up,0.14%
BDCX,ETRACS Quarterly Pay 1.5x Leveraged MarketVector BDC Liquid In,$19.6403,-0.3326,-1.693456820924324%,down,-28.83%
BDCZ,ETRACS Linked to the Wells Fargo Business Development Company ,$14.7395,-0.1508,-1.0231011906781098%,down,-17.45%
BDEC,Innovator U.S. Equity Buffer ETF - December,$52.8299,0.1399,0.2648121612950242%,up,22.49%
BDGS,Bridges Capital Tactical ETF,$36.5611,0.0456,0.12472272442568741%,up,13.90%
BDIV,ETF Series Solutions AAM Brentview Dividend Growth ETF,$24.4337,0.0871,0.3564748687263901%,up,22.77%
BDRY,Amplify Commodity Trust Breakwave Dry Bulk Shipping ETF,$12.6750,0.1750,1.3806706114398422%,up,143.28%
BDVG,Litman Gregory Funds Trust IMGP Berkshire Dividend Growth ETF,$14.1005,0.2373,1.6829190454239211%,up,21.45%
BDVL,iShares Disciplined Volatility Equity Active ETF,$26.1751,0.0870,0.332376953669709%,up,4.67%
BDYN,iShares Dynamic Equity Active ETF,$27.3582,0.0332,0.12135301299062072%,up,8.38%
BEDY,BNY Mellon Enhanced Dividend and Income ETF,$28.4790,0.1853,0.6506548684995961%,up,8.70%
BEDZ,AdvisorShares Hotel ETF,$33.7400,-0.2100,-0.6224066390041494%,down,14.33%
BEEX,The Beehive ETF,$26.9985,0.0491,0.18186195529381263%,up,18.83%
BEEZ,Honeytree U.S. Equity ETF,$32.7270,0.2303,0.703700308613683%,up,2.97%
BEG,Leverage Shares 2x Long BE Daily ETF,$98.6182,-3.5240,-3.573376922312514%,down,589.22%
BELT,iShares U.S. Select Equity Active ETF,$39.1638,0.0785,0.20044020243183755%,up,28.82%
BEMB,iShares Trust iShares J.P. Morgan Broad USD Emerging Markets B,$53.0377,0.0583,0.10992181033491272%,up,2.46%
BENJ,Horizon Funds Horizon Landmark ETF,$52.5900,0.0200,0.038030043734550295%,up,3.86%
BERZ,MicroSectors FANG & Innovation -3x Inverse Leveraged ETN,$24.0100,-0.1200,-0.4997917534360683%,down,-84.61%
BESF,EA Series Trust Bastion Energy ETF,$41.3703,0.1165,0.28160298571680653%,up,63.87%
BETE,ProShares Bitcoin & Ether Equal Weight ETF,$34.8881,-1.0919,-3.1297204490929573%,down,-51.76%
BETH,ProShares Bitcoin & Ether Market Cap Weight ETF,$41.8947,-1.1208,-2.6752787345416005%,down,-51.77%
BETZ,Roundhill Sports Betting & iGaming ETF,$18.4347,-0.0356,-0.1931140729168362%,down,-12.33%
BEX,Investment Managers Series Trust II Tradr 2X Long BE Daily ETF,$69.8800,-2.6100,-3.734974241556955%,down,340.61%
BEZ,Investment Managers Series Trust II Tradr 2X Short BE Daily ET,$1.6750,0.0550,3.2835820895522385%,up,-92.64%
BFAP,First Trust Exchange-Traded Fund FT Vest Bitcoin Strategy Floo,$15.2067,-0.1386,-0.9114403519501272%,down,-32.94%
BFEB,Innovator U.S. Equity Buffer ETF - February,$52.2952,0.1025,0.1960026924077162%,up,22.32%
BFIX,Build Funds Trust Build Bond Innovation ETF,$25.2773,0.1023,0.40471094618491693%,up,0.99%
BFJL,First Trust Exchange-Traded Fund FT Vest Bitcoin Strategy Floo,$16.7150,-0.0200,-0.11965300628178283%,down,-15.64%
BFOR,Barron's 400 ETF,$89.5500,0.5800,0.647682858738135%,up,22.11%
BFRZ,Innovator ETFs Trust Innovator Equity Managed 100 Buffer ETF,$27.0156,0.0356,0.1317757147722057%,up,7.55%
BGDV,ETF Series Solutions Bahl & Gaynor Dividend ETF,$30.2450,0.1870,0.6182840138865928%,up,24.88%
BGIG,ETF Series Solutions Bahl & Gaynor Income Growth ETF,$35.4200,0.2300,0.6493506493506493%,up,20.61%
BGLD,FT Vest Gold Strategy Quarterly Buffer ETF,$17.3000,0.0629,0.36358381502890175%,up,-19.12%
BGRN,iShares USD Green Bond ETF,$47.3068,0.0399,0.08434305427549527%,up,1.17%
BGRO,iShares Large Cap Growth Active ETF,$42.0767,0.1120,0.2661805702443395%,up,25.27%
BHDG,Nicholas Bitcoin Tail ETF,$23.3050,0.1800,0.7723664449688908%,up,-8.91%
BHYB,DBX ETF Trust Xtrackers USD High Yield BB-B ex Financials ETF,$54.1392,0.0606,0.11193368206401277%,up,1.33%
BIB,ProShares Ultra Nasdaq Biotechnology,$81.9679,-0.3236,-0.3947886916707638%,down,90.18%
BIBL,Inspire 100 ETF,$53.6100,0.7200,1.3430330162283157%,up,36.66%
BIDD,iShares International Dividend Active ETF,$31.4000,-0.1700,-0.5414012738853503%,down,15.70%
BIDG,Leverage Shares 2X Long BIDU Daily ETF,$14.6800,-0.8294,-5.6498637602179835%,down,-3.64%
BIGY,Tidal Trust II YieldMax Target 12 Big 50 Option Income ETF,$53.3700,0.2600,0.487165074011617%,up,13.57%
BIL,State Street SPDR Bloomberg 1-3 Month T-Bill ETF,$91.5900,0.0200,0.021836445026749644%,up,-0.07%
BILD,Nomura Global Listed Infrastructure ETF,$30.7570,0.0162,0.05267093669733718%,up,15.69%
BILS,State Street SPDR Bloomberg 3-12 Month T-Bill ETF,$99.3700,0.0300,0.0301901982489685%,up,0.03%
BILT,BlackRock ETF Trust iShares Infrastructure Active ETF,$29.4500,0.1100,0.3735144312393888%,up,17.23%
BILZ,PIMCO U.S. Treasury Index Fund PIMCO Ultra Short Government Ac,$100.9100,0.0500,0.04954910316123278%,up,-0.22%
BINC,iShares Flexible Income Active ETF,$52.1900,0.0200,0.03832151753209427%,up,0.29%
BINT,Exchange Traded Concepts Trust Bluemonte Global Equity ETF,$32.1119,0.0062,0.019307484141393067%,up,27.34%
BINV,Brandes International ETF,$42.7465,-0.3168,-0.7411133075222534%,down,21.46%
BIS,ProShares UltraShort Nasdaq Biotechnology,$8.5851,0.0451,0.5253287672828505%,up,-54.99%
BITB,Bitwise Bitcoin ETF Common Shares of Beneficial Interest,$41.1400,-1.0000,-2.430724355858046%,down,-32.01%
BITC,Bitwise Trendwise Bitcoin and Treasuries Rotation Strategy ETF,$38.9652,-0.0148,-0.03798261012390543%,down,-23.10%
BITI,ProShares Short Bitcoin ETF,$23.0500,0.5700,2.4728850325379605%,up,21.06%
BITK,Tuttle Capital Bitcoin 0DTE Covered Call ETF,$12.0700,-0.3400,-2.816901408450704%,down,-52.35%
BITO,ProShares Bitcoin ETF,$10.3500,-0.2500,-2.4154589371980677%,down,-55.83%
BITQ,Bitwise Funds Trust Bitwise Crypto Industry Innovators ETF,$26.8200,-0.1100,-0.41014168530947054%,down,51.35%
BITS,Global X Blockchain & Bitcoin Strategy ETF,$68.8695,-1.1203,-1.6266997727586232%,down,-0.89%
BITU,ProShares Trust ProShares Ultra Bitcoin ETF,$14.0100,-0.7300,-5.210563882940757%,down,-75.62%
BITW,Bitwise 10 Crypto Index ETF Common Shares of Beneficial Intere,$48.4300,-1.3300,-2.7462316745818707%,down,-24.41%
BITX,Volatility Shares Trust 2x Bitcoin Strategy ETF,$17.8100,-0.9400,-5.27793374508703%,down,-70.63%
BITY,Amplify Bitcoin 2% Monthly Option Income ETF,$32.3123,-0.8088,-2.5030715857428905%,down,-44.58%
BIV,Vanguard Intermediate-Term Bond ETF,$76.3000,0.0700,0.09174311926605506%,up,0.93%
BIZD,VanEck BDC Income ETF ,$12.3800,-0.1400,-1.1308562197092085%,down,-21.40%
BJAN,Innovator U.S. Equity Buffer ETF - January,$58.4777,0.1084,0.18536980763607325%,up,21.75%
BJUL,Innovator U.S. Equity Buffer ETF - July,$53.6689,0.0339,0.06316507325471549%,up,20.41%
BJUN,Innovator U.S. Equity Buffer ETF - June,$48.8350,-0.0100,-0.02047711682195147%,down,16.75%
BKAG,BNY Mellon Core Bond ETF,$41.7200,0.0523,0.12535953978907%,up,0.97%
BKCG,BNY Mellon ETF Trust II BNY Mellon Concentrated Growth ETF,$38.0080,0.0964,0.25363081456535463%,up,17.06%
BKCH,Global X Blockchain ETF,$86.2700,-1.0300,-1.1939260461342298%,down,85.85%
BKCI,BNY Mellon ETF Trust BNY Mellon Concentrated International ETF,$52.8824,-0.1760,-0.3328139418785834%,down,4.82%
BKDV,BNY Mellon ETF Trust II BNY Mellon Dynamic Value ETF,$32.6900,0.2500,0.7647598654022637%,up,30.29%
BKEM,BNY Mellon Emerging Markets Equity ETF,$91.5483,-0.3983,-0.43507088607871475%,down,44.81%
BKF,iShares MSCI BIC ETF,$40.5600,-0.1525,-0.3759861932938856%,down,-0.50%
BKGI,BNY Mellon ETF Trust BNY Mellon Global Infrastructure Income E,$46.4700,-0.0400,-0.08607703894986013%,down,23.89%
BKHY,BNY Mellon High Yield ETF,$47.5100,0.0140,0.029467480530414654%,up,0.25%
BKIE,BNY Mellon International Equity ETF,$99.2700,-0.3500,-0.3525737886571976%,down,19.80%
BKLC,BNY Mellon US Large Cap Core Equity ETF,$142.7600,0.5100,0.35724292518912865%,up,27.83%
BKLN,Invesco Senior Loan ETF,$20.4700,-0.0200,-0.09770395701025893%,down,-1.54%
BKMC,BNY Mellon US Mid Cap Core Equity ETF,$118.6000,1.0317,0.8698988195615515%,up,21.44%
BKMI,BNY Mellon Municipal Intermediate ETF,$26.1300,0.0090,0.03444316877152698%,up,-1.38%
BKMS,BNY Mellon Municipal Short Duration ETF,$25.4549,0.0099,0.03889231542846368%,up,-0.70%
BKSE,BNY Mellon US Small Cap Core Equity ETF,$125.7525,1.1621,0.9241168167630862%,up,32.84%
BKUI,BNY Mellon Ultra Short Income ETF,$49.7250,-0.0011,-0.002212166918049271%,down,-0.03%
BLCN,Siren NexGen Economy ETF,$24.5450,-0.6550,-2.6685679364432673%,down,9.82%
BLCR,iShares Large Cap Core Active ETF,$49.6600,-0.0600,-0.12082158679017319%,down,49.14%
BLCV,BlackRock ETF Trust iShares Large Cap Value Active ETF,$39.5400,0.2500,0.6322711178553364%,up,20.74%
BLDG,Cambria Global Real Estate ETF,$26.0523,0.0873,0.3350951739385774%,up,9.16%
BLES,Inspire Global Hope ETF,$47.6525,0.1425,0.29903992445307165%,up,21.13%
BLGR,Exchange Traded Concepts Trust Bluemonte Large Cap Growth ETF,$31.7400,0.0456,0.14366729678638943%,up,25.68%
BLOK,Amplify Blockchain Technology ETF,$63.9200,-0.3800,-0.5944931163954944%,down,25.95%
BLOX,Tidal Trust II Nicholas Crypto Income ETF,$16.9500,-0.2500,-1.4749262536873158%,down,-11.58%
BLSG,Leverage Shares 2X Long BLSH Daily ETF,$4.2645,-0.1738,-4.075507093445891%,down,-73.67%
BLST,Exchange Traded Concepts Trust Bluemonte Short Term Bond ETF,$25.0000,0.0092,0.0368%,up,-0.20%
BLTD,Exchange Traded Concepts Trust Bluemonte Long Term Bond ETF,$25.0000,0.0800,0.32%,up,-0.29%
BLUC,Exchange Traded Concepts Trust Bluemonte Large Cap Core ETF,$31.1700,0.0900,0.28873917228103946%,up,23.42%
BLUI,Exchange Traded Concepts Trust Bluemonte Diversified Income ET,$25.8439,0.0366,0.14161949241407062%,up,3.13%
BLUX,Exchange Traded Concepts Trust Bluemonte Dynamic Total Market ,$31.2800,0.2024,0.6470588235294117%,up,23.79%
BLV,Vanguard Long-Term Bond ETF,$67.9000,0.2900,0.42709867452135486%,up,2.11%
BMAR,Innovator U.S. Equity Buffer ETF - March,$57.1700,0.0607,0.10617456708063669%,up,21.84%
BMAY,Innovator U.S. Equity Buffer ETF - May,$47.1700,0.0900,0.19079923680305277%,up,15.90%
BMED,iShares Health Innovation Active ETF,$28.0800,0.2000,0.7122507122507123%,up,18.26%
BMNG,Leverage Shares 2X Long BMNR Daily ETF,$20.0300,-1.6700,-8.337493759360958%,down,-94.13%
BMNU,ETF Opportunities Trust T-REX 2X Long BMNR Daily Target ETF,$1.4550,-0.1200,-8.24742268041237%,down,-94.39%
BMOP,BNY Mellon Municipal Opportunities ETF,$24.7000,0.0250,0.10121457489878542%,up,-0.86%
BMVP,Invesco Bloomberg MVP Multi-factor ETF,$52.0418,0.6816,1.3097164202621738%,up,9.70%
BND,Vanguard Total Bond Market ETF,$73.0000,0.0700,0.09589041095890412%,up,1.28%
BNDC,FlexShares Core Select Bond Fund,$21.9600,-0.0100,-0.04553734061930783%,down,0.78%
BNDD,Quadratic Deflation ETF,$97.8166,0.6225,0.6363950495110238%,up,-0.19%
BNDI,NEOS ETF Trust NEOS Enhanced Income Aggregate Bond ETF,$46.8300,0.0541,0.11552423660046979%,up,1.55%
BNDP,Vanguard Core-Plus Bond Index ETF,$73.7650,0.0500,0.06778282383244086%,up,-1.88%
BNDS,Series Portfolios Trust Infrastructure Capital Bond Income ETF,$50.9600,0.1043,0.20467032967032966%,up,5.25%
BNDW,Vanguard Total World Bond ETF,$68.0600,0.0900,0.13223626212165734%,up,-0.19%
BNDX,Vanguard Total International Bond ETF,$48.0600,0.0800,0.16645859342488556%,up,-1.72%
BNDY,Horizon Funds Horizon Core Bond ETF,$25.2655,0.0460,0.18206645425580337%,up,1.39%
FEIG,FlexShares ESG & Climate Investment Grade Corporate Core Index,$40.6899,0.0849,0.20865128692869728%,up,1.33%
FELC,Fidelity Covington Trust Fidelity Enhanced Large Cap Core ETF,$41.7400,0.1800,0.43124101581217056%,up,28.15%
FELG,Fidelity Covington Trust Fidelity Enhanced Large Cap Growth ET,$44.1800,0.0800,0.1810774105930285%,up,28.06%
FELV,Fidelity Covington Trust Fidelity Enhanced Large Cap Value ETF,$38.9500,0.3700,0.949935815147625%,up,27.83%
FEM,First Trust Emerging Markets AlphaDEX Fund,$32.6128,0.4728,1.4497375263700143%,up,35.38%
FEMB,First Trust Emerging Markets Local Currency Bond ETF,$29.0500,-0.0038,-0.013080895008605853%,down,4.31%
FEMR,Fidelity Covington Trust Fidelity Enhanced Emerging Markets ET,$40.7700,-0.0200,-0.04905567819475104%,down,50.05%
FEMS,First Trust Emerging Markets Small Cap AlphaDEX Fund,$46.7850,0.8700,1.859570375120231%,up,19.23%
FENI,Fidelity Covington Trust Fidelity Enhanced International ETF,$39.9600,-0.0800,-0.20020020020020018%,down,24.06%
FENY,Fidelity MSCI Energy Index ETF,$33.0600,0.1400,0.42347247428917123%,up,46.93%
FEOE,The RBB Fund Trust First Eagle Overseas Equity ETF,$53.9400,-0.3300,-0.6117908787541714%,down,31.75%
FEP,First Trust Europe AlphaDEX Fund,$58.7900,-0.3152,-0.5361456029937064%,down,27.22%
FEPI,REX FANG & Innovation Equity Premium Income ETF,$45.2200,0.0800,0.17691287041132242%,up,3.57%
FESM,Fidelity Enhanced Small Cap Core ETF,$44.8100,0.3900,0.8703414416424905%,up,49.07%
FEUS,FlexShares ESG & Climate US Large Cap Core Index Fund,$81.0691,0.4280,0.52794467929211%,up,25.55%
FEUZ,First Trust Eurozone AlphaDEX ETF,$67.7100,-0.3659,-0.5403928518682618%,down,27.96%
FEX,First Trust Large Cap Core AlphaDEX Fund,$133.2457,1.2335,0.9257334383023242%,up,28.03%
FEZ,State Street SPDR EURO STOXX 50 ETF,$67.1900,-0.3000,-0.4464950141390088%,down,13.00%
FFDI,Fidelity Covington Trust Fidelity Fundamental Developed Intern,$31.8641,-0.0219,-0.06872938510737789%,down,10.28%
FFEB,FT Vest U.S. Equity Buffer ETF - February,$60.6208,0.1043,0.17205315667229729%,up,20.57%
FFEM,Fidelity Covington Trust Fidelity Fundamental Emerging Markets,$41.8530,-0.1281,-0.3060712493728048%,down,55.23%
FFGX,Fidelity Covington Trust Fidelity Fundamental Global ex-U.S. E,$33.7998,-0.0935,-0.2766288557920461%,down,21.29%
FFIU,UVA Unconstrained Medium-Term Fixed Income ETF,$21.6775,0.0461,0.21266289931957102%,up,0.97%
FFLC,Fidelity Fundamental Large Cap Core ETF,$58.1400,-0.0050,-0.008599931200550396%,down,27.14%
FFLG,Fidelity Fundamental Large Cap Growth ETF,$33.8700,-0.0550,-0.16238559196929436%,down,38.98%
FFLS,Northern Lights Fund Trust II The Future Fund Long/Short ETF,$22.8061,0.0300,0.13154375364485818%,up,-6.90%
FFLV,Fidelity Covington Trust Fidelity Fundamental Large Cap Value ,$26.9409,0.1959,0.7271471999821832%,up,26.07%
FFND,One Global ETF,$31.8150,-0.0250,-0.07857928650007857%,down,21.94%
FFOG,Franklin Templeton ETF Trust Franklin Focused Growth ETF,$50.2700,0.0200,0.03978516013526954%,up,23.60%
FFOX,FundX Investment Trust FundX Future Fund Opportunities ETF,$27.9800,0.1700,0.6075768406004288%,up,10.82%
FFSM,Fidelity Fundamental Small-Mid Cap ETF,$35.5800,0.1200,0.3372681281618887%,up,37.37%
FFTY,Capital-Force ETF Trust CapForce IBD 50 ETF,$39.9450,-0.1450,-0.36299912379521837%,down,36.01%
FFUT,Fidelity Managed Futures ETF,$59.7550,-0.1650,-0.27612752070956403%,down,18.57%
FGD,First Trust DJ Global Select Dividend,$33.9000,-0.0150,-0.04424778761061947%,down,30.18%
FGDL,Franklin Templeton Holdings Trust Franklin Responsibly Sourced,$59.9400,-0.6400,-1.0677344010677345%,down,36.54%
FGM,First Trust Germany AlphaDEX Fund,$64.7600,-0.2696,-0.4163063619518221%,down,20.19%
FGSI,FT Vest Growth Strength & Target Income ETF,$20.1398,0.1498,0.7438008321830405%,up,0.50%
FGSM,The Advisors' Inner Circle Fund II Frontier Asset Global Small,$34.0638,0.1480,0.4344788308996647%,up,32.47%
FHDG,First Trust Exchange-Traded Fund VIII FT Vest U.S. Equity Quar,$35.9650,0.0586,0.16293618796051718%,up,16.50%
FHEQ,Fidelity Hedged Equity ETF,$33.1800,0.1400,0.42194092827004226%,up,20.67%
FHLC,Fidelity MSCI Health Care Index ETF,$72.1700,0.7000,0.9699321047526673%,up,16.84%
FHYS,Federated Hermes ETF Trust Federated Hermes Short Duration Hig,$23.1550,0.0350,0.1511552580436191%,up,0.76%
FIAT,Tidal Trust II YieldMax Short COIN Option Income Strategy ETF,$21.4650,0.6022,2.805497321220592%,up,-58.40%
FIAX,Tidal ETF Trust II Nicholas Fixed Income Alternative ETF,$17.5150,0.0050,0.02854695974878675%,up,-3.23%
FICS,First Trust International Developed Capital Strength ETF,$40.9218,-0.1367,-0.3340517768035619%,down,3.36%
FID,First Trust S&P International Dividend Aristocrats ETF,$22.1400,-0.0600,-0.27100271002710025%,down,19.81%
FIDI,Fidelity International High Dividend ETF,$28.3200,-0.1353,-0.47775423728813565%,down,22.54%
FIDU,Fidelity MSCI Industrials Index ETF,$93.0800,0.7300,0.7842715943274603%,up,25.99%
FIGB,Fidelity Investment Grade Bond ETF,$42.7200,0.0500,0.11704119850187267%,up,0.78%
FIGG,Leverage Shares 2x Long FIG Daily ETF,$24.4300,2.4100,9.864920180106427%,up,-90.89%
FIIG,First Trust Exchange-Traded Fund IV First Trust Intermediate D,$20.5700,0.0500,0.24307243558580457%,up,0.98%
FINT,The Advisors' Inner Circle Fund II Frontier Asset Total Intern,$35.7416,-0.0983,-0.27502965731808315%,down,28.20%
FINX,Global X FinTech ETF,$24.8172,-0.0659,-0.26554164047515433%,down,-18.07%
FISR,State Street Fixed Income Sector Rotation ETF,$25.4600,0.0300,0.1178318931657502%,up,1.03%
FITE,State Street SPDR S&P Kensho Future Security ETF,$108.2995,3.9905,3.684689218325108%,up,57.91%
FIVA,Fidelity International Value Factor ETF,$37.7800,-0.1300,-0.3440974060349391%,down,31.64%
FIVY,YieldMax Dorsey Wright Hybrid 5 Income ETF,$25.5150,-0.2238,-0.8771310993533216%,down,-33.68%
FIW,First Trust Water ETF,$102.2300,0.9200,0.8999315269490364%,up,-2.13%
FIXD,First Trust Smith Opportunistic Fixed Income ETF,$43.3626,0.1026,0.23660942840143348%,up,1.22%
FIXP,FolioBeyond Enhanced Fixed Income Premium ETF,$19.8241,0.0134,0.06759449357095657%,up,1.23%
FIXT,TCW ETF Trust TCW Core Plus Bond ETF,$37.3900,0.0060,0.016047071409467772%,up,-0.94%
FJAN,FT Vest U.S. Equity Buffer ETF - January,$54.7759,0.0959,0.17507699554000938%,up,19.91%
FJP,First Trust Japan AlphaDEX Fund,$76.1356,0.1656,0.2175066591712681%,up,32.71%
FJUL,FT Vest U.S. Equity Buffer ETF - July,$58.8900,0.0400,0.06792324673119375%,up,19.88%
FJUN,FT Vest U.S. Equity Buffer ETF - June,$59.6000,0.0500,0.08389261744966443%,up,15.77%
FKU,First Trust United Kingdom AlphaDEX Fund,$53.5266,-0.2101,-0.3925151233218624%,down,18.58%
FLAG,Global X Funds Global X S&P 500 U.S. Market Leaders Top 50 ETF,$27.8128,0.2776,0.9981015935109016%,up,9.53%
FLAO,AIM ETF Products Trust AllianzIM U.S. Equity 6 Month Floor5 Ap,$28.1200,0.0200,0.07112375533428164%,up,4.89%
FLAU,Franklin FTSE Australia ETF,$34.2832,-0.2695,-0.7860993139496897%,down,14.11%
FLAX,Franklin FTSE Asia ex Japan ETF,$35.9804,-0.0382,-0.1061689141866127%,down,45.83%
FLBL,Franklin Senior Loan ETF,$23.0700,-0.0100,-0.043346337234503686%,down,-4.49%
FLBR,Franklin FTSE Brazil ETF,$22.8500,-0.4000,-1.75054704595186%,down,31.47%
FLCA,Franklin FTSE Canada ETF,$52.3300,0.0600,0.1146569845213071%,up,30.79%
FLCB,Franklin U.S. Core Bond ETF,$21.2800,0.0300,0.14097744360902256%,up,1.09%
FLCC,Federated Hermes ETF Trust Federated Hermes MDT Large Cap Core,$34.9678,0.1643,0.4698608434045036%,up,22.00%
FLCE,The Advisors' Inner Circle Fund II Frontier Asset U.S. Large C,$30.7240,0.1940,0.6314281994531963%,up,23.89%
FLCG,Federated Hermes ETF Trust Federated Hermes MDT Large Cap Grow,$34.2900,0.0800,0.23330417031204434%,up,21.77%
FLCH,Franklin FTSE China ETF,$22.1600,-0.2700,-1.2184115523465704%,down,3.51%
FLCO,Franklin Investment Grade Corporate ETF,$21.3100,0.0411,0.19286719849835757%,up,1.38%
FLCV,Federated Hermes ETF Trust Federated Hermes MDT Large Cap Valu,$34.5975,0.2889,0.8350314329070021%,up,22.61%
FLDB,Fidelity Low Duration Bond ETF,$50.3600,-0.0200,-0.03971405877680699%,down,-0.28%
FLDR,Fidelity Low Duration Bond Factor ETF,$50.1600,0.0200,0.03987240829346093%,up,0.27%
FLDZ,RiverNorth Patriot ETF,$30.3484,0.1827,0.6020086726153603%,up,8.81%
FLEE,Franklin FTSE Europe ETF,$38.8598,-0.1473,-0.37905496168276726%,down,15.75%
FLEU,Franklin FTSE Eurozone ETF,$35.0971,-0.1062,-0.3025891028033656%,down,15.61%
FLGB,Franklin FTSE United Kingdom ETF,$35.9500,-0.1800,-0.5006954102920723%,down,18.37%
FLGR,Franklin FTSE Germany ETF,$33.7747,-0.1065,-0.3153247845280639%,down,2.70%
FLGV,Franklin U.S. Treasury Bond ETF,$20.1700,0.0100,0.04957858205255329%,up,-0.10%
FLHY,Franklin High Yield Corporate ETF,$24.2700,0.0250,0.10300782859497322%,up,1.97%
FLIA,Franklin International Aggregate Bond ETF,$20.3500,0.0086,0.04226044226044226%,up,0.25%
FLIN,Franklin FTSE India ETF,$34.6700,0.2600,0.7499278915488895%,up,-9.83%
FLJH,Franklin FTSE Japan Hedged ETF,$44.1200,0.2740,0.6210335448776066%,up,40.96%
FLJJ,AIM ETF Products Trust AllianzIM U.S. Equity 6 Month Floor5 Ja,$33.4400,0.0400,0.11961722488038279%,up,16.41%
FLJP,Franklin FTSE Japan ETF,$39.2400,0.1400,0.35677879714576965%,up,26.54%
FLKR,Franklin FTSE South Korea ETF,$58.7800,-1.4200,-2.4157876828853353%,down,194.19%
FLLA,Franklin FTSE Latin America ETF,$27.7800,-0.3800,-1.3678905687544995%,down,30.33%
FLMB,Franklin Municipal Green Bond ETF,$23.6500,0.0700,0.2959830866807612%,up,3.27%
FLMI,Franklin Dynamic Municipal Bond ETF,$24.8000,0.0400,0.16129032258064516%,up,2.99%
FLMX,Franklin FTSE Mexico ETF,$38.0100,-0.0200,-0.052617732175743226%,down,28.85%
FLN,First Trust Latin America AlphaDEX Fund,$25.7176,-0.3468,-1.348492860920148%,down,32.95%
FLOT,iShares Floating Rate Bond ETF,$51.0200,0.0000,0%,unch,0.24%
FLOW,Global X Funds Global X U.S. Cash Flow Kings 100 ETF,$38.0911,0.8543,2.242781122099388%,up,24.38%
FLQL,Franklin U.S. Large Cap Multifactor Index ETF,$77.1500,0.4600,0.5962410887880751%,up,29.99%
FLQM,Franklin U.S. Mid Cap Multifactor Index ETF,$56.8700,0.5200,0.914366098118516%,up,6.28%
FLQS,Franklin U.S. Small Cap Multifactor Index ETF,$45.5005,0.3205,0.7043878638696277%,up,14.05%
FLRG,Fidelity U.S. Multifactor ETF,$40.8596,0.2211,0.5411213031943534%,up,18.57%
FLRN,State Street SPDR Bloomberg Investment Grade Floating Rate ETF,$30.8200,0.0000,0%,unch,0.23%
FLRT,Pacer Aristotle Pacific Floating Rate High Income ETF,$46.7900,0.0600,0.12823252831801668%,up,-0.68%
FLSA,Franklin FTSE Saudi Arabia ETF,$33.3000,-0.0750,-0.22522522522522526%,down,-1.97%
FLSP,Franklin Systematic Style Premia ETF,$27.2800,0.0750,0.2749266862170088%,up,13.43%
FLSW,Franklin FTSE Switzerland ETF,$43.3706,-0.0761,-0.1754644851581486%,down,14.20%
FLTB,Fidelity Limited Term Bond ETF,$50.1899,-0.0301,-0.0599722254875981%,down,0.30%
FLTR,VanEck ETF Trust VanEck IG Floating Rate ETF,$25.5700,0.0100,0.03910833007430583%,up,0.55%
FLTW,Franklin FTSE Taiwan ETF,$94.4100,2.8000,2.965787522508209%,up,92.56%
FLUD,Franklin Ultra Short Bond ETF,$25.0000,0.0000,0%,unch,0.18%
FLV,American Century Focused Large Cap Value ETF,$80.9292,0.6671,0.8243007468256206%,up,19.10%
FLXN,Horizon Funds Horizon Flexible Income ETF,$25.0835,0.0313,0.12478322403173402%,up,0.01%
FLXR,TCW Flexible Income ETF,$39.1550,0.0250,0.06384880602732729%,up,0.40%
FLYD,Bank of Montreal MicroSectors Travel -3x Inverse Leveraged ETN,$60.6280,-0.1533,-0.2528534670449297%,down,-46.35%
FLYT,Investment Managers Series Trust II Tradr 2X Long FLY Daily ET,$38.4400,9.5200,24.765868886576484%,up,56.45%
FLYU,Bank of Montreal MicroSectors Travel 3x Leveraged ETN,$39.7100,-0.0152,-0.03827751196172249%,down,-4.89%
FMAG,Fidelity Magellan ETF,$36.1000,0.0700,0.19390581717451524%,up,12.07%
FMAR,FT Vest U.S. Equity Buffer ETF - March,$51.9604,0.0829,0.15954457625422439%,up,20.14%
FMAT,Fidelity MSCI Materials Index ETF,$58.2999,0.3022,0.5183542338837631%,up,20.11%
FMAY,FT Vest U.S. Equity Buffer ETF - May,$55.9200,0.1300,0.23247496423462088%,up,16.23%
FMB,First Trust Managed Municipal ETF,$50.6697,0.0412,0.08131092151719864%,up,2.49%
FMCE,Northern Lights Fund Trust IV FM Compounders Equity ETF,$28.0971,0.1027,0.36551814955991896%,up,9.82%
FMCX,FM Focus Equity ETF,$36.6891,0.0963,0.26247577618420725%,up,18.12%
FMDE,Fidelity Enhanced Mid Cap Core ETF,$39.1900,0.4300,1.0972186782342435%,up,19.05%
FMED,Fidelity Disruptive Medicine ETF,$24.7519,-0.0731,-0.29533086348926746%,down,7.24%
FMET,Fidelity Metaverse ETF,$38.4234,0.6435,1.674760692702884%,up,26.29%
FMF,First Trust Managed Futures Strategy Fund,$51.9000,0.1050,0.2023121387283237%,up,15.69%
FMHI,First Trust Municipal High Income ETF,$47.6700,0.0400,0.08391021606880637%,up,2.76%
FMKT,The Free Markets ETF,$22.4150,0.0550,0.2453714030782958%,up,12.87%
FMNY,First Trust New York Municipal High Income ETF,$26.4750,0.0250,0.09442870632672332%,up,2.39%
FMQQ,FMQQ The Next Frontier Internet ETF,$11.4020,-0.0380,-0.333274864058937%,down,-18.65%
FMTM,MarketDesk Focused U.S. Momentum ETF,$40.2168,0.2477,0.6159117582701756%,up,58.13%
FMUB,Fidelity Municipal Bond Opportunities ETF,$50.7500,0.0336,0.06620689655172414%,up,3.00%
FMUN,Fidelity Systematic Municipal Bond Index ETF,$49.7700,-0.0100,-0.020092425155716295%,down,2.81%
FNCL,Fidelity MSCI Financials Index ETF,$73.9400,0.1500,0.2028671896131999%,up,4.89%
FNDA,Schwab Fundamental U.S. Small Company ETF,$35.7000,0.2700,0.7563025210084033%,up,30.39%
FNDB,Schwab Fundamental U.S. Broad Market ETF,$30.0600,0.2400,0.7984031936127745%,up,31.27%
FNDC,Schwab Fundamental International Small Equity ETF,$49.8300,-0.0100,-0.02006823198876179%,down,26.47%
FNDE,Schwab Fundamental Emerging Markets Equity ETF,$40.5700,0.1500,0.3697313285679073%,up,27.10%
FNDF,Schwab Fundamental International Equity ETF,$53.3700,-0.2800,-0.5246393104740492%,down,38.34%
FNDX,Schwab Fundamental U.S. Large Company ETF,$30.8200,0.2400,0.7787151200519143%,up,31.43%
FNGD,MicroSectors FANG plus Index -3X Inverse Leveraged ETNs,$37.5000,0.6600,1.76%,up,-57.09%
FNGG,Direxion Daily NYSE FANG+ Bull 2X ETF,$234.0411,-2.3454,-1.002131676872139%,down,32.61%
FNGO,MicroSectors FANG plus Index 2X Leveraged ETN,$133.3643,-1.2526,-0.9392318633997254%,down,46.41%
FNGS,MicroSectors FANG  ETNs due January 8 2038,$74.5600,-0.0738,-0.09898068669527897%,down,26.59%
FNGU,Bank Of Montreal MicroSectors FANG+ 3X Leveraged ETNs,$28.7300,-0.5300,-1.8447615732683607%,down,52.41%
FNK,First Trust Mid Cap Value AlphaDEX Fund,$59.2771,0.3508,0.5917968321662159%,up,18.94%
FNOV,FT Vest U.S. Equity Buffer ETF - November,$57.9900,0.0700,0.12071046732195208%,up,20.71%
FNX,First Trust Mid Cap Core AlphaDEX Fund,$138.7770,0.9417,0.6785706565208933%,up,25.86%
FNY,First Trust Mid Cap Growth AlphaDEX Fund,$102.3678,0.7290,0.7121379965184363%,up,30.85%
FOCT,FT Vest U.S. Equity Buffer ETF - October,$51.8600,0.0800,0.15426147319706904%,up,21.14%
FOPC,The Advisors' Inner Circle Fund II Frontier Asset Opportunisti,$25.4350,0.0200,0.07863180656575586%,up,0.53%
FORH,Formidable ETF,$24.9118,0.1757,0.7052882569705923%,up,11.73%
FOWF,Pacer Funds Trust Pacer Solactive Whitney Future of Warfare ET,$33.7246,0.3921,1.162652781649004%,up,22.54%
FOXY,Simplify Exchange Traded Funds Simplify Currency Strategy ETF,$29.5200,0.2400,0.8130081300813008%,up,13.71%
FPA,First Trust Asia Pacific Ex-Japan AlphaDEX Fund,$53.2800,0.4950,0.9290540540540541%,up,69.90%
FPAG,Investment Managers Series Trust III FPA Global Equity ETF,$39.2800,-0.0300,-0.07637474541751527%,down,23.95%
FPAS,Investment Managers Series Trust III FPA Short Duration Govern,$24.6500,-0.0036,-0.01460446247464503%,down,-1.67%
FPE,First Trust Preferred Securities and Income ETF ETF,$17.9200,0.0300,0.16741071428571427%,up,3.11%
FPEI,First Trust Institutional Preferred Securities and Income ETF,$19.1500,0.0200,0.10443864229765014%,up,3.35%
FPFD,Fidelity Preferred Securities & Income ETF,$21.5750,-0.0022,-0.010196987253765933%,down,1.68%
FPRO,Fidelity Real Estate Investment ETF,$24.8991,0.0786,0.3156740605082111%,up,12.36%
FPWR,First Trust EIP Power Solutions ETF,$37.8192,0.2828,0.7477683293142108%,up,23.41%
FPX,First Trust US Equity Opportunities ETF,$188.9000,0.5400,0.285865537321334%,up,42.67%
FPXE,First Trust IPOX Europe Equity Opportunities ETF,$35.4550,-0.0382,-0.10774220843322521%,down,20.88%
FPXI,First Trust International Equity Opportunities ETF,$74.9554,0.5754,0.7676564997318406%,up,42.50%
FQAL,Fidelity Quality Factor ETF,$80.6800,0.3800,0.4709965294992563%,up,21.51%
FRDM,Freedom 100 Emerging Markets ETF,$67.5200,-0.4600,-0.6812796208530806%,down,76.85%
FREL,Fidelity MSCI Real Estate Index ETF,$29.4000,0.0400,0.1360544217687075%,up,11.45%
FRI,First Trust S&P REIT Index Fund,$31.2782,0.0882,0.28198553625208617%,up,17.63%
FRIZ,Franklin Templeton ETF Trust Franklin Dividend Growth ETF,$26.1734,0.1536,0.5868553569654688%,up,4.99%
FRNW,Fidelity Clean Energy ETF,$26.7800,0.1300,0.4854368932038835%,up,89.15%
FRTY,Alger Mid Cap 40 ETF,$22.2300,0.2754,1.2388663967611335%,up,28.10%
FRWD,Nomura Transformational Technologies ETF,$30.9175,0.1870,0.6048354491792673%,up,24.12%
FSCC,Federated Hermes ETF Trust Federated Hermes MDT Small Cap Core,$34.5440,0.2740,0.7931912922649376%,up,41.93%
FSCS,First Trust SMID Capital Strength ETF,$35.6736,0.2170,0.6082929673484033%,up,0.97%
FSEC,Fidelity Investment Grade Securitized ETF,$43.7800,0.0200,0.04568296025582458%,up,2.70%
FSEP,FT Vest U.S. Equity Buffer ETF - September,$54.6000,0.0830,0.15201465201465203%,up,18.67%
FSGS,First Trust SMID Growth Strength ETF,$30.8519,0.1869,0.605797373905659%,up,6.28%
FSIG,First Trust Limited Duration Investment Grade Corporate ETF,$18.8500,0.0000,0%,unch,-0.32%
FSMB,First Trust Short Duration Managed Municipal ETF,$19.9000,0.0000,0%,unch,0.73%
FSMD,Fidelity Small-Mid Multifactor ETF,$49.6900,0.2700,0.5433688871000202%,up,23.85%
FSTA,Fidelity MSCI Consumer Staples Index ETF,$53.5000,0.0000,0%,unch,4.15%
FSYD,Fidelity Covington Trust Fidelity Sustainable High Yield ETF,$48.8200,0.0541,0.11081523965587874%,up,3.82%
FSZ,First Trust Switzerland AlphaDEX Fund,$81.4997,-0.4157,-0.5100632272266032%,down,8.55%
FTA,First Trust Large Cap Value AlphaDEX Fund,$94.9334,0.8033,0.8461721585869673%,up,26.31%
FTAG,First Trust Indxx Global Agriculture ETF,$29.1250,-0.0241,-0.08274678111587984%,down,13.39%
FTBD,Fidelity Merrimack Street Trust Fidelity Tactical Bond ETF,$49.0559,0.0972,0.19814130410409347%,up,1.65%
FTBI,First Trust Exchange-Traded Fund VI First Trust Balanced Incom,$21.6310,0.1037,0.4794045582728491%,up,8.29%
FTC,First Trust Large Cap Growth AlphaDEX Fund,$179.4043,1.9643,1.094901292778378%,up,27.39%
FTCB,First Trust Exchange-Traded Fund IV First Trust Core Investmen,$20.7200,0.0350,0.16891891891891894%,up,0.93%
FTCE,First Trust Exchange-Traded Fund VI First Trust New Constructs,$27.2263,0.4463,1.639223838714772%,up,32.68%
FTCS,First Trust Capital Strength ETF,$94.5100,0.7929,0.8389588403343562%,up,4.36%
FTDS,First Trust Dividend Strength ETF,$60.3545,0.4693,0.7775725090921141%,up,18.91%
FTEC,Fidelity MSCI Information Technology Index ETF,$276.3500,2.8800,1.0421566853627646%,up,54.19%
FTGC,First Trust Global Tactical Commodity Strategy Fund,$29.3750,-0.0873,-0.29719148936170214%,down,20.39%
FTGS,First Trust Growth Strength ETF,$36.7200,0.2534,0.6900871459694989%,up,12.85%
FTHF,First Trust Exchange-Traded Fund II First Trust Emerging Marke,$46.1420,-0.4981,-1.0794937367257595%,down,87.70%
FTHI,First Trust BuyWrite Income ETF,$23.8800,0.0700,0.29313232830820773%,up,9.04%
FTIF,First Trust Exchange-Traded Fund First Trust Bloomberg Inflati,$28.2760,0.2173,0.7684962512377989%,up,37.80%
FTKI,First Trust Exchange-Traded Fund VI First Trust Small Cap BuyW,$19.4593,-0.0677,-0.34790562867112385%,down,5.92%
FTLS,First Trust Long/Short Equity,$74.6500,0.2300,0.30810448760884124%,up,14.83%
FTQI,First Trust Nasdaq BuyWrite Income ETF,$21.6200,0.0200,0.09250693802035152%,up,14.69%
FTRB,Federated Hermes ETF Trust Federated Hermes Total Return Bond ,$25.0052,0.0302,0.12077487882520437%,up,1.19%
FTRI,First Trust Indxx Global Natural Resources Income ETF,$17.0681,-0.0069,-0.04042629232310567%,down,26.06%
FTSD,Franklin Short Duration U.S. Government ETF,$90.1800,-0.1045,-0.1158793524062985%,down,-0.45%
FTSL,First Trust Senior Loan Fund,$44.8950,-0.0350,-0.07795968370642611%,down,-1.78%
FTSM,First Trust Enhanced Short Maturity ETF,$59.9400,0.0500,0.08341675008341676%,up,-0.03%
FTWO,Strive Natural Resources and Security ETF,$44.8177,0.1652,0.3686043683633922%,up,35.36%
FTXG,First Trust Nasdaq Food & Beverage ETF,$22.3438,0.1101,0.49275414208863305%,up,-0.30%
FTXH,First Trust Nasdaq Pharmaceuticals ETF,$34.8688,0.3350,0.9607442756848529%,up,38.90%
FTXL,First Trust Nasdaq Semiconductor ETF,$247.9300,6.5600,2.6459081192272014%,up,199.65%
FTXN,First Trust Nasdaq Oil & Gas ETF,$37.4429,0.2629,0.7021357854226036%,up,43.13%
FTXO,First Trust Nasdaq Bank ETF,$38.2093,0.1759,0.4603591272281879%,up,24.46%
FTXR,First Trust Nasdaq Transportation ETF,$42.6946,0.6561,1.5367282981922772%,up,36.89%
FUMB,First Trust Ultra Short Duration Municipal ETF,$20.0300,0.0050,0.02496255616575137%,up,-0.12%
FUSI,American Century ETF Trust American Century Multisector Floati,$50.5150,0.0000,0%,unch,-0.07%
FUTG,Leverage Shares 2x Long FUTU Daily ETF,$3.0800,-3.9800,-129.2207792207792%,down,-78.65%
FUTY,Fidelity MSCI Utilities Index ETF,$58.6300,0.4700,0.8016373870032406%,up,13.60%
FV,First Trust Dorsey Wright Focus 5 ETF,$71.4300,0.8304,1.1625367492650147%,up,25.38%
FVAL,Fidelity Value Factor ETF,$78.6181,0.5277,0.6712194774485774%,up,29.20%
FVC,First Trust Dorsey Wright Dynamic Focus 5 ETF,$41.1684,0.4870,1.1829461431583448%,up,17.42%
FVD,First Trust VL Dividend,$47.9000,0.2300,0.4801670146137787%,up,8.27%
FWD,AB Active ETFs Inc. AB Disruptors ETF,$136.8500,1.2700,0.92802338326635%,up,70.53%
FXA,Invesco CurrencyShares Australian Dollar Trust,$70.6400,-0.2413,-0.34159116647791615%,down,11.21%
FXB,Invesco CurrencyShares British Pound Sterling Trust,$129.2500,0.0700,0.05415860735009672%,up,0.12%
FXC,Invesco CurrencyShares Canadian Dollar Trust,$70.7200,-0.1808,-0.25565610859728505%,down,0.31%
FXD,First Trust Cons. Discret. AlphaDEX,$66.0844,0.4854,0.7345152562480706%,up,7.65%
FXE,Invesco CurrencyShares Euro Currency Trust,$107.1000,-0.1300,-0.12138188608776845%,down,2.90%
FXED,Sound Enhanced Fixed Income ETF,$17.4808,-0.0142,-0.08123198022973778%,down,-1.29%
FXF,Invesco CurrencyShares Swiss Franc Trust,$112.4000,0.2200,0.19572953736654802%,up,5.01%
FXG,First Trust Cons. Staples AlphaDEX,$61.3834,0.5081,0.8277482185737512%,up,-2.64%
FXH,First Trust Health Care AlphaDEX,$114.7786,0.3586,0.31242757796313947%,up,14.80%
FXI,iShares China Large-Cap ETF,$35.5200,-0.3700,-1.0416666666666665%,down,-1.09%
FXL,First Trust Technology AlphaDEX,$202.1900,6.2200,3.0763143577822842%,up,36.62%
FXN,First Trust Energy AlphaDEX Fund,$22.3200,0.1700,0.7616487455197133%,up,53.09%
FXO,First Trust Financials AlphaDEX,$59.4300,0.0100,0.016826518593303044%,up,11.86%
FXP,ProShares UltraShort FTSE China 50,$20.7349,0.3794,1.8297652749711841%,up,-9.61%
FXR,First Trust Industrials AlphaDEX,$85.5600,0.7300,0.8532024310425432%,up,20.51%
FXU,First Trust Utilities AlphaDEX Fund,$48.8800,0.3900,0.7978723404255319%,up,16.49%
FXY,Invesco CurrencyShares Japanese Yen Trust Common Units of Bene,$57.7000,-0.0700,-0.12131715771230503%,down,-9.80%
FXZ,First Trust Materials AlphaDEX Fund,$79.9001,0.8501,1.0639536120730761%,up,48.62%
FYC,First Trust Small Cap Growth AlphaDEX Fund,$114.4317,0.8017,0.7005925805524168%,up,56.48%
FYEE,Fidelity Yield Enhanced Equity ETF,$29.5100,0.1100,0.37275499830565906%,up,15.82%
FYLD,Cambria Foreign Shareholder Yield ETF,$38.4600,-0.3700,-0.9620384815392615%,down,36.87%
FYT,First Trust Small Cap Value AlphaDEX Fund,$65.4834,0.4116,0.6285562447887556%,up,35.50%
FYX,First Trust Small Cap Core AlphaDEX Fund,$132.8692,0.8597,0.6470273020383956%,up,45.50%
GAA,Cambria Global Asset Allocation ETF,$35.0045,0.0413,0.11798483052179008%,up,18.74%
GABF,Gabelli ETFs Trust Gabelli Financial Services Opportunities ET,$43.7667,0.2014,0.460167204746988%,up,-1.56%
GAEM,Simplify Exchange Traded Funds Simplify Gamma Emerging Market ,$26.5594,0.0186,0.07003170252340038%,up,4.64%
GAL,State Street Global Allocation ETF,$53.0861,0.0761,0.14335202623662316%,up,16.32%
GAMR,Amplify Video Game Leaders ETF,$88.3348,0.0201,0.022754339173236365%,up,17.56%
GAPR,FT Vest U.S. Equity Moderate Buffer ETF - April,$41.4350,0.0750,0.18100639555930975%,up,10.97%
GARP,iShares MSCI USA Quality GARP ETF,$78.3200,0.5900,0.7533197139938713%,up,38.79%
GARY,Mango Growth ETF,$25.4067,0.1949,0.7671204839668275%,up,25.89%
GAUG,FT Vest U.S. Equity Moderate Buffer ETF - August,$41.0734,0.0284,0.06914450715061331%,up,15.08%
GAVA,Grayscale Avalanche Staking ETF,$22.2881,-0.6419,-2.8800122038217704%,down,-3.60%
GBF,iShares Government/Credit Bond ETF,$103.1621,0.1432,0.1388106678712434%,up,0.85%
GBHI,Gabelli ETFs Trust Gabelli High Income ETF,$25.3875,0.0389,0.1532250123092073%,up,1.31%
GBIL,Goldman Sachs Access Treasury 0-1 Year ETF,$100.1100,0.0200,0.01997802417340925%,up,0.05%
GBND,Goldman Sachs ETF Trust Goldman Sachs Core Bond ETF,$50.2421,0.0421,0.08379426815360026%,up,0.08%
GBTC,Grayscale Bitcoin Trust (BTC) Common Units of fractional undiv,$58.8500,-1.4200,-2.4129141886151233%,down,-32.91%
GBUG,Sprott Active Gold & Silver Miners ETF,$42.5000,-0.2757,-0.6487058823529411%,down,74.04%
GCAD,Gabelli Commercial Aerospace and Defense ETF,$52.4100,0.6800,1.2974623163518413%,up,37.99%
GCAL,Goldman Sachs ETF Trust Goldman Sachs Dynamic California Munic,$50.6188,0.0341,0.06736627498083715%,up,2.57%
GCC,WisdomTree EnhancedContinuous Commodity Index Fund,$25.3200,-0.1200,-0.47393364928909953%,down,29.35%
GCOR,Goldman Sachs ETF Trust Goldman Sachs Access U.S. Aggregate Bo,$40.8800,0.0400,0.09784735812133072%,up,0.96%
GCOW,Pacer Global Cash Cows Dividend ETF,$46.6400,-0.1200,-0.25728987993138935%,down,24.71%
GDEC,FT Vest U.S. Equity Moderate Buffer ETF - December,$39.5447,0.0547,0.13832447837510461%,up,16.66%
GDIV,Harbor ETF Trust Harbor Dividend Growth Leaders ETF,$18.2987,0.0987,0.5393825790903178%,up,24.65%
GDLC,Grayscale CoinDesk Crypto 5 ETF,$33.7900,-0.9900,-2.929860905593371%,down,-24.88%
GDMA,Gadsden Dynamic Multi-Asset ETF,$41.2900,0.0600,0.1453136352627755%,up,25.27%
GDOC,Goldman Sachs Future Health Care Equity ETF,$33.1299,0.3399,1.0259614426847046%,up,8.08%
GDX,VanEck Gold Miners ETF ,$85.0200,-0.9700,-1.1409080216419667%,down,72.88%
GDXD,MicroSectors Gold Miners -3X Inverse Leveraged ETNs,$42.7700,1.2200,2.852466682253916%,up,-94.59%
GDXJ,VanEck Junior Gold Miners ETF,$111.6200,-0.5900,-0.5285791076867945%,down,77.68%
GDXU,MicroSectors Gold Miners 3X Leveraged ETN,$141.2600,-4.6900,-3.320118929633301%,down,121.20%
GDXY,Tidal Trust II YieldMax Gold Miners Option Income Strategy ETF,$11.9400,-0.2000,-1.6750418760469012%,down,-20.08%
GEM,Goldman Sachs ActiveBeta Emerging Markets Equity ETF,$49.8900,-0.2500,-0.5011024253357386%,down,42.46%
GEMD,Goldman Sachs ETF Trust Goldman Sachs Access Emerging Markets ,$41.8524,0.0674,0.16104213856314092%,up,5.07%
GEME,Pacific North of South EM Equity Active ETF,$42.4200,-0.1100,-0.2593116454502593%,down,61.69%
GEMG,Leverage Shares 2X Long GEMI Daily ETF,$14.0754,-0.6946,-4.9348508745755%,down,-95.63%
GEND,Spinnaker ETF Series Genter Capital Dividend Income ETF,$12.9207,0.1373,1.062635925298165%,up,26.22%
GENM,Spinnaker ETF Series Genter Capital Municipal Quality Intermed,$10.2600,0.0050,0.04873294346978558%,up,1.21%
GENT,Spinnaker ETF Series Genter Capital Taxable Quality Intermedia,$10.2250,-0.0100,-0.097799511002445%,down,-0.10%
GENW,Spinnaker ETF Series Genter Capital International Dividend ETF,$15.0110,-0.0544,-0.362400906002265%,down,28.00%
GENZ,VanEck Digital Native Economy ETF,$35.2371,-0.3878,-1.1005445964622516%,down,-8.05%
GEVG,Leverage Shares 2X Long GEV Daily ETF,$30.2000,-0.3000,-0.9933774834437087%,down,98.57%
GEVX,Tradr 2X Long GEV Daily ETF,$70.4300,-0.4600,-0.6531307681385773%,down,181.77%
GEW,Cambria Global EW ETF,$54.5119,0.1456,0.26709764289999066%,up,9.57%
GFEB,FT Vest U.S. Equity Moderate Buffer ETF - February,$43.7699,0.0634,0.14484840038473928%,up,16.16%
GFGF,Guru Favorite Stocks ETF,$35.5372,0.1157,0.32557432774669925%,up,12.46%
GFLW,VictoryShares Free Cash Flow Growth ETF,$31.0038,0.3315,1.069223772569814%,up,26.24%
GGLL,Direxion Daily GOOGL Bull 2X ETF,$134.2250,-3.4950,-2.603836841124977%,down,300.79%
GGLS,Direxion Daily GOOGL Bear 1X ETF,$5.4050,0.0617,1.1415356151711378%,up,-58.29%
GGM,Northern Lights Fund Trust II GGM Macro Alignment ETF,$28.7309,0.2440,0.8492598561131047%,up,11.92%
GGME,Invesco Next Gen Media and Gaming ETF,$61.5741,1.1718,1.9030728829166808%,up,12.15%
GGOV,BlackRock ETF Trust II iShares Global Government Bond USD Hedg,$49.9001,0.1250,0.250500499998998%,up,-0.73%
GGRW,Gabelli Growth Innovators ETF,$37.0018,0.1614,0.4361949959191174%,up,18.74%
GGTL,Gabelli Global Technology Leaders ETF,$38.5786,1.0095,2.6167357032136986%,up,42.18%
GGUS,Goldman Sachs ETF Trust Goldman Sachs MarketBeta Russell 1000 ,$67.3700,0.3248,0.4821137004601454%,up,24.81%
GHTA,Goose Hollow Tactical Allocation ETF,$30.5400,0.0294,0.0962671905697446%,up,1.92%
GHYB,Goldman Sachs Access High Yield Corporate Bond ETF,$44.7700,0.0422,0.09425954880500334%,up,0.73%
GHYG,iShares US & Intl High Yield Corp Bond ETF,$45.2600,-0.0700,-0.15466195315952277%,down,0.67%
GIAX,Tidal Trust II Nicholas Global Equity and Income ETF,$17.0500,-0.1600,-0.93841642228739%,down,-2.58%
GIGB,Goldman Sachs Access Investment Grade Corporate Bond ETF,$45.6500,0.0600,0.13143483023001096%,up,1.63%
GIGL,Goldman Sachs ETF Trust Goldman Sachs Corporate Bond ETF,$50.2200,0.1140,0.22700119474313024%,up,0.09%
GII,State Street SPDR S&P Global Infrastructure ETF,$76.5500,-0.0500,-0.06531678641410843%,down,15.98%
MDYG,State Street SPDR S&P 400 Mid Cap Growth ETF,$106.7400,1.0000,0.936855911560802%,up,27.59%
MDYV,State Street SPDR S&P 400 Mid Cap Value ETF,$90.6400,0.6900,0.7612533097969991%,up,18.48%
MEAR,iShares Short Maturity Municipal Bond Active ETF,$50.2550,0.0650,0.12934036414287134%,up,0.37%
MEDI,Harbor ETF Trust Harbor Health Care ETF,$31.0650,0.1868,0.6013198132947046%,up,27.98%
MEDX,Horizon Kinetics Medical ETF,$33.7140,0.2537,0.7525063771726879%,up,31.08%
MEM,Matthews International Funds Matthews Emerging Markets Equity ,$43.5386,-0.3064,-0.7037433449858287%,down,41.37%
MEMA,Man Active Emerging Markets Alternative ETF,$31.0700,-0.1882,-0.6057289990344383%,down,23.98%
MEME,Roundhill ETF Trust Roundhill Meme Stock ETF,$10.8800,0.4000,3.676470588235294%,up,10.85%
MEMS,Matthews Emerging Markets Discovery Active ETF,$31.0881,0.5881,1.891720626220322%,up,27.75%
MEMX,Matthews International Funds Matthews Emerging Markets ex Chin,$46.9501,-0.3741,-0.7968034146892126%,down,54.34%
METD,Direxion Daily META Bear 1X ETF,$16.4400,-0.0734,-0.4464720194647202%,down,-4.36%
METL,Sprott Active Metals & Miners ETF,$28.1400,0.1359,0.4829424307036247%,up,40.00%
METU,Direxion Daily META Bull 2X ETF,$24.6000,0.1600,0.6504065040650406%,up,-28.76%
METV,Roundhill Ball Metaverse ETF,$18.9400,0.0500,0.26399155227032733%,up,22.35%
METW,Roundhill ETF Trust Roundhill META WeeklyPay ETF,$27.9752,0.2023,0.7231404958677686%,up,-43.88%
MEXX,Direxion Daily MSCI Mexico Bull 3X ETF,$31.0744,-0.0056,-0.01802126509280951%,down,89.94%
MFDX,PIMCO Equitiy Series PIMCO RAFI Dynamic Multi-Factor Internati,$41.9263,0.0063,0.015026367697602698%,up,21.00%
MFEM,PIMCO Equitiy Series PIMCO RAFI Dynamic Multi-Factor Emerging ,$28.3300,0.1100,0.38828097423226265%,up,41.55%
MFIG,Motley Fool Innovative Growth ETF,$20.4275,0.0828,0.4053359441928773%,up,1.91%
MFLX,First Trust Flexible Municipal High Income ETF,$17.0200,0.0300,0.17626321974148063%,up,3.21%
MFMO,Motley Fool Momentum Factor ETF,$24.1138,0.2493,1.0338478381673564%,up,20.27%
MFSB,MFS Active Exchange Traded Funds Trust MFS Active Core Plus Bo,$24.8300,0.0000,0%,unch,1.52%
MFSG,MFS Active Exchange Traded Funds Trust MFS Active Growth ETF,$30.0200,0.0500,0.1665556295802798%,up,22.08%
MFSI,MFS Active Exchange Traded Funds Trust MFS Active Internationa,$31.9700,-0.1900,-0.59430716296528%,down,15.73%
MFSM,MFS Active Exchange Traded Funds Trust MFS Active Intermediate,$24.9000,0.0050,0.020080321285140562%,up,2.78%
MFSV,MFS Active Exchange Traded Funds Trust MFS Active Value ETF,$27.7900,0.2000,0.7196833393306945%,up,13.50%
MFUL,Mindful Conservative ETF,$22.3412,0.0464,0.20768803824324564%,up,4.11%
MFUS,PIMCO Equitiy Series PIMCO RAFI Dynamic Multi-Factor U.S. Equi,$64.4528,0.5628,0.8731971303031055%,up,26.70%
MFUT,Tidal Trust II Cambria Chesapeake Pure Trend ETF,$19.5330,0.0080,0.04095633031280397%,up,35.70%
MFVL,Motley Fool Value Factor ETF,$20.3572,0.1480,0.7270155031143772%,up,1.65%
MGC,Vanguard Mega Cap ETF,$274.2100,0.9100,0.3318624411947048%,up,29.88%
MGK,Vanguard Mega Cap Growth ETF,$88.9900,0.2000,0.2247443532981234%,up,30.45%
MGMT,Ballast Small/Mid Cap ETF,$47.6000,0.4200,0.8823529411764706%,up,25.69%
MGNR,American Beacon Select Funds American Beacon GLG Natural Resou,$53.2400,0.3180,0.5972952667167543%,up,72.91%
MGOV,First Trust Exchange-Traded Fund IV First Trust Intermediate G,$20.0125,0.0153,0.07645221736414741%,up,1.90%
MGV,Vanguard Mega Cap Value ETF,$156.9600,1.2400,0.7900101936799184%,up,25.24%
MHY,Man ETF Series Trust Man Active High Yield ETF,$25.2900,-0.0070,-0.027678924476077504%,down,0.40%
MID,American Century Mid Cap Growth Impact ETF,$65.5017,0.9127,1.3933989499509172%,up,5.03%
MIDE,Xtrackers S&P MidCap 400 Scored & Screened ETF,$36.7690,0.3360,0.91381326661046%,up,25.16%
MIDU,Direxion Daily Mid Cap Bull 3X ETF,$65.4300,1.4600,2.2313923276784347%,up,60.92%
MIG,VanEck Moody's Analytics IG Corporate Bond ETF,$21.2176,0.0326,0.15364602971118316%,up,0.96%
MILK,Pacer Funds Trust Pacer US Cash Cows Bond ETF,$24.4009,0.0486,0.19917298132445932%,up,2.67%
MILN,Global X Millennial Consumer ETF,$43.1447,0.2147,0.49762775033781664%,up,-5.84%
MINO,PIMCO Municipal Income Opportunities Active Exchange-Traded Fu,$45.0000,0.0300,0.06666666666666667%,up,2.65%
MINT,PIMCO Enhanced Short Maturity Active Exchange-Traded Fund,$100.6800,0.0500,0.04966229638458482%,up,0.28%
MINV,Matthews International Funds Matthews Asia Innovators Active E,$52.6952,0.5552,1.0536064005829753%,up,78.90%
MISL,First Trust Exchange-Traded Fund First Trust Indxx Aerospace &,$46.5600,0.8900,1.9115120274914088%,up,38.12%
MJ,Amplify ETF Trust Amplify Alternative Harvest ETF,$24.9800,-0.7200,-2.8823058446757406%,down,24.03%
MJSC,The RBB Fund Trust MUFG Japan Small Cap Active ETF,$61.2105,0.4921,0.8039470352308835%,up,22.42%
MKAM,MKAM ETF,$31.8848,0.0700,0.21954034524287439%,up,11.54%
MKOR,Matthews International Funds Matthews Korea Active ETF,$61.7000,-0.6100,-0.9886547811993517%,down,166.29%
MKTN,Federated Hermes ETF Trust Federated Hermes MDT Market Neutral,$25.7174,-0.0126,-0.048994066274195676%,down,3.26%
MLDR,Global X Funds Global X Intermediate-Term Treasury Ladder ETF,$48.4448,0.0070,0.014449435233502875%,up,-0.16%
MLN,VanEck ETF Trust VanEck Long Muni ETF,$17.3300,0.0100,0.05770340450086556%,up,3.03%
MLPA,Global X MLP ETF,$55.7200,0.1400,0.2512562814070352%,up,12.61%
MLPB,ETRACS Alerian MLP Infrastructure Index ETN Series B,$30.5432,0.1863,0.6099557348280468%,up,19.23%
MLPD,Global X Funds Global X MLP & Energy Infrastructure Covered Ca,$25.4494,-0.0497,-0.1952894763727239%,down,5.13%
MLPI,NEOS ETF Trust NEOS MLP & Energy Infrastructure High Income ET,$57.6200,0.1200,0.20826102047900036%,up,15.63%
MLPR,ETRACS Quarterly Pay 1.5X Leveraged Alerian MLP Index ETN,$76.7940,0.6641,0.8647811026903144%,up,29.40%
MLPX,Global X MLP & Energy Infrastructure ETF,$77.3300,0.8100,1.0474589421957843%,up,28.78%
MMAX,iShares Trust iShares Large Cap Max Buffer Mar ETF,$26.9950,0.0050,0.018521948508983144%,up,6.45%
MMCA,NYLI MacKay California Muni Intermediate ETF,$21.5764,0.0226,0.10474407222706289%,up,2.52%
MMID,MFS Active Exchange Traded Funds Trust MFS Active Mid Cap ETF,$25.3599,0.2052,0.8091514556445412%,up,2.19%
MMIN,NYLI MacKay Muni Insured ETF,$23.8200,0.0310,0.13014273719563393%,up,2.94%
MMIT,NYLI MacKay Muni Intermediate ETF,$24.1400,0.0100,0.041425020712510356%,up,1.94%
MMKT,Texas Capital Funds Trust Texas Capital Government Money Marke,$100.2208,-0.0342,-0.034124652766691146%,down,-0.01%
MMLG,First Trust Multi-Manager Large Growth ETF,$36.1505,0.0436,0.12060690723503133%,up,16.95%
MMSC,First Trust Multi-Manager Small Cap Opportunities ETF,$27.7550,0.3241,1.167717528373266%,up,44.93%
MMSD,New York Life Investments Active ETF Trust NYLI MacKay Muni Sh,$25.2800,-0.0039,-0.015427215189873415%,down,0.92%
MMTM,State Street SPDR S&P 1500 Momentum Tilt ETF,$319.0173,1.8557,0.5816925915929951%,up,26.59%
MNA,NYLI Merger Arbitrage ETF,$36.4700,-0.0500,-0.13709898546750754%,down,4.68%
MNBD,ALPS BBH Intermediate Municipal Bond ETF,$25.7525,0.0088,0.03417143966605184%,up,2.35%
MNRS,Grayscale Funds Trust Grayscale Bitcoin Miners ETF,$45.4872,-0.1007,-0.22138095991839463%,down,105.82%
MNVT,Moonvest ETF,$29.6779,0.7779,2.6211423314991964%,up,20.09%
MNZL,Manzil Russell Halal USA Broad Market ETF,$58.8595,0.7080,1.2028644483898097%,up,17.37%
MOAT,VanEck Morningstar Wide Moat ETF,$102.2400,1.0200,0.9976525821596245%,up,14.98%
MODL,VictoryShares WestEnd U.S. Sector ETF,$50.4700,0.1300,0.2575787596592035%,up,24.62%
MOO,VanEck Agribusiness ETF ,$80.2700,-0.1900,-0.23670113367385076%,down,12.17%
MOOD,Relative Sentiment Tactical Allocation ETF,$43.3931,0.1015,0.2339081559049711%,up,36.67%
MORT,VanEck Mortgage REIT Income ETF,$10.0100,-0.0500,-0.4995004995004995%,down,0.10%
MOTG,VanEck Morningstar Global Wide Moat ETF,$38.8549,-0.0398,-0.10243238304563904%,down,-4.14%
MOTI,VanEck Morningstar International Moat ETF,$34.9004,-0.1096,-0.3140365153407984%,down,2.50%
MOTO,Guinness Atkinson Smart Transportation & Technology ETF,$66.1384,1.0581,1.5998270293808134%,up,48.31%
MPG,Leverage Shares 2X Long MP Daily ETF,$8.3000,0.6693,8.063855421686748%,up,-35.18%
MPLY,Strategy Shares Monopoly ETF,$32.7313,0.0413,0.12617891742766102%,up,32.29%
MPRO,Monarch ProCap Index ETF,$32.4500,0.0892,0.274884437596302%,up,12.40%
MQQQ,Tradr 2X Long Innovation 100 Monthly ETF,$235.6176,1.9102,0.8107204215644331%,up,73.25%
MRAL,GraniteShares 2x Long MARA Daily ETF,$74.4900,2.5700,3.4501275338971675%,up,-64.65%
MRCP,PGIM S&P 500 Buffer 12 ETF - March,$33.9900,-0.0900,-0.26478375992939096%,down,18.54%
MRGR,ProShares Merger ETF,$45.2405,-0.0470,-0.10388921431018668%,down,8.06%
MRNY,Tidal Trust II YieldMax MRNA Option Income Strategy ETF,$15.4600,-0.0300,-0.19404915912031045%,down,-35.31%
MRSK,Toews Agility Shares Managed Risk ETF,$38.1400,0.0837,0.21945464079706342%,up,18.30%
MRVU,Direxion Daily MRVL Bull 2X ETF,$122.4800,6.5200,5.323318092749837%,up,397.91%
MSDD,GraniteShares 2x Short MSTR Daily ETF,$33.0300,1.8139,5.491674235543446%,up,31.40%
MSFD,Direxion Daily MSFT Bear 1X ETF,$12.9764,0.0064,0.04932030455288062%,up,5.16%
MSFL,GraniteShares 2x Long MSFT Daily ETF,$19.0400,-0.0900,-0.47268907563025214%,down,-25.13%
MSFO,Tidal ETF Trust II YieldMax MSFT Option Income Strategy ETF,$12.1200,0.0000,0%,unch,-31.18%
MSFU,Direxion Daily MSFT Bull 2X ETF,$28.8100,-0.1000,-0.3471017007983339%,down,-32.00%
MSFW,Roundhill ETF Trust Roundhill MSFT WeeklyPay ETF,$29.3500,-0.1100,-0.37478705281090285%,down,-42.15%
MSFX,ETF Opportunities Trust T-Rex 2X Long Microsoft Daily Target E,$18.9700,-0.1200,-0.6325777543489721%,down,-32.71%
MSFY,Kurv Yield Premium Strategy Microsoft (MSFT) ETF,$18.9500,0.0321,0.16939313984168863%,up,-24.30%
MSII,REX MSTR Growth & Income ETF,$7.2389,-0.2153,-2.974208788628106%,down,-70.47%
MSLC,Morgan Stanley Pathway Funds Morgan Stanley Pathway Large Cap ,$58.5400,0.2100,0.358729074137342%,up,21.68%
MSMR,ETF Series Solutions McElhenny Sheffield Managed Risk ETF,$37.1274,0.2074,0.5586170860334954%,up,23.35%
MSOO,Themes ETF Trust Leverage Shares 2x Capped Accelerated MSTR Mo,$7.3600,-0.2817,-3.827445652173913%,down,-62.79%
MSOS,AdvisorShares Trust AdvisorShares Pure US Cannabis ETF,$4.4300,-0.1100,-2.483069977426637%,down,71.04%
MSOX,AdvisorShares MSOS Daily Leveraged ETF,$2.7500,-0.1600,-5.818181818181818%,down,-17.66%
MSSM,Morgan Stanley Pathway Funds Morgan Stanley Pathway Small-Mid ,$58.4750,0.5399,0.923300555793074%,up,32.75%
MSSS,Northern Lights Fund Trust IV Monarch Select Subsector Index E,$34.1121,0.2421,0.7097188387698208%,up,23.16%
MST,Defiance Leveraged Long + Income MSTR ETF,$26.4800,-1.7316,-6.539274924471298%,down,-95.48%
MSTB,Lha Market State Tactical Beta ETF,$42.9311,0.0911,0.21220047937276237%,up,21.15%
MSTI,Madison ETFs Trust Madison Short Term Strategic Income ETF,$20.3050,-0.0033,-0.016252154641713864%,down,-1.05%
MSTP,GraniteShares 2x Long MSTR Daily ETF,$42.6506,-3.0023,-7.039291358152055%,down,-91.43%
MSTQ,ETF Series Solutions LHA Market State Tactical Q ETF,$39.1354,0.1586,0.4052596881595691%,up,14.72%
MSTU,ETF Opportunities Trust T-Rex 2X Long MSTR Daily Target ETF,$6.2400,-0.4350,-6.971153846153846%,down,-93.00%
MSTW,Roundhill ETF Trust Roundhill MSTR WeeklyPay ETF,$7.4400,-0.2800,-3.763440860215054%,down,-85.25%
MSTX,Defiance Daily Target 2x Long MSTR ETF,$28.6200,-1.9600,-6.848357791754018%,down,-93.16%
MSTY,Tidal Trust II YieldMax MSTR Option Income Strategy ETF,$22.7200,-0.6100,-2.6848591549295775%,down,-80.31%
MSTZ,ETF Opportunities Trust T-Rex 2X Inverse MSTR Daily Target ETF,$6.0600,0.3400,5.6105610561056105%,up,34.37%
MTBA,Simplify Exchange Traded Funds Simplify MBS ETF,$49.1100,0.0500,0.10181225819588678%,up,-0.73%
MTGP,WisdomTree Mortgage Plus Bond Fund,$43.9325,0.0092,0.02094121663916235%,up,1.63%
MTRA,Invesco International Growth Focus ETF,$26.0275,-0.0660,-0.25357794640284315%,down,3.48%
MTUL,ETRACS 2x Leveraged MSCI US Momentum Factor TR ETN,$54.3220,5.2020,9.576230624792903%,up,67.44%
MTUM,iShares MSCI USA Momentum Factor ETF,$303.6000,1.4400,0.4743083003952569%,up,34.18%
MTYY,GraniteShares YieldBOOST MSTR ETF,$4.1306,-0.0353,-0.8545973950515663%,down,-83.05%
MUB,iShares National Muni Bond ETF,$106.1700,0.0900,0.08476970895733257%,up,2.38%
MUD,Direxion Daily MU Bear 1X ETF,$17.8100,0.2700,1.5160022459292533%,up,-91.45%
MULL,GraniteShares 2x Long MU Daily ETF,$467.0900,-13.1200,-2.808880515532339%,down,3468.30%
MULT,Franklin Multisector Income ETF,$25.0400,-0.0100,-0.039936102236421724%,down,-0.56%
MUNA,Northern Funds Northern Trust 2030 Tax-Exempt Distributing Lad,$100.3100,0.0200,0.019938191606021335%,up,0.21%
MUNB,Northern Funds Northern Trust 2035 Tax-Exempt Distributing Lad,$100.2750,0.0650,0.06482174021441037%,up,0.20%
MUNC,Northern Funds Northern Trust 2045 Tax-Exempt Distributing Lad,$101.5184,0.0787,0.07752289240177151%,up,1.34%
MUND,Northern Funds Northern Trust 2055 Tax-Exempt Distributing Lad,$102.1450,-0.0050,-0.004895002202750991%,down,2.00%
MUNI,PIMCO Intermediate Municipal Bond Active Exchange-Traded Fund,$52.0400,0.0200,0.03843197540353574%,up,2.38%
MUNY,Vanguard New York Tax-Exempt Bond ETF,$102.4500,0.1600,0.15617374328940947%,up,2.85%
MUSE,TCW Multisector Credit Income ETF,$49.7300,0.0900,0.180977277297406%,up,0.14%
MUSI,American Century Multisector Income ETF,$43.5072,0.0463,0.10641916740217712%,up,0.58%
MUSQ,MUSQ Global Music Industry Index ETF,$26.4377,0.0917,0.346853168013859%,up,-1.26%
MUST,Columbia Multi-Sector Municipal Income ETF,$20.3100,-0.0600,-0.29542097488921715%,down,1.70%
MUU,Direxion Daily MU Bull 2X ETF,$534.3700,-15.9300,-2.981080524730056%,down,3515.49%
MVAL,VanEck ETF Trust VanEck Morningstar Wide Moat Value ETF,$35.9193,0.4462,1.2422291080282744%,up,15.78%
MVFD,Northern Lights Fund Trust IV Monarch Volume Factor Dividend T,$30.7272,0.1527,0.4969538389439975%,up,23.20%
MVFG,Northern Lights Fund Trust IV Monarch Volume Factor Global Unc,$34.4341,0.0041,0.011906801687861743%,up,26.37%
MVLL,GraniteShares 2x Long MRVL Daily ETF,$93.2700,4.9400,5.296451163289376%,up,507.62%
MVPA,Advisor Managed Portfolios Miller Value Partners Appreciation ,$32.7179,0.3032,0.9267098438469463%,up,-1.41%
MVPL,Advisor Managed Portfolios Miller Value Partners Leverage ETF,$42.4409,0.3191,0.7518690696945635%,up,49.49%
MVRL,ETRACS Monthly Pay 1.5X Leveraged Mortgage REIT ETN,$13.2463,-0.1553,-1.1724028596664728%,down,-2.89%
MVV,ProShares Ultra MidCap400,$83.9300,1.3320,1.5870368163946147%,up,42.06%
MXI,iShares Global Materials ETF,$110.2500,-0.0200,-0.018140589569160998%,down,30.62%
MYCF,State Street My2026 Corporate Bond ETF,$25.0600,0.0100,0.03990422984836393%,up,0.18%
MYCG,State Street My2027 Corporate Bond ETF,$24.9700,0.0048,0.01922306768121746%,up,0.42%
MYCH,State Street My2028 Corporate Bond ETF,$24.8650,-0.0200,-0.08043434546551378%,down,0.26%
MYCI,State Street My2029 Corporate Bond ETF,$24.7313,0.0063,0.025473792319853788%,up,0.35%
MYCJ,State Street My2030 Corporate Bond ETF,$24.6400,0.0000,0%,unch,0.65%
MYCK,State Street My2031 Corporate Bond ETF,$24.7250,0.0050,0.020222446916076844%,up,1.43%
MYCL,State Street My2032 Corporate Bond ETF,$24.5950,0.0200,0.08131734092295183%,up,2.08%
MYCM,State Street My2033 Corporate Bond ETF,$24.5650,0.0149,0.060655404030124156%,up,2.25%
MYCN,State Street My2034 Corporate Bond ETF,$24.3800,0.0205,0.08408531583264972%,up,2.21%
MYCO,State Street My2035 Corporate Bond ETF,$24.3425,0.0270,0.11091712026291466%,up,-2.50%
MYHA,State Street My2027 High Yield Corporate Bond ETF,$25.0297,0.0024,0.009588608732825403%,up,-0.08%
MYHB,State Street My2028 High Yield Corporate Bond ETF,$25.0030,0.0030,0.011998560172779267%,up,-0.15%
MYHC,State Street My2029 High Yield Corporate Bond ETF,$25.0700,0.0047,0.01874750698045473%,up,0.12%
MYHD,State Street My2030 High Yield Corporate Bond ETF,$24.9950,0.0300,0.12002400480096019%,up,-0.08%
MYHE,State Street My2031 High Yield Corporate Bond ETF,$24.9150,0.0500,0.20068231988761792%,up,-0.40%
MYLD,Cambria ETF Trust Cambria Micro and SmallCap Shareholder Yield,$30.1197,0.1981,0.6577090741275643%,up,34.59%
MYMF,State Street My2026 Municipal Bond ETF,$24.8400,0.0100,0.040257648953301126%,up,0.34%
MYMG,State Street My2027 Municipal Bond ETF,$24.6900,0.0050,0.02025111381125962%,up,0.92%
MYMH,State Street My2028 Municipal Bond ETF,$24.5000,0.0000,0%,unch,0.80%
MYMI,State Street My2029 Municipal Bond ETF,$24.5850,0.0050,0.02033760423022168%,up,1.61%
MYMJ,State Street My2030 Municipal Bond ETF,$24.7050,0.0000,0%,unch,1.86%
MYMK,State Street My2031 Municipal Bond ETF,$24.8800,-0.0100,-0.04019292604501608%,down,-0.72%
MYY,ProShares Short MidCap400,$15.7800,-0.1513,-0.958808618504436%,down,-19.50%
MZZ,ProShares UltraShort MidCap400,$6.3500,-0.1031,-1.6236220472440948%,down,-36.44%
NACP,Impact Shares Trust I Impact Shares NAACP Minority Empowerment,$58.0662,0.4406,0.7587891062270306%,up,40.59%
NAIL,Direxion Daily Homebuilders & Supplies Bull 3X ETF,$36.1000,0.1100,0.3047091412742382%,up,-25.84%
NANC,Unusual Whales Subversive Democratic Trading ETF,$48.9200,0.0700,0.14309076042518398%,up,25.99%
NANR,State Street SPDR S&P North American Natural Resources ETF,$82.3000,0.0100,0.012150668286755772%,up,53.22%
NAPR,Innovator Growth-100 Power Buffer ETF - April,$59.0423,0.0223,0.03776953133600825%,up,19.42%
NATO,Themes Transatlantic Defense ETF,$39.3200,0.4450,1.131739572736521%,up,20.48%
NAUG,Innovator ETFs Trust Innovator Growth-100 Power Buffer ETF - A,$31.3966,0.0335,0.10669945153296855%,up,19.29%
NBCE,Neuberger China Equity ETF,$41.0990,0.6668,1.6224239032579868%,up,53.30%
NBCM,Neuberger Commodity Strategy ETF,$29.5700,-0.0600,-0.2029083530605343%,down,34.78%
NBCR,Neuberger Core Equity ETF,$33.5500,0.1100,0.3278688524590164%,up,24.17%
NBDS,Neuberger Disrupters ETF,$39.0744,0.2819,0.7214442192330528%,up,29.36%
NBET,Neuberger Energy Transition & Infrastructure ETF,$41.7129,0.2779,0.6662207614431027%,up,31.79%
NBFC,Neuberger Flexible Credit Income ETF,$50.7526,0.0440,0.08669506586854663%,up,0.93%
NBFR,Innovator ETFs Trust Innovator Nasdaq-100 Managed 10 Buffer ET,$26.4100,0.0892,0.3377508519500189%,up,4.42%
NBGX,Neuberger Growth ETF,$29.4600,-0.0046,-0.015614392396469787%,down,20.44%
NBIG,Leverage Shares 2x Long NBIS Daily ETF,$26.6275,-1.4225,-5.34222138766313%,down,55.73%
NBIL,GraniteShares 2x Long NBIS Daily ETF,$37.9500,-2.1000,-5.533596837944664%,down,71.41%
NBIZ,Investment Managers Series Trust II Tradr 2X Short NBIS Daily ,$1.4800,0.0700,4.729729729729731%,up,-94.32%
NBJP,Neuberger Japan Equity ETF,$35.8742,0.3187,0.8883821799510511%,up,32.81%
NBOS,Neuberger Option Strategy ETF,$28.0450,0.0425,0.15154216437867712%,up,10.36%
NBSD,Neuberger Short Duration Income ETF,$50.7800,0.0150,0.029539188656951557%,up,-0.81%
NBSM,Neuberger Small-Mid Cap ETF,$26.6000,0.1600,0.6015037593984962%,up,10.10%
NBTR,Neuberger Total Return Bond ETF,$49.8249,0.0643,0.12905193989350705%,up,0.63%
NCIQ,Hashdex Nasdaq Crypto Index US ETF,$18.7700,-0.5137,-2.7368140649973363%,down,-33.73%
NCLO,NuShares ETF Trust Nuveen AA-BBB CLO ETF,$25.0460,-0.0140,-0.055897149245388494%,down,-0.18%
NCPB,Nuveen Core Plus Bond ETF,$24.8250,0.0350,0.14098690835850958%,up,1.10%
NDAA,Ned Davis Research 360 Dynamic Allocation ETF,$23.8989,0.0489,0.20461192774562845%,up,23.05%
NDEC,Innovator ETFs Trust Innovator Growth-100 Power Buffer ETF - D,$29.8043,0.0043,0.014427448388319806%,up,20.23%
NDIA,Global X Funds Global X India Active ETF,$26.6127,0.2421,0.9097160378315616%,up,-10.02%
NDIV,Amplify Energy & Natural Resources Covered Call ETF,$35.7400,-0.2500,-0.6994963626189143%,down,32.88%
NDOW,Collaborative Investment Series Trust Anydrus Advantage ETF,$29.4179,0.1172,0.39839689440782655%,up,18.05%
NEAR,iShares Short Duration Bond Active ETF,$50.6500,-0.0200,-0.039486673247778874%,down,-0.24%
NEBX,Tradr 2X Long NBIS Daily ETF,$117.6000,-6.9900,-5.9438775510204085%,down,136.30%
NEMG,Leverage Shares 2x Long NEM Daily ETF,$18.7370,-0.2624,-1.4004376367614881%,down,27.12%
NERD,Roundhill Video Games ETF,$20.4061,0.0689,0.33764413582213165%,up,-13.05%
NETG,Leverage Shares 2X Long NET Daily ETF,$11.0119,0.3719,3.3772555144888705%,up,-20.61%
NETL,Colterpoint Net Lease Real Estate ETF,$26.5631,0.0241,0.09072736239369653%,up,12.50%
NEWZ,StockSnips AI-Powered Sentiment US All Cap ETF,$28.7920,-0.2104,-0.7307585440400111%,down,3.86%
NFEB,Innovator ETFs Trust Innovator Growth-100 Power Buffer ETF - F,$30.1443,0.0643,0.2133073250996042%,up,20.86%
NFLP,Kurv Yield Premium Strategy Netflix (NFLX) ETF,$23.2748,-0.2265,-0.9731555158368709%,down,-41.29%
NFLT,Virtus Newfleet Multi-Sector Bond ETF,$22.8200,0.0500,0.21910604732690622%,up,1.69%
NFLU,ETF Opportunities Trust T-Rex 2X Long NFLX Daily Target ETF,$26.0400,-0.4500,-1.728110599078341%,down,-56.25%
NFLW,Roundhill ETF Trust Roundhill NFLX WeeklyPay ETF,$21.9339,-0.1961,-0.8940498497759176%,down,-56.08%
NFLY,Tidal ETF Trust II YieldMax NFLX Option Income Strategy ETF,$9.6819,-0.0381,-0.3935178012580175%,down,-48.11%
NFRA,FlexShares STOXX Global Broad Infrastructure Index Fund,$66.3200,0.1815,0.2736731001206273%,up,9.66%
NFRX,Harrison Street Infrastructure Active ETF,$26.9950,0.0000,0%,unch,7.19%
NFTY,First Trust India NIFTY 50 Equal Weight ETF,$53.2150,0.2000,0.3758338814244104%,up,-8.49%
NFXL,Direxion Daily NFLX Bull 2X ETF,$24.6400,-0.4250,-1.7248376623376622%,down,-58.23%
NFXS,Direxion Daily NFLX Bear 1X ETF,$17.6034,0.1417,0.8049581330879262%,up,24.14%
NHYB,NuShares ETF Trust Nuveen High Yield Corporate Bond ETF,$24.7526,0.0262,0.1058474665287687%,up,-0.97%
NHYM,NuShares ETF Trust Nuveen High Yield Municipal Income ETF,$24.7500,0.0350,0.14141414141414144%,up,2.51%
NIHI,NEOS ETF Trust NEOS MSCI EAFE High Income ETF,$51.2300,-0.0600,-0.11711887565879368%,down,2.69%
NIKL,Sprott Nickel Miners ETF,$15.5400,0.4600,2.9601029601029603%,up,48.28%
NIOG,Leverage Shares 2X Long NIO Daily ETF,$14.1800,-2.3371,-16.48166431593794%,down,-7.86%
NITE,Capitol Series Trust The Nightview Fund NITE,$38.0012,0.1306,0.3436733576834416%,up,28.52%
NIXT,Research Affiliates Deletions ETF,$31.3100,0.3730,1.1913126796550622%,up,33.63%
NJAN,Innovator Growth-100 Power Buffer ETF - January,$58.5593,0.0679,0.11595083957629275%,up,19.95%
NJNK,Columbia U.S. High Yield ETF,$20.0700,0.0214,0.10662680617837567%,up,1.10%
NJUL,Innovator Growth-100 Power Buffer ETF - July,$76.8450,0.0050,0.006506604203266315%,up,20.94%
NJUN,Innovator Growth-100 Power Buffer ETF - June,$32.8900,0.0500,0.15202189115232592%,up,16.39%
NLR,VanEck Uranium and Nuclear ETF,$130.8500,0.9000,0.6878104700038212%,up,48.37%
NMAR,Innovator ETFs Trust Innovator Growth-100 Power Buffer ETF - M,$32.0498,0.0252,0.07862763574187671%,up,20.61%
NMAY,Innovator ETFs Trust Innovator Growth-100 Power Buffer ETF - M,$29.3750,0.0662,0.22536170212765955%,up,14.79%
NMB,Simplify Exchange Traded Funds Simplify National Muni Bond ETF,$24.3472,-0.0211,-0.08666294276138528%,down,-1.67%
NNOV,Innovator ETFs Trust Innovator Growth-100 Power Buffer ETF - N,$31.1200,0.0411,0.13206940874035988%,up,18.26%
NOBL,ProShares S&P 500 Dividend Aristocrats ETF,$107.8300,0.5100,0.4729667068533803%,up,8.67%
NOCT,Innovator Growth-100 Power Buffer ETF- October,$61.9200,0.0288,0.046511627906976744%,up,18.36%
NODE,VanEck Onchain Economy ETF,$44.8652,-0.2389,-0.5324839742160962%,down,63.11%
NOEQ,Northern Funds Northern Trust US Equity ETF,$28.7262,0.2155,0.7501862411317891%,up,13.54%
NORW,Global X MSCI Norway ETF,$38.9000,-0.4400,-1.1311053984575836%,down,36.44%
NOVM,First Trust Exchange-Traded Fund VIII FT Vest U.S. Equity Max ,$33.6175,0.0375,0.11154904439651966%,up,8.92%
NOVP,PGIM S&P 500 Buffer 12 ETF - November,$32.1500,-0.0600,-0.18662519440124417%,down,17.26%
NOVZ,TrueShares Structured Outcome (November) ETF,$46.9430,0.1373,0.29248237223867246%,up,17.83%
NOWL,GraniteShares 2x Long NOW Daily ETF,$5.0200,0.2200,4.382470119521913%,up,-79.87%
NPFI,Nuveen Preferred and Income ETF,$26.0050,0.0450,0.17304364545279755%,up,1.58%
NRES,Xtrackers RREEF Global Natural Resources ETF,$33.8091,-0.0456,-0.1348749301223635%,down,36.18%
NRGD,Bank Of Montreal MicroSectors  U.S. Big Oil -3  Inverse Levera,$25.3650,-0.5566,-2.194362310270057%,down,-81.11%
NRGU,Bank Of Montreal MicroSectors U.S. Big Oil 3 Leveraged ETNs du,$39.6100,0.9300,2.3478919464781622%,up,172.27%
NRSH,Aztlan North America Nearshoring Stock Selection ETF,$31.2229,0.2343,0.7504107562077834%,up,48.06%
NSCI,NuShares ETF Trust Nuveen Securitized Income ETF,$25.1600,0.0100,0.0397456279809221%,up,0.52%
NSEP,Innovator Growth-100 Power Buffer ETF - September,$31.0000,0.0198,0.06387096774193549%,up,18.14%
NSI,National Security Emerging Markets Index ETF,$37.7167,-0.3904,-1.0350852540121485%,down,34.50%
NTSE,WisdomTree Trust WisdomTree Emerging Markets Efficient Core Fu,$46.1639,-0.0508,-0.11004269569945348%,down,47.63%
NTSI,WisdomTree Trust WisdomTree International Efficient Core Fund,$46.6358,-0.0600,-0.12865652567340968%,down,16.82%
NTSX,WisdomTree U.S. Efficient Core Fund,$58.7000,0.2000,0.34071550255536626%,up,25.19%
NUAG,Nuveen Enhanced Yield U.S. Aggregate Bond ETF,$20.9100,0.0200,0.09564801530368244%,up,1.80%
NUBD,Nuveen ESG U.S. Aggregate Bond ETF,$22.0200,0.0257,0.1167120799273388%,up,1.15%
NUDM,Nuveen ESG International Developed Markets Equity ETF,$38.8300,0.0300,0.07725985063095545%,up,13.41%
NUDV,Nuveen ESG Dividend ETF,$32.5588,0.3188,0.9791515657825226%,up,17.97%
NUEM,Nuveen ESG Emerging Markets Equity ETF,$40.9200,0.2677,0.6542033235581622%,up,32.34%
NUG,Leverage Shares 2X Long NU Daily ETF,$8.3559,-0.6251,-7.480941610119795%,down,-42.60%
NUGO,Nuveen Growth Opportunities ETF,$43.0100,0.0000,0%,unch,29.32%
NUGT,Direxion Daily Gold Miners Index Bull 2X ETF,$155.0000,-3.9500,-2.5483870967741935%,down,129.36%
NUGY,GraniteShares YieldBOOST Gold Miners ETF,$15.0689,-0.0407,-0.2700927074968976%,down,-40.20%
NUHY,Nuveen ESG High Yield Corporate Bond ETF,$21.3206,0.0206,0.09662017016406668%,up,0.33%
NUKZ,Exchange Traded Concepts Trust Range Nuclear Renaissance Index,$70.7600,0.9100,1.2860373092142452%,up,50.68%
NULC,Nuveen ESG Large-Cap ETF,$53.2000,0.2967,0.5577067669172933%,up,14.12%
NULG,Nuveen ESG Large-Cap Growth ETF,$110.8400,0.6700,0.6044749188018765%,up,26.23%
NULV,Nuveen ESG Large-Cap Value ETF,$50.6400,0.3400,0.6714060031595577%,up,26.35%
NUMG,Nuveen ESG Mid-Cap Growth ETF,$45.9700,0.3600,0.7831194257124212%,up,-1.54%
NUMI,NuShares ETF Trust Nuveen Municipal Income ETF,$24.9700,0.0895,0.3584301161393672%,up,2.84%
NUMV,Nuveen ESG Mid-Cap Value ETF,$42.1200,0.3350,0.7953466286799621%,up,21.95%
NURE,Nuveen Short-Term REIT ETF,$30.6800,0.1192,0.38852672750977835%,up,3.74%
NUSA,Nuveen ESG 1-5 Year U.S. Aggregate Bond ETF,$23.1400,-0.0050,-0.021607605877268798%,down,-0.22%
NUSB,Nuveen Ultra Short Income ETF,$25.2450,0.0000,0%,unch,-0.10%
NUSC,Nuveen ESG Small-Cap ETF,$49.1600,0.3500,0.7119609438567942%,up,25.54%
NVBT,AIM ETF Products Trust AllianzIM U.S. Large Cap Buffer10 Nov E,$39.3022,0.0972,0.2473143997028156%,up,19.65%
NVBU,AIM ETF Products Trust AllianzIM U.S. Equity Buffer15 Uncapped,$30.8200,0.1200,0.3893575600259572%,up,21.08%
NVBW,AIM ETF Products Trust AllianzIM U.S. Large Cap Buffer20 Nov E,$35.3900,0.0600,0.16953941791466515%,up,13.20%
NVD,GraniteShares 2x Short NVDA Daily ETF,$4.7100,0.1800,3.821656050955414%,up,-74.14%
NVDD,Direxion Daily NVDA Bear 1X ETF,$32.2700,0.6400,1.9832661915091414%,up,-42.27%
NVDG,Leverage Shares 2X Long NVDA Daily ETF,$20.3200,-0.8400,-4.133858267716535%,down,85.91%
NVDL,GraniteShares 2x Long NVDA Daily ETF,$106.7900,-4.4000,-4.1202359771514185%,down,109.89%
NVDO,Themes ETF Trust Leverage Shares 2x Capped Accelerated NVDA Mo,$21.5623,-0.0920,-0.4266706241912968%,down,8.97%
NVDQ,ETF Opportunities Trust T-Rex 2X Inverse NVIDIA Daily Target E,$10.8600,0.4100,3.775322283609577%,up,-72.44%
NVDS,Tradr 1.5X Short NVDA Daily ETF,$21.0000,0.6100,2.9047619047619047%,up,-62.94%
NVDU,Direxion Daily NVDA Bull 2X ETF,$142.3800,-5.7200,-4.017418176710212%,down,97.89%
NVDX,ETF Opportunities Trust T-Rex 2X Long NVIDIA Daily Target ETF,$20.3300,-0.8200,-4.033448106246926%,down,92.52%
NVDY,Tidal ETF Trust II YieldMax NVDA Option Income Strategy ETF,$13.7600,-0.2100,-1.5261627906976745%,down,-8.57%
NVII,REX NVDA Growth & Income ETF,$27.2800,-0.5400,-1.9794721407624634%,down,9.21%
NVIR,Listed Funds Trust Horizon Kinetics Energy and Remediation ETF,$40.5780,-0.0520,-0.1281482576765735%,down,39.32%
NVOH,Precidian ETFs Trust Novo Nordisk A/S B Shares ADRhedged,$24.8760,0.3314,1.3322077504421932%,up,-33.94%
NVOX,Tidal Trust II Defiance Daily Target 2X Long NVO ETF,$14.5800,0.3600,2.4691358024691357%,up,-71.66%
NVTX,Tradr 2X Long NVTS Daily ETF,$159.9700,45.2950,28.31468400325061%,up,506.67%
NVYY,GraniteShares YieldBOOST NVDA ETF,$13.7900,-0.2395,-1.7367657722987673%,down,-45.91%
NXTE,Investment Managers Series Trust II AXS Green Alpha ETF,$47.8121,0.0779,0.1629294676452195%,up,51.11%
NXTG,First Trust Indxx NextG ETF,$149.9311,2.6011,1.7348635473227372%,up,64.34%
NXTI,Simplify Exchange Traded Funds Simplify Next Intangible Core I,$33.6144,0.5241,1.5591532200485505%,up,14.11%
NXUS,NuShares ETF Trust Nuveen International Aggregate Bond ETF,$24.8276,0.0234,0.09424994763891797%,up,-0.61%
NYF,iShares New York Muni Bond ETF,$53.1330,0.0660,0.12421658856078144%,up,2.51%
NZAC,State Street SPDR MSCI ACWI Climate Paris Aligned ETF,$46.0494,0.1136,0.24669159641602284%,up,22.59%
OACP,Unified Series Trust OneAscent Core Plus Bond ETF,$22.6150,0.0136,0.06013707716117621%,up,1.16%
OAEM,Unified Series Trust OneAscent Emerging Markets ETF,$46.9968,-0.6919,-1.4722278963674122%,down,52.18%
OAIM,Unified Series Trust OneAscent International Equity ETF,$46.2700,-0.2200,-0.4754700669980549%,down,26.84%
OAKG,Harris Oakmark ETF Trust Oakmark Global Large Cap ETF,$25.0900,0.0371,0.1478676763650857%,up,-2.60%
OAKI,Harris Oakmark ETF Trust Oakmark International Large Cap ETF,$25.3216,0.0226,0.08925186402123088%,up,-1.07%
OAKM,Harris Oakmark ETF Trust Oakmark U.S. Large Cap ETF,$28.1300,0.1500,0.5332385353714896%,up,15.86%
OALC,Unified Series Trust OneAscent Large Cap Core ETF,$39.9977,0.1977,0.494278421009208%,up,32.01%
OARK,YieldMax Innovation Option Income Strategy ETF,$31.6951,0.0360,0.11358222564371148%,up,-18.63%
OASC,OneAscent Enhanced Small and Mid Cap ETF,$33.7800,0.1900,0.5624629958555358%,up,36.43%
OBIL,US Treasury 12 Month Bill ETF,$50.1350,0.0100,0.019946145407400022%,up,0.12%
OBND,State Street Loomis Sayles Opportunistic Bond ETF,$25.7425,0.0225,0.08740409828105274%,up,0.60%
OBOR,KraneShares MSCI One Belt One Road Index ETF,$27.0980,-0.2205,-0.8137131891652521%,down,19.54%
OBTC,Osprey Bitcoin Trust,$24.3750,-0.5872,-2.409025641025641%,down,-21.24%
OCIO,ClearShares OCIO ETF,$37.1297,0.0972,0.26178504000840297%,up,8.83%
OCTH,Innovator ETFs Trust Innovator Premium Income 20 Barrier ETF -,$24.2000,-0.0150,-0.06198347107438017%,down,0.98%
OCTJ,Innovator ETFs Trust Innovator Premium Income 30 Barrier ETF -,$24.1400,0.0150,0.06213753106876553%,up,0.54%
OCTM,First Trust Exchange-Traded Fund VIII FT Vest U.S. Equity Max ,$33.4751,0.0284,0.08483917897183281%,up,8.69%
OCTP,PGIM S&P 500 Buffer 12 ETF - October,$31.8400,0.0100,0.031407035175879394%,up,18.17%
OCTT,AllianzIM U.S. Large Cap Buffer10 Oct ETF,$46.1826,0.0899,0.1946620588706569%,up,20.35%
OCTU,AIM ETF Products Trust AllianzIM U.S. Equity Buffer15 Uncapped,$30.3700,0.1000,0.3292723081988805%,up,20.41%
OCTW,AllianzIM U.S. Large Cap Buffer20 Oct ETF,$40.6300,0.0400,0.09844942160964804%,up,13.36%
SUPP,TCW Transform Supply Chain ETF,$80.8634,0.2171,0.2684774570448435%,up,28.10%
SURE,AdvisorShares Insider Advantage ETF,$139.0151,1.3451,0.9675927291351802%,up,22.33%
SURI,Simplify Exchange Traded Funds Simplify Propel Opportunities E,$17.6971,0.0882,0.49838674133050054%,up,21.19%
SUSA,iShares ESG Optimized MSCI USA ETF,$151.4600,0.8800,0.5810114881816981%,up,25.26%
SUSB,iShares ESG Aware 1-5 Year USD Corporate Bond ETF,$24.9300,-0.0050,-0.020056157240272765%,down,-0.04%
SUSC,iShares ESG Aware USD Corporate Bond ETF,$23.0200,0.0350,0.15204170286707214%,up,1.77%
SUSL,iShares ESG MSCI USA Leaders ETF,$131.6100,0.3900,0.2963300661043993%,up,28.23%
SVAL,iShares US Small Cap Value Factor ETF,$39.6903,0.2503,0.6306326734743753%,up,33.86%
SVIX,VS TR -1x Short VIX Futures ETF,$20.5900,-0.1500,-0.7285089849441476%,down,45.92%
SVOL,Simplify Volatility Premium ETF,$16.1800,0.0800,0.49443757725587145%,up,-10.90%
SVXY,ProShares Short VIX Short Term Futures ETF,$52.7700,-0.3000,-0.5685048322910744%,down,31.50%
SWAN,Amplify ETF Trust Amplify BlackSwan Growth & Treasury Core ETF,$33.4412,0.1175,0.35136298936641025%,up,14.84%
SWP,SWP Growth & Income ETF,$28.7813,0.1115,0.3874043215560103%,up,17.13%
SXQG,ETC 6 Meridian Quality Growth ETF,$32.0560,0.0269,0.08391564761667084%,up,0.68%
SYFI,AB Active ETFs Inc. AB Short Duration High Yield ETF,$35.7300,0.0300,0.08396305625524769%,up,0.99%
SYLD,Cambria Shareholder Yield ETF,$78.8000,0.5000,0.6345177664974619%,up,24.88%
SYSB,iShares Systematic Bond ETF,$88.1700,0.1700,0.19280934558239765%,up,0.73%
SYZ,Lazard US Systematic Small Cap Equity ETF,$29.2471,0.2530,0.8650430299072387%,up,16.69%
SZK,ProShares UltraShort Consumer Staples,$10.7552,-0.0326,-0.30310919369235345%,down,-9.26%
TACK,Capitol Series Trust Fairlead Tactical Sector ETF,$31.3168,0.2079,0.6638609308741633%,up,13.63%
TAFI,AB Active ETFs Inc. AB Tax-Aware Short Duration Municipal ETF,$25.1000,0.0000,0%,unch,0.60%
TAFL,AB Active ETFs Inc. AB Tax-Aware Long Municipal ETF,$24.8210,0.0389,0.15672213045405098%,up,2.63%
TAFM,AB Active ETFs Inc. AB Tax-Aware Intermediate Municipal ETF,$25.2800,0.0600,0.23734177215189872%,up,2.27%
TAGG,T. Rowe Price QM U.S. Bond ETF,$42.2929,0.0479,0.11325778085683412%,up,0.75%
TAGS,Teucrium Agricultural Fund ETV,$25.3100,-0.0742,-0.29316475701303835%,down,1.22%
TAIL,Cambria Tail Risk ETF,$10.6950,-0.0050,-0.04675081813931744%,down,-12.41%
TAN,Invesco Solar ETF,$65.9500,1.0900,1.6527672479150872%,up,109.76%
TAOZ,Thornburg American Opportunities Fund,$85.4318,0.1263,0.14783722220531464%,up,5.70%
TAPR,Innovator ETFs Trust Innovator Equity Defined Protection ETF -,$26.3712,0.0173,0.06560186870525421%,up,7.04%
TARK,Tradr 2X Long Innovation ETF,$43.8475,-0.2163,-0.49330064427846515%,down,17.90%
TAX,Cambria Tax Aware ETF,$29.9165,0.2693,0.9001721458058263%,up,22.51%
TAXE,Intermediate Municipal Income ETF,$50.8650,0.0650,0.12778924604344835%,up,2.94%
TAXF,American Century Diversified Municipal Bond ETF,$50.0700,0.0600,0.11983223487118035%,up,3.00%
TAXI,Northern Trust Intermediate Tax-Exempt Bond ETF,$50.9344,0.0200,0.03926619337814915%,up,1.64%
TAXM,BondBloxx ETF Trust BondBloxx IR+M Tax-Aware ETF for Massachus,$49.8478,0.0338,0.06780640268978771%,up,1.98%
TAXS,Northern Trust Short-Term Tax-Exempt Bond ETF,$50.1200,-0.0050,-0.009976057462090982%,down,0.01%
TAXT,Northern Trust Tax-Exempt Bond ETF,$51.1650,0.0300,0.05863383172090296%,up,2.10%
TAXX,BondBloxx ETF Trust BondBloxx IR+M Tax-Aware Short Duration ET,$50.5844,-0.0256,-0.05060848799234546%,down,0.13%
TBF,ProShares Short 20+ Year Treasury,$24.8400,-0.1300,-0.5233494363929146%,down,-2.32%
TBFC,ETF Series Solutions The Brinsmere Fund  Conservative ETF,$29.3655,0.0327,0.11135516166930581%,up,11.97%
TBFG,ETF Series Solutions The Brinsmere Fund Growth ETF,$32.4326,0.0825,0.25437368573595703%,up,21.01%
TBG,EA Series Trust TBG Dividend Focus ETF,$37.2500,0.3500,0.9395973154362416%,up,19.05%
TBIL,F/m US Treasury 3 Month Bill Fund,$49.9800,0.0200,0.040016006402561026%,up,0.06%
TBJL,Innovator 20  Year Treasury Bond 9 Buffer ETF - July,$19.7652,0.0129,0.06526622548721997%,up,0.61%
TBLL,Invesco Short Term Treasury ETF,$105.5200,0.0200,0.018953752843062926%,up,0.08%
TBLU,Tortoise Global Water ETF,$49.9420,0.2409,0.48235953706299306%,up,-2.34%
TBT,ProShares UltraShort Lehman 20  Year Treasury,$36.7000,-0.2500,-0.6811989100817438%,down,-5.29%
TBUX,T. Rowe Price Ultra Short-Term Bond ETF,$49.9100,0.0100,0.02003606491685033%,up,0.20%
TBX,ProShares Short 7 10 Year Treasury,$28.6200,0.0250,0.08735150244584207%,up,-1.04%
TCAF,T. Rowe Price Exchange-Traded Funds Inc. T. Rowe Price Capita,$40.4400,0.0700,0.17309594460929775%,up,21.70%
TCAI,Tortoise Capital Series Trust Tortoise AI Infrastructure ETF,$50.1800,0.8300,1.6540454364288562%,up,98.95%
TCAL,T. Rowe Price Exchange-Traded Funds Inc. T. Rowe Price Capita,$22.4900,0.1000,0.444642063139173%,up,-8.95%
TCAN,21Shares Canton Network ETF,$26.2926,-1.2430,-4.727565931098485%,down,6.64%
TCHI,iShares MSCI China Multisector Tech ETF,$24.6674,0.2429,0.9847004548513422%,up,29.56%
TCHP,T. Rowe Price Blue Chip Growth ETF,$51.6200,0.0800,0.15497869043006587%,up,23.02%
TCPB,Thrivent ETF Trust Thrivent Core Plus Bond ETF,$50.5500,0.0800,0.15825914935707222%,up,1.32%
TCV,EA Series Trust Towle Value ETF,$30.6916,0.4254,1.3860469965723519%,up,22.82%
TDAQ,ETF Opportunities Trust TappAlpha Innovation 100 Growth & Dail,$28.1300,0.1300,0.4621400639886243%,up,12.55%
TDAX,ETF Opportunities Trust TDAQ Lift ETF,$25.9600,0.4800,1.8489984591679507%,up,8.30%
TDEC,First Trust Exchange-Traded Fund VIII FT Vest Emerging Markets,$25.9920,-0.0387,-0.14889196675900276%,down,22.59%
TDI,Touchstone Dynamic International ETF,$44.7471,-0.1982,-0.44293373201838776%,down,39.10%
TDIV,First Trust NASDAQ Technology Dividend Index Fund,$115.9200,2.7881,2.4051932367149758%,up,44.11%
TDOG,21Shares Dogecoin ETF,$20.8576,-0.4610,-2.210225529303467%,down,-16.68%
TDOT,21shares Polkadot ETF,$15.4575,-0.2461,-1.5921073912340291%,down,-13.76%
TDSB,ETC Cabana Target Beta ETF,$24.9093,0.0489,0.19631222073683322%,up,13.74%
TDSC,ETC Cabana Target Drawdown 10 ETF,$27.8526,0.1574,0.5651177986974287%,up,17.32%
TDTF,FlexShares iBoxx 5 Year Target Duration TIPS Index Fund,$24.0400,-0.0200,-0.0831946755407654%,down,1.05%
TDTT,FlexShares iBoxx 3 Year Target Duration TIPS Index Fund,$24.2300,0.0100,0.041271151465125874%,up,0.54%
TDV,ProShares S&P Technology Dividend Aristocrats ETF,$100.8937,2.6787,2.6549725106721236%,up,30.54%
TDVG,T. Rowe Price Dividend Growth ETF,$47.8460,0.3460,0.7231534506541821%,up,17.36%
TDVI,FT Vest Technology Dividend Target Income ETF,$32.2400,0.8300,2.574441687344913%,up,34.28%
TEC,Harbor ETF Trust Harbor Transformative Technologies ETF,$32.1605,0.2560,0.7960075247586326%,up,37.23%
TECB,iShares U.S. Tech Breakthrough Multisector ETF,$70.5100,0.9452,1.340519075308467%,up,31.92%
TECL,Direxion Daily Technology Bull 3X ETF,$207.8500,6.2300,2.9973538609574213%,up,194.41%
TECS,Direxion Daily Technology Bear 3X ETF,$7.9600,-0.2600,-3.2663316582914574%,down,-78.12%
TEK,BlackRock ETF Trust iShares Technology Opportunities Active ET,$39.4709,-0.0155,-0.039269436470919086%,down,55.26%
TEKX,State Street Galaxy Transformative Tech Accelerators ETF,$62.9051,0.3751,0.5962950539781353%,up,134.07%
TEKY,Lazard Next Gen Technologies ETF,$44.4367,0.2779,0.6253839731573226%,up,41.29%
TEMT,Tradr 2X Long TEM Daily ETF,$17.0500,-0.0800,-0.469208211143695%,down,-73.86%
TEMX,Touchstone ETF Trust Touchstone Sands Capital Emerging Markets,$35.5586,-0.3144,-0.8841742925761983%,down,33.45%
TEQI,T. Rowe Price Equity Income ETF,$49.9225,0.4025,0.8062496870148731%,up,22.15%
TERG,Leverage Shares 2x Long TER Daily ETF,$47.9500,1.2500,2.6068821689259645%,up,228.99%
TESL,Simplify Volt TSLA Revolution ETF,$17.6200,0.2340,1.3280363223609535%,up,-29.72%
TETH,21Shares Ethereum ETF,$10.3050,-0.3900,-3.7845705967976713%,down,-21.87%
TEXN,iShares Texas Equity ETF,$33.1582,0.3856,1.1629099287657352%,up,31.27%
TEXX,Horizon Kinetics Texas ETF,$29.6800,0.2663,0.8972371967654986%,up,16.25%
TFGZ,Thornburg Focus Growth Fund,$34.9243,0.2812,0.8051700391990677%,up,14.98%
TFI,State Street SPDR Nuveen ICE Municipal Bond ETF,$45.1900,0.0000,0%,unch,1.78%
TFJL,Innovator 20  Year Treasury Bond 5 Floor ETF - July,$19.1975,0.0787,0.40994921213699703%,up,-3.29%
TFLO,iShares Treasury Floating Rate Bond ETF,$50.6100,0.0200,0.03951788184153329%,up,0.00%
TFLR,T. Rowe Price Exchange-Traded Funds Inc. T. Rowe Price Floati,$50.9800,0.0200,0.03923107100823853%,up,-0.95%
TFNS,T. Rowe Price Financials ETF,$26.5472,0.0772,0.2908027965284475%,up,6.12%
TFPN,Blueprint Chesapeake Multi-Asset Trend ETF,$31.4956,0.1113,0.35338269472561246%,up,41.40%
TGLB,T. Rowe Price Exchange-Traded Funds Inc. T. Rowe Price Global,$28.4759,0.1399,0.49129263693158076%,up,12.56%
TGLR,Wedbush Series Trust Wedbush LAFFER TENGLER New Era Value ETF,$39.8592,0.2313,0.5802926300578034%,up,33.22%
TGRT,T. Rowe Price Exchange-Traded Funds Inc. T. Rowe Price Growth,$46.1800,0.0700,0.151580770896492%,up,23.67%
TGRW,T. Rowe Price Growth Stock ETF,$47.9202,0.1263,0.26356317377640326%,up,22.83%
THD,iShares Inc iShares MSCI Thailand ETF,$72.5900,0.1500,0.20664003306240528%,up,32.80%
THEQ,T. Rowe Price Exchange-Traded Funds Inc. T. Rowe Price Hedged,$29.7738,0.1224,0.41109969167523125%,up,17.91%
THIR,THOR Financial Technologies Trust THOR Index Rotation ETF,$33.8700,0.0900,0.26572187776793627%,up,23.21%
THLV,THOR Equal Weight Low Volatility ETF,$32.5205,0.1871,0.5753294076044341%,up,18.02%
THMZ,Lazard Equity Megatrends ETF,$33.2578,0.1969,0.5920415661889841%,up,13.53%
THNQ,ROBO Global Artificial Intelligence ETF,$84.7174,2.2909,2.7041670306218086%,up,68.26%
THNR,Amplify ETF Trust Amplify Weight Loss Drug & Treatment ETF,$24.7700,0.2410,0.9729511505853855%,up,15.20%
THRO,iShares U.S. Thematic Rotation Active ETF,$42.6900,0.1400,0.32794565472007503%,up,26.56%
THRV,Prospera Income ETF,$24.4101,0.0291,0.11921294873843205%,up,-2.35%
THTA,SoFi Enhanced Yield ETF,$15.5300,0.0050,0.03219575016097875%,up,4.23%
THY,Toews Agility Shares Dynamic Tactical Income ETF,$21.8050,0.0250,0.11465260261407934%,up,-0.57%
THYF,T. Rowe Price Exchange-Traded Funds Inc. T. Rowe Price U.S. H,$51.7945,-0.0055,-0.010618888105879966%,down,0.81%
THYM,T. Rowe Price High Income Municipal ETF,$50.3000,0.0465,0.09244532803180916%,up,0.32%
THYP,21shares Hyperliquid ETF,$32.2100,-1.2300,-3.818689847873331%,down,37.10%
TIER,T. Rowe Price Exchange-Traded Funds Inc. T. Rowe Price Intern,$31.5410,-0.0891,-0.2824894581655623%,down,24.53%
TIIV,ETF Series Solutions AAM Todd International Intrinsic Value ET,$29.1790,-0.0477,-0.16347373110798863%,down,16.62%
TILL,Listed Funds Trust Teucrium Agricultural Strategy No K-1 ETF,$18.5400,-0.0500,-0.2696871628910464%,down,-2.22%
TILT,FlexShares Mornigstar US Market Factors Tilt Index Fund ETF,$271.5400,1.4816,0.545628636664948%,up,28.05%
TIME,Clockwise U.S. Core Equity ETF,$26.9450,0.0237,0.0879569493412507%,up,12.93%
TINT,ProShares Smart Materials ETF,$40.8411,0.7040,1.7237537676507242%,up,42.34%
TINY,ProShares Nanotechnology ETF,$80.2243,1.8209,2.269761157155625%,up,103.12%
TIP,iShares TIPS Bond ETF,$110.3800,0.0100,0.00905961224859576%,up,1.77%
TIPA,Northern Funds Northern Trust 2030 Inflation-Linked Distributi,$100.8858,-0.0812,-0.0804870457487575%,down,0.78%
TIPB,Northern Funds Northern Trust 2035 Inflation-Linked Distributi,$100.4251,-0.0449,-0.04470993805333527%,down,0.29%
TIPC,Northern Funds Northern Trust 2045 Inflation-Linked Distributi,$99.9551,0.0265,0.026511903844826327%,up,-0.32%
TIPD,Northern Funds Northern Trust 2055 Inflation-Linked Distributi,$99.4160,0.0361,0.03631206244467691%,up,-0.95%
TIPX,State Street SPDR Bloomberg 1a??10 Year TIPS ETF,$19.1000,-0.0300,-0.15706806282722513%,down,0.84%
TIPZ,PIMCO Broad U.S. TIPS Index Exchange-Traded Fund,$52.7200,0.0400,0.07587253414264036%,up,0.42%
TJAN,Innovator ETFs Trust Innovator Equity Defined Protection ETF -,$28.0166,0.0236,0.08423577450511482%,up,8.56%
TJUL,Innovator Equity Defined Protection ETF - 2 Yr to July 2027,$30.1700,0.0200,0.06629101756711965%,up,6.13%
TJUN,First Trust Exchange-Traded Fund VIII FT Vest Emerging Markets,$23.5300,-0.0100,-0.042498937526561836%,down,17.19%
TKNS,21Shares Active Crypto ETF,$24.8041,-0.5492,-2.2141500800270926%,down,-4.17%
TLA,GraniteShares Autocallable TSLA ETF,$25.0800,0.1334,0.5318979266347688%,up,0.19%
TLCI,Touchstone ETF Trust Touchstone International Equity ETF,$25.8129,-0.1131,-0.43815301651499833%,down,-0.95%
TLG,Touchstone Large Company Growth ETF,$27.2772,-0.0377,-0.13821066678398075%,down,11.30%
TLH,iShares 10-20 Year Treasury Bond ETF,$98.7300,0.3900,0.39501671224551804%,up,1.02%
TLT,iShares 20+ Year Treasury Bond ETF,$84.6800,0.4600,0.543221539914974%,up,0.32%
TLTD,FlexShares Morningstar Developed Markets ex-US Factor Tilt Ind,$100.4488,-0.2561,-0.25495575855560243%,down,24.61%
TLTE,FlexShares Morningstar Emerging Markets Factor Tilt Index Fund,$76.0216,-0.1014,-0.13338314373809548%,down,37.57%
TLTI,NEOS ETF Trust NEOS Enhanced Income 20+ Year Treasury Bond ETF,$44.7400,0.2400,0.5364327223960661%,up,0.22%
TLTP,Amplify TLT U.S. Treasury 12% Option Income ETF,$20.9500,0.1200,0.5727923627684964%,up,-5.61%
TLTW,iShares Trust iShares 20+ Year Treasury Bond BuyWrite Strategy,$22.0000,0.1050,0.4772727272727273%,up,-1.92%
TLTX,Global X Funds Global X Treasury Bond Enhanced Income ETF,$22.5550,0.0850,0.3768565728219907%,up,-9.74%
TMAR,First Trust Exchange-Traded Fund VIII FT Vest Emerging Markets,$25.7050,-0.0500,-0.19451468585878234%,down,26.84%
TMAT,Main Thematic Innovation ETF,$28.6089,0.3889,1.3593671899304063%,up,38.41%
TMB,Thornburg Multi Sector Bond ETF,$25.3547,-0.0212,-0.08361368898074124%,down,1.01%
TMDV,ProShares Russell US Dividend Growers ETF,$49.2998,0.2768,0.5614627239867099%,up,5.92%
TMED,T. Rowe Price Health Care ETF,$30.9987,0.1954,0.6303490146360976%,up,23.36%
TMET,iShares Transition-Enabling Metals ETF,$32.2948,-0.1452,-0.4496079864250591%,down,40.23%
TMF,Direxion Daily 20+ Year Treasury Bull 3X ETF,$33.6900,0.4700,1.3950727218759276%,up,-3.41%
TMFC,Motley Fool 100 Index ETF,$77.5000,0.1000,0.12903225806451613%,up,28.29%
TMFE,The RBB Fund Inc. Motley Fool Capital Efficiency 100 Index ET,$29.9117,0.0224,0.07488708431817649%,up,10.05%
TMFG,Motley Fool Global Opportunities ETF,$30.8500,-0.1100,-0.3565640194489465%,down,4.68%
TMFM,Motley Fool Mid-Cap Growth ETF,$20.8592,0.1014,0.4861164378307893%,up,-19.06%
TMFS,Motley Fool Small-Cap Growth ETF,$34.2600,0.2000,0.5837711617046119%,up,0.85%
TMFX,The RBB Fund Inc. Motley Fool Next Index ETF,$21.8477,0.2577,1.1795291952928684%,up,12.26%
TMH,Precidian ETFs Trust Toyota Motor Corporation ADRhedged,$51.6363,-0.0908,-0.1758452871332764%,down,4.94%
TMNL,T. Rowe Price Long Municipal Income ETF,$49.9022,0.0838,0.16792846808357148%,up,-0.37%
TMNS,T. Rowe Price Short Municipal Income ETF,$49.9250,0.0104,0.02083124687030546%,up,-0.22%
TMSF,T. Rowe Price Multi-Sector Income ETF,$50.0333,0.0482,0.09633584033034001%,up,-0.11%
TMSL,T. Rowe Price Exchange-Traded Funds Inc. T. Rowe Price Small-,$41.2100,0.1200,0.2911914583838874%,up,31.87%
TMV,Direxion Daily 20+ Year Treasury Bear 3X ETF,$39.8100,-0.5700,-1.4318010550113034%,down,-6.59%
TNA,Direxion Daily Small Cap Bull 3X ETF,$65.1700,1.6700,2.5625287709068587%,up,129.23%
TNXT,T. Rowe Price Innovation Leaders ETF,$26.9090,0.0863,0.32071054294102347%,up,8.29%
TOAK,Manager Directed Portfolios Twin Oak Short Horizon Absolute Re,$28.7500,0.0000,0%,unch,3.85%
TOCT,Innovator ETFs Trust Innovator Equity Defined Protection ETF -,$27.0100,-0.0006,-0.002221399481673454%,down,2.31%
TOGA,Managed Portfolio Series Tremblant Global ETF,$29.3627,0.0627,0.2135362211240792%,up,-9.07%
TOK,iShares MSCI Kokusai ETF,$150.1851,0.3329,0.2216598051337982%,up,25.16%
TOLL,Tema ETF Trust Tema Monopolies and Oligopolies ETF,$38.6460,0.3759,0.9726750504580035%,up,16.86%
TOLZ,ProShares DJ Brookfield Global Infrastructure ETF,$61.8621,-0.0279,-0.045100311822586045%,down,14.75%
TOPC,iShares Trust iShares S&P 500 3% Capped ETF,$33.9089,0.2075,0.6119337401095287%,up,25.71%
TOPT,iShares Trust iShares Top 20 U.S. Stocks ETF,$33.7600,-0.0700,-0.20734597156398107%,down,32.44%
TOPW,Roundhill Top WeeklyPay ETF,$38.6200,-0.2100,-0.5437597099948214%,down,-24.70%
TOT,Advisor Managed Portfolios LionShares U.S. Equity Total Return,$23.3820,0.1087,0.46488752031477204%,up,16.32%
TOTL,State Street DoubleLine Total Return Tactical ETF,$39.3100,0.0200,0.050877639277537516%,up,-0.18%
TOTR,T. Rowe Price Total Return ETF,$40.0362,0.0589,0.14711685924238563%,up,0.24%
TOUS,T. Rowe Price Exchange-Traded Funds Inc. T. Rowe Price Intern,$37.5100,-0.0400,-0.10663822980538523%,down,20.34%
TOV,EA Series Trust JLens 500 Jewish Advocacy U.S. ETF,$31.4026,0.1363,0.4340404934623248%,up,28.05%
TPHD,Timothy Plan High Dividend Stock ETF,$41.8320,0.4120,0.9848919487473703%,up,14.11%
TPIF,Timothy Plan International ETF,$37.6000,-0.1000,-0.26595744680851063%,down,20.92%
TPLC,Timothy Plan US Large/Mid Cap Core ETF,$48.7600,0.4200,0.8613617719442166%,up,12.29%
TPLS,Thornburg Core Plus Bond ETF,$25.0550,0.0500,0.19956096587507482%,up,0.85%
TPOR,Direxion Daily Transportation Bull 3X ETF,$35.6007,-0.0320,-0.08988587303058647%,down,56.35%
TPSC,Timothy Plan US Small Cap Core ETF,$45.2149,0.2249,0.49740240495942706%,up,21.12%
TPYP,Tortoise North American Pipeline ETF,$44.1600,0.3247,0.7352807971014493%,up,26.97%
TPZ,Tortoise Electrification Infrastructure ETF,$22.6394,0.2194,0.9691069551313198%,up,14.92%
TQQQ,ProShares UltraPro QQQ,$77.8400,0.8900,1.1433710174717369%,up,127.97%
TQQY,GraniteShares YieldBOOST QQQ ETF,$13.7302,0.0211,0.15367583866221904%,up,-28.71%
TRBF,Angel Oak Total Return ETF,$49.1800,0.0011,0.0022366815778771857%,up,-1.72%
TRFK,Pacer Funds Pacer Data and Digital Revolution ETF,$94.5300,1.3000,1.3752247963609436%,up,84.76%
TRFM,ETF Series Solutions AAM Transformers ETF,$58.4600,0.8600,1.471091344509066%,up,48.29%
TRIO,EA Series Trust MC Trio Equity Buffered ETF,$64.1722,0.0757,0.11796385350665864%,up,6.31%
TRND,Pacer Trendpilot Fund of Funds ETF,$36.3849,0.0932,0.2561502161610998%,up,18.42%
TRPA,Hartford AAA CLO ETF,$38.9750,0.0380,0.09749839640795381%,up,-0.22%
TRSY,DBX ETF Trust Xtrackers US 0-1 Year Treasury ETF,$30.1700,0.0050,0.016572754391779913%,up,0.13%
TRTY,Cambria Trinity ETF,$30.9741,-0.0087,-0.02808798318595213%,down,20.52%
TRUC,VanEck Communication Services TruSector ETF,$26.7934,-0.1622,-0.6053729649839141%,down,6.69%
TRUD,VanEck Consumer Discretionary TruSector ETF,$26.7931,0.0731,0.272831437944844%,up,9.11%
TRUT,VanEck Technology TruSector ETF,$31.1164,0.1720,0.5527631731177128%,up,29.32%
TSCM,TimesSquare Quality Mid Cap Growth ETF,$19.6820,0.1326,0.6737120211360634%,up,-1.33%
TSDD,GraniteShares 2x Short TSLA Daily ETF,$7.3800,-0.3000,-4.065040650406504%,down,-67.40%
TSEC,Touchstone ETF Trust Touchstone Securitized Income ETF,$25.7800,0.0106,0.041117145073700546%,up,-1.13%
TSEL,Touchstone Sands Capital US Select Growth ETF,$28.6672,0.0038,0.013255567338282079%,up,11.32%
TSEP,First Trust Exchange-Traded Fund VIII FT Vest Emerging Market ,$25.6800,-0.0267,-0.10397196261682243%,down,22.65%
TSII,REX TSLA Growth & Income ETF,$19.3200,0.3800,1.9668737060041408%,up,-20.33%
TSL,GraniteShares 1.25x Long TSLA Daily ETF,$17.0873,0.3873,2.2665956587641114%,up,22.75%
TSLG,Leverage Shares 2X Long TSLA Daily ETF,$7.5100,0.2700,3.5952063914780292%,up,3.87%
TSLL,Direxion Daily TSLA Bull 2X ETF,$15.2600,0.5400,3.5386631716906947%,up,4.38%
TSLO,Themes ETF Trust Leverage Shares 2x Capped Accelerated TSLA Mo,$19.4263,0.1575,0.8107565516850866%,up,-2.63%
TSLP,Kurv Yield Premium Strategy Tesla (TSLA) ETF,$19.7100,0.4000,2.0294266869609334%,up,-9.49%
TSLQ,Tradr 2X Short TSLA Daily ETF,$17.4300,-0.6800,-3.9013195639701665%,down,-67.72%
TSLR,GraniteShares 2x Long TSLA Daily ETF,$26.0300,0.9400,3.6112178255858622%,up,11.96%
TSLS,Direxion Daily TSLA Bear 1X ETF,$51.7900,-0.9500,-1.8343309519212203%,down,-32.12%
TSLT,ETF Opportunities Trust T-REX 2X Long Tesla Daily Target ETF,$21.2600,0.7700,3.621825023518344%,up,6.94%
TSLW,Roundhill ETF Trust Roundhill TSLA WeeklyPay ETF,$25.6650,0.5250,2.0455873758036236%,up,-36.85%
TSLY,Tidal ETF Trust II YieldMax TSLA Option Income Strategy ETF,$30.5000,0.5700,1.8688524590163933%,up,-33.11%
TSLZ,ETF Opportunities Trust T-Rex 2X Inverse Tesla Daily Target ET,$11.1700,-0.4500,-4.028648164726947%,down,-66.05%
TSME,Thrivent Small-Mid Cap Equity ETF,$46.6000,0.7127,1.5293991416309012%,up,33.14%
TSMG,Leverage Shares 2X Long TSM Daily ETF,$37.9352,-0.6535,-1.722674455387081%,down,208.17%
TSMU,GraniteShares 2x Long TSM Daily ETF,$68.8267,-1.1360,-1.650522253718397%,down,227.59%
TSMX,Direxion Daily TSM Bull 2X ETF,$78.5400,-1.0700,-1.3623631270690093%,down,214.41%
TSMY,Tidal Trust II YieldMax TSM Option Income Strategy ETF,$16.3300,-0.1200,-0.7348438456827925%,down,5.56%
TSMZ,Direxion Daily TSM Bear 1X ETF,$8.6500,0.0734,0.8485549132947977%,up,-56.31%
TSOL,21shares Solana ETF,$8.2147,-0.3153,-3.838241201748086%,down,-38.33%
TSPA,T. Rowe Price U.S. Equity Research ETF,$47.1100,0.1700,0.36085756739545743%,up,28.47%
TSPY,TappAlpha S&P 500 Growth & Daily Income ETF,$25.8200,0.1000,0.3872966692486445%,up,11.01%
TSUI,21Shares Sui ETF,$21.1759,-1.7841,-8.42514367748242%,down,22.09%
TSYX,TSPY Lift ETF,$23.9543,0.1802,0.7522657727422634%,up,0.58%
TSYY,GraniteShares YieldBOOST TSLA ETF,$3.0600,0.0249,0.8137254901960783%,up,-76.02%
TTDU,ETF Opportunities Trust T-REX 2X Long TTD Daily Target ETF,$4.3800,0.4100,9.360730593607306%,up,-82.83%
TTEQ,T. Rowe Price Technology ETF,$42.0295,0.3723,0.8858063978871984%,up,58.78%
TTOP,Listed Funds Trust 21Shares FTSE Crypto 10 Index ETF,$17.6266,-0.4516,-2.5620369214709586%,down,-26.39%
TTT,ProShares UltraPro Short 20 Year Treasury,$71.3590,-1.3029,-1.8258383665690383%,down,-14.85%
TUA,Simplify Exchange Traded Funds Simplify Short Term Treasury Fu,$20.5100,-0.0800,-0.39005363237445145%,down,-5.40%
TUG,STF Tactical Growth ETF,$45.9025,0.2825,0.6154348891672565%,up,36.21%
TUGN,STF Tactical Growth & Income ETF,$27.7499,0.0999,0.3600012973019723%,up,20.34%
TUR,iShares MSCI Turkey ETF,$39.3400,2.6300,6.68530757498729%,up,24.10%
TURF,T. Rowe Price Natural Resources ETF,$34.2404,-0.1103,-0.32213408721860726%,down,36.12%
TUSB,Thrivent ETF Trust Thrivent Ultra Short Bond ETF,$50.5700,0.0800,0.15819655922483686%,up,0.52%
TUSI,Touchstone ETF Trust Touchstone Ultra Short Income ETF,$25.4100,0.0450,0.1770956316410862%,up,0.12%
TVAL,T. Rowe Price Exchange-Traded Funds Inc. T. Rowe Price Value ,$40.5400,0.2500,0.61667488899852%,up,29.23%
TWM,ProShares UltraShort Russell2000,$23.4300,-0.3800,-1.6218523260776783%,down,-52.47%
TWOX,iShares Large Cap Accelerated Outcome ETF,$28.6643,0.0293,0.10221774123212499%,up,17.08%
TXBC,Listed Funds Trust 21Shares FTSE Crypto 10 ex-BTC Index ETF,$15.1708,-0.4735,-3.1211274290083577%,down,-35.35%
TXS,Texas Capital Funds Trust Texas Capital Texas Equity Index ETF,$39.9180,0.2298,0.5756801442958064%,up,21.07%
TXUE,Thornburg International Equity ETF,$34.4150,-0.1251,-0.36350428592183637%,down,20.33%
TXUG,Thornburg International Growth Fund ETF,$26.3044,0.1141,0.43376773467556756%,up,3.15%
TXXD,21Shares 2x Long Dogecoin ETF,$7.1041,-0.3417,-4.809898509311525%,down,-70.89%
TXXI,BondBloxx ETF Trust BondBloxx IR+M Tax-Aware Intermediate Dura,$50.2212,0.0378,0.07526701870923036%,up,2.04%
TXXS,21Shares 2x Long Sui ETF,$5.3591,-0.9665,-18.034744639958205%,down,-78.19%
TYA,Simplify Intermediate Term Treasury Futures Strategy ETF,$12.5776,0.0076,0.060424882330492306%,up,-1.20%
TYD,Direxion Daily 7-10 Year Treasury Bull 3X ETF,$23.4400,0.0400,0.1706484641638225%,up,-1.92%
TYLD,Cambria ETF Trust Cambria Tactical Yield ETF,$25.2900,0.0050,0.019770660340055358%,up,-0.69%
TYLG,Global X Funds Global X Information Technology Covered Call & ,$40.8795,0.2812,0.6878753409410585%,up,31.77%
TYO,Direxion Daily 7-10 Year Treasury Bear 3X ETF,$14.3200,-0.0292,-0.20391061452513964%,down,-0.56%
TZA,Direxion Daily Small Cap Bear 3X ETF,$4.5700,-0.1200,-2.62582056892779%,down,-68.22%
UAE,iShares MSCI UAE ETF,$18.9150,-0.1350,-0.7137192704203014%,down,2.08%
UAPR,Innovator U.S. Equity Ultra Buffer ETF - April,$34.9300,0.0250,0.071571714858288%,up,14.64%
UAUG,Innovator U.S. Equity Ultra Buffer ETF - August,$41.6930,0.0252,0.060441800781905836%,up,16.71%
UBND,VictoryShares Core Plus Bond ETF,$21.5700,0.0200,0.0927213722763097%,up,0.89%
UBOT,Direxion Daily Robotics Artificial Intelligence & Automation ,$29.8400,0.9118,3.0556300268096517%,up,52.79%
UBR,ProShares Ultra MSCI Brazil Capped,$32.6592,-0.9963,-3.050595238095238%,down,68.48%
UBRL,GraniteShares 2x Long UBER Daily ETF,$15.2900,-0.7200,-4.708960104643558%,down,-49.59%
UBT,ProShares Ultra 20+ Year Treasury,$15.6500,0.0900,0.5750798722044729%,up,-0.06%
UCC,ProShares Ultra Consumer Discretionary,$50.0700,0.3763,0.7515478330337528%,up,15.02%
UCIB,ETRACS CMCI Total Return ETN Series B,$35.0425,-0.0885,-0.2525504744239138%,down,34.65%
UCO,ProShares Ultra Bloomberg Crude Oil,$47.2400,-0.9300,-1.968670618120237%,down,127.66%
UCON,First Trust Smith Unconstrained Bond ETF,$24.7800,0.0200,0.08071025020177562%,up,1.10%
UCRD,VictoryShares Corporate Bond ETF,$21.3950,0.0400,0.18695956999298902%,up,2.39%
UCYB,ProShares Ultra Nasdaq Cybersecurity,$68.8434,3.3875,4.9205878849679126%,up,21.09%
UDEC,Innovator U.S. Equity Ultra Buffer ETF - December,$41.4300,0.0600,0.14482259232440262%,up,18.00%
UDI,USCF ETF Trust USCF Dividend Income Fund,$35.1341,0.2341,0.6663042457327782%,up,21.74%
UDIV,Franklin U.S. Core Dividend Tilt Index ETF,$59.9935,0.4096,0.6827406302349421%,up,32.61%
UDN,Invesco DB USD Index Bearish ETF,$18.1800,-0.0050,-0.027502750275027504%,down,-0.66%
UDOW,ProShares UltraPro Dow30,$64.2000,1.0600,1.6510903426791277%,up,56.36%
UECG,Leverage Shares 2x Long UEC Daily ETF,$6.9807,-0.2031,-2.9094503416562807%,down,-48.97%
UEVM,VictoryShares Emerging Markets Value Momentum ETF,$59.4047,0.1926,0.3242167707268953%,up,18.48%
UFEB,Innovator U.S. Equity Ultra Buffer ETF - February,$38.4648,0.0388,0.10087144610137061%,up,16.24%
UFIV,US Treasury 5 Year Note ETF,$48.2850,-0.0019,-0.003934969452210832%,down,-0.47%
UFO,Procure Space ETF,$61.9000,2.9400,4.749596122778676%,up,154.21%
UFOX,Defiance Connective Technologies ETF,$99.4100,3.3800,3.400060356100996%,up,115.08%
UGA,United States Gasoline Fund LP,$115.2400,0.2600,0.22561610551891706%,up,92.05%
UGE,ProShares Ultra Consumer Staples,$19.4751,0.0651,0.3342729947471387%,up,3.99%
UGL,ProShares Ultra Gold,$56.0500,-0.8500,-1.5165031222123104%,down,61.90%
UITB,VictoryShares Core Intermediate Bond ETF,$46.5350,0.0597,0.12829053400666168%,up,1.05%
UIVM,VictoryShares International Value Momentum ETF,$72.5252,-0.4892,-0.674524165393546%,down,30.16%
UJAN,Innovator U.S. Equity Ultra Buffer ETF - January,$45.0600,0.0450,0.09986684420772303%,up,15.26%
UJB,ProShares Ultra High Yield ETF,$78.2203,0.0181,0.023139773179085228%,up,6.20%
UJUL,Innovator U.S. Equity Ultra Buffer ETF - July,$40.4050,0.0750,0.18562059151095162%,up,16.52%
UJUN,Innovator U.S. Equity Ultra Buffer ETF - June,$38.6100,0.0100,0.0259000259000259%,up,12.08%
ULE,ProShares Ultra Euro,$12.7655,-0.0293,-0.22952489130860526%,down,3.62%
ULST,State Street Ultra Short Term Bond ETF,$40.4300,-0.0100,-0.02473410833539451%,down,-0.35%
ULTI,REX IncomeMax Option Strategy ETF,$14.7100,0.3700,2.515295717199184%,up,-43.06%
ULTY,Tidal Trust II YieldMax Ultra Option Income Strategy ETF,$31.2100,-0.0100,-0.03204101249599487%,down,-48.84%
ULVM,VictoryShares US Value Momentum ETF,$103.2670,1.3009,1.2597441583468099%,up,27.84%
UMAR,Innovator U.S. Equity Ultra Buffer ETF - March,$41.9736,0.0636,0.15152381496940937%,up,15.27%
UMAY,Innovator U.S. Equity Ultra Buffer ETF - May,$37.9000,0.0951,0.25092348284960425%,up,11.14%
UMDD,UltraPro MidCap400,$32.9300,0.7819,2.3744306103856667%,up,61.18%
UMI,USCF Midstream Energy Income Fund ETF,$61.7250,0.0950,0.15390846496557312%,up,24.00%
UMMA,Wahed Dow Jones Islamic World ETF,$36.5737,-0.1563,-0.42735626966918844%,down,43.03%
UNG,United States Natural Gas Fund LP,$10.9400,-0.3900,-3.5648994515539307%,down,-34.29%
UNHG,Leverage Shares 2X Long UNH Daily ETF,$20.2300,0.5600,2.768166089965398%,up,31.64%
UNIY,WisdomTree Voya Yield Enhanced USD Universal Bond Fund,$48.2811,0.0660,0.13669945382354587%,up,0.86%
UNL,United States 12 Month Natural Gas Fund,$6.2800,-0.1300,-2.0700636942675157%,down,-30.57%
UNOV,Innovator U.S. Equity Ultra Buffer ETF - November,$39.9125,0.0724,0.1813968055120576%,up,14.43%
UNX,Investment Managers Series Trust II Tradr 2X Long U Daily ETF,$38.7097,0.2404,0.6210329710641003%,up,-84.10%
UOCT,Innovator U.S. Equity Ultra Buffer ETF - October,$40.7900,0.0300,0.07354743809757294%,up,15.13%
UPAR,UPAR Ultra Risk Parity ETF,$16.5900,0.0400,0.24110910186859555%,up,23.53%
UPGD,Invesco Bloomberg Analyst Rating Improvers ETF,$79.2350,1.3333,1.682715971477251%,up,13.52%
UPGR,Xtrackers US Green Infrastructure Select Equity ETF,$28.3533,0.2820,0.994593221953%,up,65.71%
UPRO,ProShares UltraPro S&P 500,$143.0800,1.5000,1.048364551299972%,up,84.52%
UPSD,ETF Series Solutions Aptus Large Cap Upside ETF,$28.4300,0.1538,0.5409778403095321%,up,22.38%
UPSG,Leverage Shares 2X Long UPS Daily ETF,$14.9448,0.7657,5.123521224773834%,up,-1.90%
UPSX,Tradr 2X Long UPST Daily ETF,$16.0000,-0.2500,-1.5625%,down,-87.31%
UPV,ProShares Ultra FTSE Europe,$97.3631,-0.7316,-0.7514140367346561%,down,28.52%
UPW,ProShares Ultra Utilities,$23.8800,0.3239,1.3563651591289783%,up,22.51%
URA,Global X Uranium ETF,$48.9600,0.1000,0.2042483660130719%,up,71.67%
URAA,Direxion Daily Uranium Industry Bull 2X ETF,$32.9300,0.2400,0.7288187063467962%,up,95.43%
URAN,Themes ETF Trust Themes Uranium & Nuclear ETF,$42.3635,0.5005,1.1814415711638555%,up,38.88%
URE,ProShares Ultra Real Estate,$70.2784,0.2273,0.32342796648756944%,up,16.45%
URNJ,Sprott Junior Uranium Miners ETF,$26.9100,0.3400,1.26347082868822%,up,70.21%
URNM,Sprott Uranium Miners ETF,$58.2200,0.1400,0.24046719340432846%,up,58.85%
URTH,iShares Inc. iShares MSCI World ETF,$202.5400,0.4700,0.23205292781672757%,up,25.42%
URTY,ProShares UltraPro Russell2000,$75.9900,1.9600,2.5792867482563495%,up,127.99%
USAF,Atlas America Fund,$27.5000,-0.0050,-0.01818181818181818%,down,4.27%
USAI,Pacer American Energy Infrastructure ETF,$48.0666,0.3017,0.6276707734684792%,up,24.23%
USAX,Investment Managers Series Trust II Tradr 2X Long USAR Daily E,$30.1100,2.2900,7.605446695450016%,up,37.55%
USCA,DBX ETF Trust Xtrackers MSCI USA Climate Action Equity ETF,$44.0805,0.2488,0.5644219099148149%,up,20.31%
BNGE,First Trust S-Network Streaming and Gaming ETF,$30.7185,-0.0923,-0.3004704005729446%,down,-4.40%
BNKD,Bank Of Montreal MicroSectors  U.S. Big Banks -3  Inverse Leve,$42.0191,-0.5973,-1.4214964147256843%,down,-66.70%
BNKU,Bank Of Montreal MicroSectors  U.S. Big Banks 3  Leveraged ETN,$32.5637,0.4453,1.3674735979019583%,up,90.99%
BNO,United States Brent Oil Fund LP ETV,$55.0000,-0.5600,-1.0181818181818183%,down,101.98%
BNOV,Innovator U.S. Equity Buffer ETF - November,$47.4500,0.1100,0.23182297154899895%,up,20.49%
BOAT,SonicShares Global Shipping ETF,$42.0000,-1.1000,-2.6190476190476195%,down,43.25%
BOBP,Exchange Traded Concepts Trust CORE16 Best of Breed Premier In,$30.7077,0.1995,0.6496741859533604%,up,25.12%
BOCT,Innovator U.S. Equity Buffer ETF - October,$52.5300,0.0900,0.17133066818960593%,up,21.26%
BOEG,Leverage Shares 2X Long BA Daily ETF,$14.1038,-0.1216,-0.8621789872233016%,down,-0.40%
BOEU,Direxion Daily BA Bull 2X ETF,$35.6200,-0.1500,-0.42111173498034815%,down,-7.48%
BOIL,ProShares Ultra Bloomberg Natural Gas,$12.7400,-0.9300,-7.2998430141287285%,down,-76.76%
BOND,PIMCO Active Bond Exchange-Traded Fund Exchange-Traded Fund,$91.4500,0.1000,0.10934937124111536%,up,1.55%
BOTT,Themes Humanoid Robotics ETF,$55.4156,0.5156,0.9304239239492128%,up,96.23%
BOTZ,Global X Robotics & Artificial Intelligence ETF,$40.2900,0.6400,1.5884834946636883%,up,31.02%
BOUT,Capital-Force ETF Trust CapForce IBD Breakout Opportunities ET,$46.2291,0.4246,0.9184691027945601%,up,33.60%
BOXA,EA Series Trust Alpha Architect Aggregate Bond ETF,$104.6200,0.0700,0.06690881284649207%,up,3.49%
BOXX,EA Series Trust Alpha Architect 1-3 Month Box ETF,$116.8700,0.0900,0.07700864208094464%,up,4.19%
BPAY,iShares FinTech Active ETF,$24.1576,-0.1794,-0.7426234394145115%,down,-12.47%
BPH,Precidian ETFs Trust BP plc ADRhedged,$69.1777,-0.8761,-1.2664485809733483%,down,54.39%
BPI,Grayscale Funds Trust Grayscale Bitcoin Premium Income ETF,$25.1576,-0.5853,-2.326533532610424%,down,-40.21%
BRAZ,Global X Funds Global X Brazil Active ETF,$30.7710,-0.4862,-1.5800591465990708%,down,32.91%
BREM,iShares Emerging Markets Bond Active ETF,$51.0595,0.1495,0.2927956599653345%,up,1.55%
BRES,Burney U.S. Equity Select ETF,$26.4924,0.0676,0.25516751974151075%,up,6.42%
BRF,VanEck Brazil Small-Cap ETF,$17.5300,-0.2700,-1.540216771249287%,down,23.38%
BRHY,iShares High Yield Active ETF,$51.0224,0.0824,0.16149769512998213%,up,0.43%
BRIF,FIS Trust FIS Bright Portfolios Focused Equity ETF,$35.0700,0.4674,1.3327630453378956%,up,36.48%
BRKC,Tidal Trust II YieldMax BRK.B Option Income Strategy ETF,$41.0283,0.3230,0.7872614756156118%,up,-17.41%
BRKU,Direxion Daily BRKB Bull 2X ETF,$22.0400,0.5349,2.4269509981851183%,up,-19.88%
BRKW,Roundhill ETF Trust Roundhill BRKB WeeklyPay ETF,$39.4500,0.5576,1.4134347275031685%,up,-21.34%
BRLN,iShares Floating Rate Loan Active ETF,$50.9291,0.0891,0.17494909589998647%,up,-1.47%
BRNY,Burney U.S. Factor Rotation ETF,$55.8600,0.0600,0.10741138560687433%,up,31.37%
BRRR,Coinshares Bitcoin ETF,$21.3728,-0.5216,-2.440485102560263%,down,-32.09%
BRTR,iShares Total Return Active ETF,$49.9650,0.0600,0.12008405884118882%,up,1.35%
BRZU,Direxion Daily MSCI Brazil Bull 2X ETF,$98.4600,-3.5700,-3.6258379037172457%,down,67.73%
BSCQ,Invesco BulletShares 2026 Corporate Bond ETF,$19.5200,0.0100,0.05122950819672131%,up,0.28%
BSCR,Invesco BulletShares 2027 Corporate Bond ETF,$19.6150,0.0100,0.05098139179199593%,up,0.28%
BSCS,Invesco BulletShares 2028 Corporate Bond ETF,$20.3450,0.0000,0%,unch,0.12%
BSCT,Invesco BulletShares 2029 Corporate Bond ETF,$18.5450,0.0000,0%,unch,0.41%
BSCU,Invesco BulletShares 2030 Corporate Bond ETF,$16.6047,0.0093,0.05600823863123091%,up,0.57%
BSCV,Invesco BulletShares 2031 Corporate Bond ETF,$16.3350,0.0000,0%,unch,0.90%
BSCW,Invesco BulletShares 2032 Corporate Bond ETF,$20.4100,0.0000,0%,unch,1.34%
BSCX,Invesco BulletShares 2033 Corporate Bond ETF,$20.9900,0.0200,0.09528346831824679%,up,1.75%
BSCY,Invesco BulletShares 2034 Corporate Bond ETF,$20.5650,0.0300,0.14587892049598833%,up,2.14%
BSCZ,Invesco BulletShares 2035 Corporate Bond ETF,$20.3550,0.0400,0.19651191353475805%,up,1.12%
BSEP,Innovator U.S. Equity Buffer ETF - September,$52.2169,0.0519,0.09939310836146918%,up,21.32%
BSJQ,Invesco BulletShares 2026 High Yield Corporate Bond ETF,$23.0950,-0.0100,-0.04329941545789132%,down,-0.50%
BSJR,Invesco BulletShares 2027 High Yield Corporate Bond ETF,$22.4200,0.0437,0.19491525423728812%,up,-0.29%
BSJS,Invesco BulletShares 2028 High Yield Corporate Bond ETF,$21.7900,0.0100,0.04589261128958238%,up,0.46%
BSJT,Invesco BulletShares 2029 High Yield Corporate Bond ETF,$21.1200,-0.0300,-0.14204545454545453%,down,0.14%
BSJU,Invesco BulletShares 2030 High Yield Corporate Bond ETF,$25.7056,0.0352,0.13693514253703473%,up,1.14%
BSJV,Invesco BulletShares 2031 High Yield Corporate Bond ETF,$26.1650,0.0350,0.13376648194152496%,up,0.36%
BSJW,Invesco BulletShares 2032 High Yield Corporate Bond ETF,$25.2456,0.0441,0.17468390531419337%,up,1.04%
BSJX,Invesco BulletShares 2033 High Yield Corporate Bond ETF,$25.0948,0.0998,0.3976919521175702%,up,-0.08%
BSMC,Brandes U.S. Small-Mid Cap Value ETF,$37.8829,0.2397,0.6327393098205258%,up,25.10%
BSMQ,Invesco BulletShares 2026 Municipal Bond ETF,$23.5450,0.0100,0.04247186239116585%,up,0.38%
BSMR,Invesco BulletShares 2027 Municipal Bond ETF,$23.5759,0.0353,0.1497291725872607%,up,1.31%
BSMS,Invesco BulletShares 2028 Municipal Bond ETF,$23.3350,0.0199,0.08527962288407971%,up,1.21%
BSMT,Invesco BulletShares 2029 Municipal Bond ETF,$22.9445,-0.0055,-0.023970886269040505%,down,1.75%
BSMU,Invesco BulletShares 2030 Municipal Bond ETF,$21.7350,-0.0100,-0.04600874166091558%,down,2.07%
BSMV,Invesco BulletShares 2031 Municipal Bond ETF,$20.7963,0.0013,0.006251111976649693%,up,2.22%
BSMW,Invesco BulletShares 2032 Municipal Bond ETF,$24.8200,0.0211,0.08501208702659145%,up,2.43%
BSMY,Invesco BulletShares 2034 Municipal Bond ETF,$24.1743,0.0093,0.03847060721510033%,up,2.96%
BSMZ,Invesco BulletShares 2035 Municipal Bond ETF,$25.1091,0.0092,0.036640102592287255%,up,-0.16%
BSOL,Bitwise Solana Staking ETF Bitwise Solana Staking ETF,$11.4100,-0.4400,-3.8562664329535496%,down,-55.34%
BSR,Northern Lights Fund Trust II Beacon Selective Risk ETF,$30.1802,0.1397,0.4628862631791704%,up,9.65%
BSSX,Invesco BulletShares 2033 Municipal Bond ETF,$25.4050,0.0139,0.0547136390474316%,up,2.27%
BSTP,Innovator ETFs Trust Innovator Buffer Step-Up Strategy ETF,$39.1134,0.1080,0.27612020432895124%,up,17.57%
BSV,Vanguard Short-Term Bond ETF,$77.8600,0.0000,0%,unch,-0.21%
BSVO,EA Bridgeway Omni Small-Cap Value ETF,$27.5994,0.0860,0.31160097683282967%,up,42.85%
BTAL,AGF U.S. Market Neutral Anti-Beta Fund,$12.2000,-0.0400,-0.3278688524590164%,down,-36.98%
BTC,Grayscale Bitcoin Mini Trust (BTC) Common units of fractional ,$33.5300,-0.8100,-2.415747092156278%,down,-31.99%
BTCC,Grayscale Funds Trust Grayscale Bitcoin Covered Call ETF,$16.4000,-0.1800,-1.0975609756097562%,down,-55.17%
BTCI,NEOS ETF Trust NEOS Bitcoin High Income ETF,$35.0400,-0.6600,-1.8835616438356164%,down,-42.74%
BTCL,T-REX 2X Long Bitcoin Daily Target ETF,$18.3800,-0.9788,-5.325353645266595%,down,-68.73%
BTCO,Invesco Galaxy Bitcoin ETF Common Shares of Beneficial Interes,$75.4000,-1.8900,-2.5066312997347477%,down,-32.08%
BTCW,WisdomTree Bitcoin Fund Common Shares of Beneficial Interest,$80.1614,-1.9645,-2.45068075158368%,down,-32.03%
BTCZ,T-REX 2X Inverse Bitcoin Daily Target ETF,$4.2200,0.1900,4.502369668246446%,up,28.66%
BTF,CoinShares Bitcoin and Ether ETF,$19.9669,-0.6231,-3.1206647000786303%,down,-71.13%
BTGD,STKd 100% Bitcoin & 100% Gold ETF,$28.9800,-0.8800,-3.036576949620428%,down,-22.80%
BTR,Northern Lights Fund Trust II Beacon Tactical Risk ETF,$27.5351,0.1462,0.5309586673010085%,up,18.48%
BTRN,Global X Funds Global X Bitcoin Trend Strategy ETF,$27.1409,-0.5114,-1.8842411268601997%,down,-34.19%
BU,Defiance Daily Target 2X Long BU ETF,$19.4285,-0.6881,-3.5417041974419026%,down,-2.85%
BUCK,Simplify Treasury Option Income ETF,$23.5800,0.0100,0.04240882103477524%,up,0.86%
BUFB,Innovator ETFs Trust Innovator Laddered Allocation Buffer ETF,$38.9900,0.0867,0.22236470889971785%,up,20.38%
BUFC,AB Conservative Buffer ETF,$42.5100,0.2100,0.4940014114326041%,up,8.83%
BUFD,FT Vest Laddered Deep Buffer ETF,$29.5500,0.0400,0.1353637901861252%,up,15.47%
BUFF,Innovator Laddered Allocation Power Buffer ETF,$52.3600,0.0500,0.09549274255156608%,up,15.53%
BUFG,FT Vest Buffered Allocation Growth ETF,$29.0900,0.0400,0.13750429700928155%,up,18.93%
BUFH,FT Vest Laddered Max Buffer ETF,$21.3300,0.0300,0.1406469760900141%,up,6.25%
BUFI,AB International Buffer ETF,$41.9950,-0.0150,-0.0357185379211811%,down,12.83%
BUFM,AB Moderate Buffer ETF,$40.3100,0.0900,0.2232696601339618%,up,13.31%
BUFP,PGIM Laddered S&P 500 Buffer 12 ETF,$31.8500,0.0300,0.09419152276295133%,up,18.46%
BUFQ,FT Vest Laddered Nasdaq Buffer ETF,$38.9900,0.0200,0.05129520389843549%,up,23.04%
BUFR,FT Vest Laddered Buffer ETF,$36.2700,0.0550,0.15164047422111937%,up,18.84%
BUFS,First Trust Exchange-Traded Fund VIII FT Vest Laddered Small C,$24.5000,0.0980,0.4%,up,20.34%
BUFT,FT Vest Buffered Allocation Defensive ETF,$25.8250,0.0150,0.05808325266214908%,up,12.52%
BUFX,FT Vest Laddered Enhance & Moderate Buffer ETF,$22.0400,0.0300,0.13611615245009076%,up,9.57%
BUFY,First Trust Exchange-Traded Fund VIII FT Vest Laddered Interna,$23.2001,-0.0599,-0.258188542290766%,down,12.24%
BUFZ,FT Vest Laddered Moderate Buffer ETF,$27.7500,0.0500,0.18018018018018017%,up,15.24%
BUG,Global X Cybersecurity ETF,$34.3500,0.8800,2.561863173216885%,up,-1.01%
BUL,Pacer US Cash Cows Growth ETF,$57.8200,0.2977,0.514873746108613%,up,21.62%
BULD,Pacer BlueStar Engineering the Future ETF,$32.9188,0.6054,1.839070683013962%,up,54.25%
BULG,Leverage Shares 2X Long BULL Daily ETF,$31.5372,-4.9856,-15.808632345293812%,down,-89.33%
BULX,GraniteShares 2x Long BULL Daily ETF,$3.5847,-0.5939,-16.567634669567884%,down,-84.65%
BULZ,MicroSectors FANG & Innovation 3X Leveraged ETN,$43.6700,0.0600,0.13739409205404168%,up,223.39%
BUSA,Brandes U.S. Value ETF,$38.9361,0.2261,0.5806950362260216%,up,22.48%
BUXX,EA Series Trust Strive Enhanced Income Short Maturity ETF,$20.2600,0.0000,0%,unch,-0.39%
BUYO,KraneShares Trust KraneShares Man Buyout Beta Index ETF,$30.9896,0.2296,0.7408937191832099%,up,30.94%
BUYW,Northern Lights Fund Trust IV Main BuyWrite ETF,$14.4400,0.0300,0.20775623268698062%,up,3.81%
BUYZ,Franklin Disruptive Commerce ETF,$34.1619,-0.0729,-0.21339562495060288%,down,-10.94%
BUZZ,VanEck Social Sentiment ETF,$37.7200,0.2900,0.7688229056203605%,up,40.92%
BVAL,Exchange Traded Concepts Trust Bluemonte Large Cap Value ETF,$30.7100,0.2300,0.7489417127971345%,up,21.77%
BWET,Amplify Commodity Trust Breakwave Tanker Shipping ETF,$173.7800,-13.6750,-7.869144895845322%,down,1411.13%
BWTG,ETF Opportunities Trust Brendan Wood TopGun Index ETF,$40.7248,0.0487,0.11958315326287668%,up,16.89%
BWX,State Street SPDR Bloomberg International Treasury Bond ETF,$21.9300,-0.0100,-0.045599635202918376%,down,-3.22%
BWZ,State Street SPDR Bloomberg Short Term International Treasury ,$27.0800,-0.0484,-0.17872968980797638%,down,-1.28%
BYLD,iShares Yield Optimized Bond ETF,$22.5100,0.0100,0.0444247001332741%,up,1.58%
BYRE,Principal Exchange-Traded Funds Principal Real Estate Active O,$27.5121,0.0017,0.00617909937809182%,up,10.32%
BZQ,ProShares UltraShort MSCI Brazil Capped,$10.7670,0.3970,3.687192346986162%,up,-55.48%
CAAA,First Trust AAA CMBS ETF,$20.1650,-0.0250,-0.12397718819737169%,down,-0.07%
CAFG,Pacer US Small Cap Cash Cows Growth Leaders ETF,$31.5413,0.4271,1.3540976434072154%,up,31.83%
CAFX,Professionally Managed Portfolios Congress Intermediate Bond E,$24.6903,0.0153,0.06196765531403021%,up,0.02%
CAIE,Calamos ETF Trust Calamos Autocallable Income ETF,$27.5700,0.1200,0.4352557127312296%,up,10.26%
CAIQ,Calamos Nasdaq Autocallable Income ETF,$27.1200,0.0600,0.22123893805309733%,up,8.44%
CALF,Pacer US Small Cap Cash Cows ETF,$48.7800,0.9300,1.9065190651906518%,up,27.50%
CALI,iShares Short-Term California Muni Active ETF,$50.3655,-0.0295,-0.05857183985069144%,down,0.27%
CAML,Professionally Managed Portfolios Congress Large Cap Growth ET,$39.6600,0.1200,0.30257186081694404%,up,15.02%
CAMX,The Advisors Inner Circle Fund Cambiar Aggressive Value ETF,$34.1893,0.1706,0.4989865250239109%,up,14.76%
CANC,Tema Oncology ETF,$38.1170,-0.0236,-0.061914631266888794%,down,60.13%
CANE,Teucrium Sugar Fund ETV,$9.9000,-0.1500,-1.5151515151515151%,down,-13.91%
CANQ,Calamos Nasdaq Equity & Income ETF,$30.9845,0.1442,0.46539398731623877%,up,13.09%
CAOS,EA Series Trust Alpha Architect Tail Risk ETF,$90.5200,-0.0100,-0.01104728236853734%,down,2.27%
CAPE,DoubleLine ETF Trust DoubleLine Shiller CAPE U.S. Equities ETF,$32.4606,0.0175,0.05391151118586841%,up,6.38%
CARD,Bank Of Montreal MAX Auto Industry -3x Inverse Leveraged ETN,$2.7523,-0.1727,-6.274752025578607%,down,-32.38%
CARK,The Advisors Inner Circle Fund II CastleArk Large Growth ETF,$46.8231,0.0681,0.14544103231097472%,up,22.95%
CARU,Bank Of Montreal MAX Auto Industry 3x Leveraged ETN,$23.2334,1.3895,5.980614115884889%,up,-18.49%
CARY,Angel Oak Income ETF,$20.7900,0.0200,0.0962000962000962%,up,1.02%
CARZ,First Trust S-Network Future Vehicles & Technology ETF,$114.0898,1.5013,1.315893270038163%,up,99.32%
CAS,Simplify Exchange Traded Funds Simplify China A Shares PLUS In,$27.8319,0.2312,0.8307014612728558%,up,-2.36%
CATF,American Century ETF Trust American Century California Municip,$49.7875,0.0697,0.13999497865930202%,up,3.26%
CATH,Global X S&P 500 Catholic Values ETF,$89.0923,0.2320,0.2604040977727593%,up,24.97%
CBLS,Elevation Series Trust Clough Hedged Equity ETF,$32.4254,0.1568,0.48357152109148993%,up,14.57%
CBOA,Calamos ETF Trust Calamos Bitcoin Structured Alt Protection ET,$24.5238,-0.0448,-0.18267968259405146%,down,-5.66%
CBOJ,Calamos ETF Trust Calamos Bitcoin Structured Alt Protection ET,$23.9834,-0.0586,-0.24433566550197222%,down,-6.24%
CBON,VanEck China Bond ETF,$23.7900,0.0100,0.042034468263976464%,up,6.90%
CBOY,Calamos ETF Trust Calamos Bitcoin Structured Alt Protection ET,$24.4250,0.0000,0%,unch,-2.36%
CBSE,Elevation Series Trust Clough Select Equity ETF,$49.4870,0.5663,1.1443409380241276%,up,48.21%
CBTA,Calamos ETF Trust Calamos Bitcoin 80 Series Structured Alt Pro,$22.7760,-0.2770,-1.2161924833157711%,down,-24.43%
CBTJ,Calamos ETF Trust Calamos Bitcoin 80 Series Structured Alt Pro,$19.7197,-0.2901,-1.4711177147725372%,down,-27.24%
CBTY,Calamos ETF Trust Calamos Bitcoin 80 Series Structured Alt Pro,$19.6236,-0.0814,-0.41480666136692557%,down,-21.56%
CBXA,Calamos ETF Trust Calamos Bitcoin 90 Series Structured Alt Pro,$22.5189,-0.1661,-0.7376026360079756%,down,-19.86%
CBXJ,Calamos ETF Trust Calamos Bitcoin 90 Series Structured Alt Pro,$21.3246,-0.1854,-0.8694184181649363%,down,-19.22%
CBXY,Calamos ETF Trust Calamos Bitcoin 90 Series Structured Alt Pro,$21.9800,-0.0099,-0.045040946314831666%,down,-12.12%
CCEF,Calamos ETF Trust Calamos CEF Income & Arbitrage ETF,$29.4825,0.0731,0.24794369541253283%,up,8.08%
CCFE,Concourse Capital Focused Equity ETF,$26.8088,0.1688,0.6296439974933603%,up,9.24%
CCNR,ALPS/CoreCommodity Natural Resources ETF,$41.2231,-0.1473,-0.35732392760369786%,down,67.52%
CCOR,Core Alternative ETF,$25.6327,0.0438,0.17087548326941757%,up,-5.57%
CCSB,Carbon Collective Short Duration Green Bond ETF,$19.9500,0.0200,0.10025062656641605%,up,-1.75%
CCSO,Carbon Collective Climate Solutions U.S. Equity ETF,$28.2181,0.3400,1.2049004008065745%,up,33.23%
CCUP,ETF Opportunities Trust T-REX 2X Long CRCL Daily Target ETF,$5.5700,-0.1600,-2.872531418312388%,down,-78.39%
CDC,VictoryShares US EQ Income Enhanced Volatility Wtd ETF,$73.7438,0.6808,0.9231962551428052%,up,18.88%
CDEI,Morgan Stanley ETF Trust Calvert US Large-Cap Diversity Equit,$89.8517,0.5726,0.6372723053653966%,up,27.83%
CDIG,City Different Investments Global Equity ETF,$25.5991,0.1991,0.777761718185405%,up,2.33%
CDL,VictoryShares US Large Cap High Div Volatility Wtd ETF,$76.9356,0.7120,0.9254493368479613%,up,18.69%
CDX,Simplify High Yield ETF,$21.3100,-0.0600,-0.28155795401220085%,down,-8.07%
CEF,Sprott Physical Gold and Silver Trust Units,$47.3300,-0.6200,-1.3099514050285233%,down,62.81%
CEFA,Global X S&P Catholic Values Developed ex-U.S. ETF,$39.4791,-0.1264,-0.3201694060908177%,down,16.69%
CEFD,ETRACS Monthly Pay 1.5X Leveraged Closed-End Fund Index ETN,$18.9023,0.0915,0.4840680763716585%,up,3.52%
CEFS,Saba Closed-End Funds ETF,$24.8700,-0.1300,-0.5227181342983515%,down,15.03%
CEFZ,Elevation Series Trust RiverNorth Active Income ETF,$8.2850,0.0500,0.6035003017501509%,up,4.47%
CEGX,Tradr 2X Long CEG Daily ETF,$16.8800,1.0200,6.0426540284360195%,up,-35.74%
CEMB,iShares J.P. Morgan EM Corporate Bond ETF,$45.5500,0.0300,0.06586169045005488%,up,2.02%
CEPI,REX Crypto Equity Premium Income ETF,$34.4786,-0.1488,-0.4315720475889392%,down,-12.38%
CERY,State Street SPDR Bloomberg Enhanced Roll Yield Commodity Stra,$37.2569,-0.1331,-0.357249261210675%,down,39.64%
CEW,WisdomTree Emerging Currency Strategy Fund,$19.3660,-0.0210,-0.10843746772694414%,down,5.85%
CFA,VictoryShares US 500 Volatility Wtd ETF,$96.2065,0.7913,0.8225015981248668%,up,13.25%
CFIT,Cambria ETF Trust Cambria Fixed Income Trend ETF,$26.0025,0.0374,0.1438323238150178%,up,7.28%
CFO,VictoryShares US 500 Enhanced Volatility Wtd ETF,$77.9877,0.6477,0.8305155813032056%,up,13.16%
CGBL,Capital Group Core Balanced ETF,$37.1200,0.0000,0%,unch,17.02%
CGCB,Capital Group Core Bond ETF,$26.0900,0.0400,0.15331544653123802%,up,1.08%
CGCP,Capital Group Core Plus Income ETF,$22.2700,0.0300,0.1347103726986978%,up,1.00%
CGCV,Capital Group Conservative Equity ETF,$32.1600,0.1800,0.5597014925373135%,up,17.98%
CGDG,Capital Group Dividend Growers ETF,$37.5000,-0.0400,-0.10666666666666667%,down,16.46%
CGDV,Capital Group Dividend Value ETF,$47.9800,0.1000,0.20842017507294708%,up,31.38%
CGGE,Capital Group Global Equity ETF,$33.8900,0.0000,0%,unch,22.39%
CGGG,Capital Group Equity ETF Trust I Capital Group U.S. Large Grow,$28.7340,0.0300,0.10440593025683859%,up,11.00%
CGGO,Capital Group Global Growth Equity ETF,$39.3600,-0.1400,-0.3556910569105692%,down,30.20%
CGGR,Capital Group Growth ETF,$46.0600,-0.0100,-0.021710811984368215%,down,22.40%
CGHM,Capital Group Municipal High-Income ETF,$25.4400,0.0300,0.11792452830188678%,up,4.03%
CGHY,Capital Group Fixed Income ETF Trust Capital Group High Yield ,$25.3450,-0.0150,-0.05918327086210298%,down,0.56%
CGIB,Capital Group International Bond ETF (USD-Hedged),$25.2400,0.0176,0.06973058637083994%,up,-1.02%
CGIC,Capital Group International Core Equity ETF,$36.0700,-0.1100,-0.3049625727751594%,down,28.36%
CGIE,Capital Group International Equity ETF,$36.1100,-0.1000,-0.27693159789531985%,down,12.28%
CGMM,Capital Group Equity ETF Trust I Capital Group U.S. Small and ,$31.5700,0.1200,0.3801076971808679%,up,24.59%
CGMS,Capital Group U.S. Multi-Sector Income ETF,$27.4600,0.0200,0.07283321194464676%,up,1.59%
CGMU,Capital Group Municipal Income ETF,$27.2100,0.0200,0.07350238882763689%,up,2.68%
CGNG,Capital Group New Geography Equity ETF,$35.5600,-0.2100,-0.5905511811023622%,down,30.83%
CGRO,Tidal Trust II CoreValues Alpha Greater China Growth ETF,$22.9700,-0.3556,-1.548106225511537%,down,-13.90%
CGSD,Capital Group Short Duration Income ETF,$25.7800,-0.0100,-0.038789759503491075%,down,-0.19%
CGSM,Capital Group Short Duration Municipal Income ETF,$26.2700,0.0050,0.01903311762466692%,up,1.29%
CGUI,Capital Group Ultra Short Income ETF,$25.3353,0.0130,0.051311806057161354%,up,0.42%
CGUS,Capital Group Core Equity ETF,$43.7000,0.1000,0.22883295194508008%,up,26.45%
CGV,Two Roads Shared Trust Conductor Global Equity Value ETF,$16.1400,-0.0800,-0.4956629491945477%,down,22.27%
CGVV,Capital Group Equity ETF Trust I Capital Group U.S. Large Valu,$30.0750,-0.0150,-0.04987531172069826%,down,18.31%
CGW,Invesco S&P Global Water Index ETF,$62.5400,0.2900,0.4637032299328429%,up,3.96%
CGXU,Capital Group International Focus Equity ETF,$33.5400,-0.0200,-0.05963029218843172%,down,27.05%
CHAT,Roundhill Generative AI & Technology ETF,$89.8400,1.1000,1.2243989314336599%,up,115.39%
CHAU,Direxion Daily CSI 300 China A Share Bull 2X ETF,$23.5900,0.1000,0.42390843577787196%,up,62.80%
CHGX,Stance Sustainable Beta ETF,$31.9606,0.4470,1.3985970225840567%,up,29.29%
CHIQ,Global X MSCI China Consumer Discretionary ETF,$18.5500,-0.3100,-1.6711590296495957%,down,-17.11%
CHNU,Volatility Shares Trust 2x Chainlink ETF,$22.1900,-1.5779,-7.110860748084724%,down,6.32%
CHPS,Xtrackers Semiconductor Select Equity ETF,$85.8866,1.4966,1.7425302666539366%,up,188.60%
CHPX,Global X AI Semiconductor & Quantum ETF,$94.6400,1.5700,1.6589180050718513%,up,82.96%
CHPY,Tidal Trust II YieldMax Semiconductor Portfolio Option Income ,$77.6000,1.6000,2.061855670103093%,up,53.40%
CHRI,Global X S&P 500 Christian Values ETF,$88.5841,0.3058,0.34520867740373273%,up,11.60%
CIBR,First Trust Nasdaq Cybersecurity ETF,$84.2800,2.1300,2.5272899857617466%,up,17.84%
CIFG,Leverage Shares 2X Long CIFR Daily ETF,$12.3929,0.4967,4.0079400301785695%,up,-20.39%
CLCG,Crossmark ETF Trust Crossmark Large Cap Growth ETF,$28.9469,0.1046,0.3613513018665211%,up,15.55%
CLCV,Crossmark ETF Trust Crossmark Large Cap Value ETF,$29.4138,0.3538,1.2028367636959525%,up,15.46%
CLIP,Global X Funds Global X 1-3 Month T-Bill ETF,$100.2900,0.0400,0.03988433542726094%,up,-0.01%
CLIX,ProShares Long Online/Short Stores ETF,$58.3502,-0.1974,-0.3383021823404204%,down,19.08%
CLOA,iShares AAA CLO Active ETF,$51.9900,0.0597,0.11482977495672246%,up,0.39%
CLOB,VanEck ETF Trust VanEck AA-BB CLO ETF,$50.5750,0.0350,0.06920415224913495%,up,0.01%
CLOC,ETF Series Solutions AAM Crescent CLO ETF,$25.1058,0.0408,0.1625122481657625%,up,-0.06%
CLOD,Themes Cloud Computing ETF,$31.4909,0.4379,1.3905604476213762%,up,-4.25%
CLOI,VanEck ETF Trust VanEck CLO ETF,$52.9200,0.0300,0.056689342403628114%,up,0.13%
CLOU,Global X Cloud Computing ETF,$22.8700,0.3700,1.6178399650196764%,up,0.53%
CLOX,Eldridge AAA CLO ETF,$25.6100,0.0250,0.09761811792268646%,up,0.33%
CLOZ,Eldridge BBB-B CLO ETF,$26.4800,0.0500,0.18882175226586104%,up,-0.86%
CLSE,Trust for Professional Managers Convergence Long/Short Equity ,$32.9600,-0.0300,-0.09101941747572816%,down,46.29%
CLSM,ETC Cabana Target Leading Sector Moderate ETF,$27.1756,0.1331,0.48977759460692677%,up,32.05%
CLSX,Investment Managers Series Trust II Tradr 2X Long CLSK Daily E,$26.6400,0.4800,1.8018018018018018%,up,-9.92%
CLSZ,Investment Managers Series Trust II Tradr 2X Short CLSK Daily ,$4.7300,-0.1400,-2.959830866807611%,down,-78.39%
CMBO,Wayfinder Dynamic U.S. Interest Rate ETF,$102.2600,0.0400,0.03911597887737141%,up,2.03%
CMBS,iShares CMBS Bond ETF,$48.4732,0.0032,0.006601586031043959%,up,0.86%
CMCI,VanEck ETF Trust VanEck CMCI Commodity Strategy ETF,$29.4973,-0.0652,-0.22103717967407185%,down,18.89%
CMDT,PIMCO U.S. Treasury Index Fund PIMCO Commodity Strategy Active,$34.1350,-0.0950,-0.27830672330452616%,down,32.87%
CMDY,iShares Bloomberg Roll Select Commodity Strategy ETF,$61.4100,-0.3900,-0.6350757205666829%,down,22.65%
CMF,iShares California Muni Bond ETF,$56.8400,0.0750,0.1319493314567206%,up,2.60%
CMGG,Leverage Shares 2x Long CMG Daily ETF,$14.4186,0.0098,0.06796776386056899%,up,3.25%
CNAV,Collaborative Investment Series Trust Mohr Company Nav ETF,$40.9300,0.3530,0.8624480820913755%,up,61.08%
CNBS,Amplify Seymour Cannabis ETF,$26.0170,-0.8463,-3.25287312142061%,down,55.58%
CNCG,Leverage Shares 2X Long CNC Daily ETF,$28.8738,1.3468,4.664436270944594%,up,88.97%
CNEQ,The Alger ETF Trust Alger Concentrated Equity ETF,$40.0200,0.1000,0.2498750624687656%,up,50.04%
CNQQ,Rayliant-ChinaAMC Transformative China Tech ETF,$25.2784,0.0757,0.29946515602253304%,up,2.16%
CNRG,State Street SPDR S&P Kensho Clean Power ETF,$116.1320,1.3920,1.1986360348568867%,up,110.42%
CNXT,VanEck ChiNext Innovators ETF,$55.5300,0.2800,0.50423194669548%,up,105.95%
CNYA,iShares MSCI China A ETF,$37.0200,0.1700,0.45921123716909773%,up,30.81%
COAL,Exchange Traded Concepts Trust Range Global Coal Index ETF,$24.6100,-0.1700,-0.6907761072734661%,down,46.05%
COHX,Investment Managers Series Trust II Tradr 2X Long COHR Daily E,$57.6000,-0.5200,-0.9027777777777778%,down,114.13%
COIG,Leverage Shares 2X Long COIN Daily ETF,$7.1400,-0.6700,-9.38375350140056%,down,-76.05%
COII,REX COIN Growth & Income ETF,$9.2137,-0.4223,-4.583392122600042%,down,-62.82%
COIO,Themes ETF Trust Leverage Shares 2x Capped Accelerated COIN Mo,$7.8661,-0.4263,-5.419458181309671%,down,-61.06%
COIW,Roundhill ETF Trust Roundhill COIN WeeklyPay ETF,$11.7800,-0.6300,-5.34804753820034%,down,-72.85%
COLO,Global X MSCI Colombia ETF,$37.2900,0.2100,0.5631536604987932%,up,28.99%
COM,Direxion Auspice Broad Commodity Strategy ETF,$34.4200,-0.0200,-0.058105752469494475%,down,21.55%
COMB,GraniteShares Bloomberg Commodity Broad Strategy No K-1 ETF,$26.9400,-0.1800,-0.6681514476614699%,down,29.15%
COMT,iShares GSCI Commodity Dynamic Roll Strategy ETF,$35.0100,-0.2535,-0.7240788346186805%,down,39.54%
CONI,GraniteShares 2x Short COIN Daily ETF,$45.4700,3.6291,7.981306355839015%,up,-55.25%
CONL,GraniteShares 2x Long COIN Daily ETF,$7.2400,-0.7200,-9.94475138121547%,down,-75.89%
CONX,Direxion Daily COIN Bull 2X ETF,$8.7901,-0.8575,-9.755292886315285%,down,-63.55%
CONY,Tidal ETF Trust II YieldMax COIN Option Income Strategy ETF,$24.5800,-1.0300,-4.19039869812856%,down,-72.78%
COPA,Themes ETF Trust Themes Copper Miners ETF,$49.6711,0.3811,0.7672469504399942%,up,106.80%
COPJ,Sprott Junior Copper Miners ETF,$41.9600,0.1600,0.3813155386081983%,up,99.02%
COPP,Sprott Copper Miners ETF,$39.5700,-0.2900,-0.7328784432650998%,down,93.97%
COPX,Global X Copper Miners ETF,$83.3500,0.3300,0.39592081583683264%,up,107.29%
COPY,The RBB Fund Trust Tweedy Browne Insider + Value ETF,$14.7700,0.0000,0%,unch,33.54%
CORD,ETF Opportunities Trust T-REX 2X Inverse CRWV Daily Target ETF,$5.9800,0.2000,3.34448160535117%,up,-78.26%
CORN,Teucrium Corn Fund ETV,$18.3600,0.0500,0.27233115468409586%,up,-1.34%
CORO,iShares International Country Rotation Active ETF,$35.7200,-0.0900,-0.251959686450168%,down,31.56%
CORP,Pimco Investment Grade Corporate Bond Index Exchange-Traded Fu,$96.3800,0.1500,0.15563394895206475%,up,1.46%
COTG,Leverage Shares 2X Long COST Daily ETF,$15.5869,-0.6940,-4.45245687083384%,down,5.69%
COWG,Pacer US Large Cap Cash Cows Growth Leaders ETF,$38.2800,0.6100,1.593521421107628%,up,12.42%
COWS,Amplify Cash Flow Dividend Leaders ETF,$35.0754,0.6790,1.9358296697970658%,up,26.44%
COWZ,Pacer US Cash Cows 100 ETF,$64.3400,0.9700,1.5076157911097294%,up,20.01%
COYY,GraniteShares YieldBOOST COIN ETF,$3.5900,-0.0837,-2.331476323119777%,down,-85.50%
COZX,Investment Managers Series Trust II Tradr 2X Long CORZ Daily E,$22.9600,0.8100,3.52787456445993%,up,-9.50%
CPAG,F/m Compoundr U.S. Aggregate Bond ETF,$101.8531,0.1092,0.10721323160512543%,up,1.86%
CPAI,Northern Lights Fund Trust III Counterpoint Quantitative Equit,$49.2600,0.6600,1.3398294762484775%,up,44.02%
CPER,United States Copper Index Fund ETV,$38.9200,0.3400,0.8735868448098664%,up,33.15%
CPHY,F/m Compoundr High Yield Bond ETF,$51.2914,0.0224,0.043672038587365514%,up,2.39%
CPII,American Beacon Select Funds American Beacon Ionic Inflation P,$19.4150,-0.0400,-0.20602626834921453%,down,0.10%
CPLB,NYLI MacKay Core Plus Bond ETF,$20.8950,0.0286,0.13687485044268963%,up,0.34%
CPLS,AB Core Plus Bond ETF,$35.0039,0.0489,0.13969871928556532%,up,0.76%
CPNJ,Calamos ETF Trust Calamos Nasdaq - 100 Structured Alt Protecti,$27.6249,0.0049,0.017737620769667943%,up,7.34%
CPNM,Calamos ETF Trust Calamos Nasdaq-100 Structured Alt Protection,$26.7137,0.0137,0.05128454688043963%,up,8.22%
CPNQ,Calamos ETF Trust Calamos Nasdaq-100 Structured Alt Protection,$27.2700,0.0200,0.07334066740007335%,up,9.13%
CPNS,Calamos ETF Trust Calamos Nasdaq-100 Structured Alt Protection,$28.0028,0.0537,0.1917665376319511%,up,8.36%
CPRA,Calamos ETF Trust Calamos Russell 2000 Structured Alt Protecti,$27.4850,0.0250,0.09095870474804439%,up,9.79%
CPRJ,Calamos ETF Trust Calamos Russell 2000 Structured Alt Protecti,$27.5400,0.0200,0.07262164124909223%,up,10.90%
CPRO,Calamos ETF Trust Calamos Russell 2000 Structured Alt Protecti,$27.8800,0.0300,0.10760401721664276%,up,13.23%
CPRY,Calamos ETF Trust Calamos Russell 2000 Structured Alt Protecti,$27.7586,0.0252,0.09078267635975877%,up,12.68%
CPSA,Calamos ETF Trust Calamos S&P 500 Structured Alt Protection ET,$27.6150,0.0000,0%,unch,8.77%
CPSD,Calamos ETF Trust Calamos S&P 500 Structured Alt Protection ET,$26.5900,-0.0100,-0.037608123354644606%,down,9.45%
CPSF,Calamos ETF Trust Calamos S&P 500 Structured Alt Protection ET,$26.1200,-0.0050,-0.01914241960183767%,down,8.15%
CPSJ,Calamos ETF Trust Calamos S&P 500 Structured Alt Protection ET,$27.5349,0.0099,0.03595437063508493%,up,8.59%
CPSM,Calamos ETF Trust Calamos S&P 500 Structured Alt Protection ET,$29.2058,0.0258,0.0883386176718323%,up,6.06%
CPSN,Calamos ETF Trust Calamos S&P 500 Structured Alt Protection ET,$27.5600,-0.0200,-0.07256894049346879%,down,7.56%
CPSO,Calamos ETF Trust Calamos S&P 500 Structured Alt Protection ET,$27.7195,0.0095,0.034271902451342914%,up,7.65%
CPSP,Calamos ETF Trust Calamos S&P 500 Structured Alt Protection ET,$26.8250,0.0050,0.018639328984156572%,up,7.38%
CPSR,Calamos ETF Trust Calamos S&P 500 Structured Alt Protection ET,$25.7900,0.0250,0.09693679720822024%,up,7.90%
CPST,Calamos ETF Trust Calamos S&P 500 Structured Alt Protection ET,$27.6650,-0.0031,-0.011205494306885957%,down,8.09%
CPSU,Calamos ETF Trust Calamos S&P 500 Structured Alt Protection ET,$27.6650,0.0100,0.036146755828664376%,up,6.40%
CPSY,Calamos ETF Trust Calamos S&P 500 Structured Alt Protection ET,$25.6138,0.0288,0.11243938814232951%,up,7.91%
CPXR,Tidal Trust III USCF Daily Target 2X Copper Index ETF,$31.2800,0.5100,1.6304347826086956%,up,43.57%
CQQQ,Invesco China Technology ETF,$52.7700,0.1300,0.24635209399279892%,up,24.90%
CRAK,VanEck Oil Refiners ETF,$48.5000,0.3000,0.6185567010309279%,up,65.62%
CRBN,iShares Low Carbon Optimized MSCI ACWI ETF,$252.0200,0.7017,0.27843028331084835%,up,24.88%
CRCD,ETF Opportunities Trust T-REX 2X Inverse CRCL Daily Target ETF,$2.8800,0.0950,3.298611111111111%,up,-88.00%
CRCG,Leverage Shares 2X Long CRCL Daily ETF,$32.4600,-1.0100,-3.1115218730745533%,down,-79.03%
CRCO,Tidal Trust II YieldMax CRCL Option Income Strategy ETF,$23.6100,-0.1900,-0.8047437526471835%,down,-52.02%
CRDT,Simplify Exchange Traded Funds Simplify Opportunistic Income E,$23.0188,-0.0589,-0.2558778042295862%,down,-6.95%
CRDU,Investment Managers Series Trust II Tradr 2X Long CRDO Daily E,$68.2700,13.7000,20.067379522484256%,up,-9.87%
CRED,Columbia Research Enhanced Real Estate ETF,$22.8607,0.0757,0.331135966965141%,up,8.22%
CRMG,Leverage Shares 2X Long CRM Daily ETF,$5.6000,0.2100,3.7500000000000004%,up,-68.34%
CRMU,Leverage Shares 2x Long CRML Daily ETF,$7.5843,-0.2522,-3.3252904025420933%,down,-39.47%
CRMX,Investment Managers Series Trust II Tradr 2X Long CRML Daily E,$17.5400,-0.6100,-3.4777651083238315%,down,-72.19%
CRPT,First Trust SkyBridge Crypto Industry and Digital Economy ETF,$14.4800,-0.4900,-3.383977900552486%,down,-31.60%
CRSH,Tidal Trust II YieldMax Short TSLA Option Income Strategy ETF,$21.0243,-0.2547,-1.2114553159914956%,down,-56.38%
GIND,Goldman Sachs India Equity ETF,$23.6300,0.1500,0.6347862886161659%,up,-11.24%
GINN,Goldman Sachs Innovate Equity ETF,$78.2842,0.5539,0.7075501825400272%,up,24.64%
GINX,SGI Enhanced Global Income ETF,$34.5994,0.1478,0.427175037717417%,up,26.41%
GJAN,FT Vest U.S. Equity Moderate Buffer ETF - January,$44.7600,0.1100,0.24575513851653263%,up,16.11%
GJUL,FT Vest U.S. Equity Moderate Buffer ETF - July,$43.1300,0.0550,0.1275214467887781%,up,16.82%
GJUN,FT Vest U.S. Equity Moderate Buffer ETF - June,$41.0099,0.0249,0.06071704637172975%,up,13.35%
GK,AdvisorShares Gerber Kawasaki ETF,$28.5941,-0.0359,-0.1255503757768211%,down,32.02%
GKAT,Scharf Global Opportunity ETF,$43.9277,-0.1451,-0.330315495689508%,down,13.51%
GLBL,Pacer Funds Trust Pacer MSCI World Industry Advantage ETF,$27.8794,0.0976,0.350079269998637%,up,30.43%
GLCR,GlacierShares Nasdaq Iceland ETF,$26.3650,-0.1652,-0.6265882799165562%,down,5.25%
GLD,SPDR Gold Shares,$413.8200,-3.1700,-0.7660335411531584%,down,36.52%
GLDI,X-Links Gold Shares Covered Call ETN,$160.3211,-0.6738,-0.42028154746942226%,down,1.03%
GLDM,SPDR Gold MiniShares Trust,$89.2100,-0.6600,-0.7398273736128237%,down,36.93%
GLDY,Defiance Gold Enhanced Options Income ETF,$14.3000,-0.1152,-0.8055944055944055%,down,-24.80%
GLGG,Leverage Shares 2X Long GLXY Daily ETF,$9.4971,-0.6200,-6.528308641585326%,down,-33.51%
GLIN,VanEck India Growth Leaders ETF,$44.7500,0.1000,0.22346368715083798%,up,-2.19%
GLL,ProShares UltraShort Gold,$21.7100,0.3350,1.5430677107323814%,up,-51.67%
GLNK,Grayscale Chainlink Trust ETF Grayscale Chainlink Trust ETF,$8.3900,-0.3100,-3.6948748510131106%,down,-49.70%
GLOF,iShares Global Equity Factor ETF,$58.5000,-0.0400,-0.06837606837606838%,down,27.72%
GLOW,VictoryShares WestEnd Global Equity ETF,$33.6525,0.1120,0.3328133125325013%,up,25.69%
GLRY,Inspire Growth ETF,$40.8042,0.2942,0.7210042103508952%,up,30.15%
GLTR,abrdn Physical Precious Metals Basket Shares ETF,$212.9100,-2.7300,-1.2822319289840778%,down,59.84%
GLWG,Leverage Shares 2X Long GLW Daily ETF,$29.2900,0.4100,1.399795151928986%,up,75.99%
GLXU,ETF Opportunities Trust T-REX 2X Long GLXY Daily Target ETF,$11.0700,-0.7700,-6.9557362240289065%,down,-54.93%
GMAR,FT Vest U.S. Equity Moderate Buffer ETF - March,$44.0167,0.0537,0.12199915032249124%,up,15.80%
GMAY,FT Vest U.S. Equity Moderate Buffer ETF - May,$42.8900,0.1100,0.25647003963627885%,up,13.20%
GMEU,ETF Opp Tr T-REX 2X Long GME Daily Target ETF,$8.5300,-0.4700,-5.509964830011723%,down,-72.43%
GMEY,Tidal Trust II YieldMax GME Option Income Strategy ETF,$30.5300,0.5882,1.926629544710121%,up,-39.46%
GMF,State Street SPDR S&P Emerging Asia Pacific ETF,$151.6848,0.8782,0.5789637458730209%,up,25.09%
GMMA,Tidal Trust III GammaRoad Market Navigation ETF,$21.5669,0.0601,0.27866777330075254%,up,6.68%
GMMF,BlackRock ETF Trust iShares Government Money Market ETF,$100.3099,0.0499,0.049745837649125366%,up,-0.03%
GMNY,Goldman Sachs ETF Trust Goldman Sachs Dynamic New York Municip,$49.7680,0.0356,0.07153190805336762%,up,2.01%
GMOI,The 2023 ETF Series Trust II GMO International Value ETF,$38.1200,-0.1900,-0.4984260230849948%,down,35.18%
GMOM,Cambria Global Momentum ETF,$37.1657,0.0186,0.05004614469793384%,up,27.51%
GMOV,The 2023 ETF Series Trust II GMO US Value ETF,$30.3100,0.3826,1.2622896733751237%,up,26.19%
GMUB,Goldman Sachs ETF Trust Goldman Sachs Municipal Income ETF,$50.9900,0.0800,0.15689350853108452%,up,3.55%
GMUN,Goldman Sachs Access Municipal Bond ETF,$50.0275,0.0147,0.02938383888861126%,up,2.34%
GNMA,iShares GNMA Bond ETF,$43.8950,-0.0457,-0.10411208565895885%,down,2.26%
GNOM,Global X Genomics & Biotechnology ETF,$46.5402,0.1761,0.37838255959364164%,up,50.91%
GNOV,FT Vest U.S. Equity Moderate Buffer ETF - November,$41.5148,0.0720,0.17343212541069689%,up,18.04%
GNR,State Street SPDR S&P Global Natural Resources ETF,$73.7800,-0.1500,-0.20330712930333422%,down,39.23%
GOAU,US Global GO Gold and Precious Metal Miners ETF,$41.2100,-0.4814,-1.168163067216695%,down,48.24%
GOCT,FT Vest U.S. Equity Moderate Buffer ETF - October,$41.2250,0.0474,0.11497877501516071%,up,16.92%
GOEX,Global X Gold Explorers ETF,$77.3300,-0.8334,-1.0777188671925515%,down,79.84%
GOLY,Strategy Shares Gold Enhanced Yield ETF,$28.0900,-0.1100,-0.39159843360626556%,down,-0.73%
GOOP,Kurv Yield Premium Strategy Google (GOOGL) ETF,$44.4106,-0.7094,-1.5973663945094188%,down,77.08%
GOOW,Roundhill ETF Trust Roundhill GOOGL WeeklyPay ETF,$77.0700,-0.8600,-1.115868690800571%,down,51.98%
GOOX,ETF Opportunities Trust T-Rex 2X Long Alphabet Daily Target ET,$94.4200,-2.5400,-2.6901080279601777%,down,302.64%
GOOY,Tidal ETF Trust II YieldMax GOOGL Option Income Strategy ETF,$14.6600,-0.1200,-0.8185538881309686%,down,19.38%
GOP,Unusual Whales Subversive Republican Trading ETF,$43.9630,0.2131,0.48472579214339334%,up,38.02%
GOU,GraniteShares 2x Long GOOGL Daily ETF,$33.7409,-0.8646,-2.562468695263019%,down,34.14%
GOVI,Invesco Equal Weight 0-30 Year Treasury ETF,$26.7900,0.0850,0.3172825681224338%,up,0.68%
GOVT,iShares U.S. Treasury Bond ETF,$22.6500,0.0200,0.08830022075055188%,up,0.40%
GOVZ,iShares 25  Year Treasury STRIPS Bond ETF,$35.3000,0.3300,0.934844192634561%,up,-1.62%
GPIQ,Goldman Sachs Nasdaq-100 Premium Income ETF,$58.1200,0.2400,0.41293874741913283%,up,22.80%
GPIX,Goldman Sachs S&P 500 Premium Income ETF,$55.4600,0.1900,0.3425892535160476%,up,16.39%
GPRF,Goldman Sachs Access U.S. Preferred Stock and Hybrid Securitie,$50.0948,0.0698,0.13933581928663255%,up,1.12%
GPT,Intelligent Alpha Atlas ETF,$33.2893,0.2224,0.6680825370314185%,up,31.90%
GPTY,Tidal Trust II YieldMax AI & Tech Portfolio Option Income ETF,$45.8809,0.3509,0.7648062701472725%,up,6.57%
GPZ,VanEck ETF Trust VanEck Alternative Asset Manager ETF,$23.0800,-0.1400,-0.6065857885615252%,down,-7.74%
GQGU,The Advisors' Inner Circle Fund III GQG US Equity ETF,$26.6800,0.1300,0.487256371814093%,up,6.36%
GQI,Natixis ETF Trust Natixis Gateway Quality Income ETF,$59.0100,0.4218,0.7147941026944585%,up,12.68%
GQQQ,Astoria US Quality Growth Kings ETF,$35.2303,0.1147,0.32557202181077083%,up,39.19%
GQRE,FlexShares Global Quality Real Estate Index Fund,$64.3725,-0.1104,-0.17150180589537456%,down,11.44%
GRAG,Leverage Shares 2X Long GRAB Daily ETF,$6.1250,-0.2217,-3.619591836734694%,down,-59.01%
GREK,Global X MSCI Greece ETF,$70.5400,-0.8800,-1.2475191380776862%,down,30.92%
GRID,First Trust NASDAQ Clean Edge Smart Grid Infrastructure Index ,$192.5000,1.5200,0.7896103896103897%,up,49.49%
GRIN,VictoryShares International Free Cash Flow Growth ETF,$30.9900,-0.1365,-0.44046466602129725%,down,21.75%
GRN,iPath Global Carbon ETN,$30.3882,0.6533,2.149847638227996%,up,6.80%
GRNB,VanEck Green Bond ETF,$23.9741,-0.0159,-0.0663215720298155%,down,0.60%
GRNY,Fundstrat Granny Shots US Large Cap ETF,$27.0700,0.2000,0.7388252678241596%,up,31.34%
GROZ,Zacks Trust Zacks Focus Growth ETF,$31.8400,0.0300,0.0942211055276382%,up,30.30%
GRPM,Invesco S&P MidCap 400 GARP ETF,$126.8022,0.9092,0.7170222598661538%,up,22.25%
GRPZ,Invesco Exchange-Traded Fund Trust II Invesco S&P SmallCap 600,$29.6260,0.1404,0.4739080537365827%,up,23.96%
GRW,TCW Durable Growth ETF,$30.7050,0.0982,0.31981761928024754%,up,-9.00%
GSC,Goldman Sachs Small Cap Equity ETF,$61.1400,0.5081,0.8310435067059209%,up,27.16%
GSEE,Goldman Sachs MarketBeta Emerging Markets Equity ETF,$67.8643,-0.1018,-0.15000523102721164%,down,42.19%
GSEP,FT Vest U.S. Equity Moderate Buffer ETF - September,$40.6100,0.0400,0.09849790691947796%,up,14.94%
GSEU,Goldman Sachs ActiveBeta Europe Equity ETF,$48.5104,-0.2329,-0.4801032355948415%,down,14.90%
GSEW,Goldman Sachs Equal Weight U.S. Large Cap Equity ETF,$92.0100,0.9000,0.9781545484186501%,up,17.92%
GSG,iShares GSCI Commodity-Indexed Trust Fund,$33.2500,-0.1700,-0.5112781954887218%,down,55.45%
GSGO,Goldman Sachs Growth Opportunities ETF,$43.8039,0.1358,0.3100180577528485%,up,10.56%
GSIB,Themes Global Systemically Important Banks ETF,$56.8306,-0.1861,-0.32746442937431597%,down,39.26%
GSID,Goldman Sachs MarketBeta International Equity ETF,$74.9321,-0.1829,-0.24408764735006758%,down,19.81%
GSIE,Goldman Sachs ActiveBeta International Equity ETF,$45.6300,-0.1900,-0.41639272408503175%,down,17.54%
GSIG,Goldman Sachs Access Investment Grade Corporate 1-5 Year Bond ,$47.2900,0.0414,0.08754493550433495%,up,0.25%
GSJY,Goldman Sachs ActiveBeta Japan Equity ETF,$51.9027,0.1145,0.22060509376198156%,up,28.40%
GSKH,Precidian ETFs Trust GSK plc ADRhedged,$72.4724,-0.2555,-0.3525480044817062%,down,33.02%
GSLC,Goldman Sachs ActiveBeta U.S. Large Cap Equity ETF,$141.5700,0.6700,0.473264109627746%,up,23.30%
GSOL,Grayscale Solana Staking ETF Shares,$6.3300,-0.2400,-3.7914691943127963%,down,-56.61%
GSPY,Gotham Enhanced 500 ETF,$40.4250,0.2421,0.598886827458256%,up,26.88%
GSSC,GS ActiveBeta U.S. Small Cap Equity ETF,$84.4486,0.6832,0.8090128196322971%,up,30.38%
GSST,Goldman Sachs Ultra Short Bond ETF,$50.5250,0.0350,0.06927263730826325%,up,0.21%
GSUI,Grayscale Sui Staking ETF Common Units of Fractional Undivided,$15.2900,-1.3115,-8.577501635055592%,down,-49.03%
GSUS,Goldman Sachs MarketBeta U.S. Equity ETF,$102.8600,0.4200,0.408321991055804%,up,27.76%
GSWO,Goldman Sachs ActiveBeta World Equity ETF,$63.1100,0.0100,0.01584534938995405%,up,18.21%
GSY,Invesco Ultra Short Duration ETF,$50.0900,0.0000,0%,unch,0.14%
GTEK,Goldman Sachs Future Tech Leaders Equity ETF,$56.2599,1.5740,2.79772982177359%,up,69.66%
GTIP,Goldman Sachs Access Inflation Protected USD Bond ETF,$49.1900,-0.0150,-0.030494002846106934%,down,0.71%
GTO,Invesco Total Return Bond ETF,$46.6100,0.0700,0.15018236429950657%,up,1.75%
GTOC,Invesco Core Fixed Income ETF,$24.9293,0.0341,0.1367868331641883%,up,-0.16%
GTOP,Goldman Sachs Technology Opportunities ETF,$47.0783,0.2533,0.5380398187700066%,up,17.70%
GTOQ,Invesco High Yield Systematic Bond ETF,$22.3200,0.0150,0.06720430107526881%,up,0.50%
GTOS,Invesco Short Duration Total Return Bond ETF,$24.9300,-0.0100,-0.04011231448054553%,down,0.44%
GTPE,Goldman Sachs MSCI World Private Equity Return Tracker ETF,$59.0141,0.3330,0.5642719282341001%,up,17.49%
GTR,WisdomTree Target Range Fund,$26.9816,0.0566,0.20977258576214902%,up,13.16%
GUMI,Goldman Sachs ETF Trust Goldman Sachs Ultra Short Municipal In,$50.3300,-0.0050,-0.009934432743890324%,down,0.39%
GUNR,FlexShares Global Upstream Natural Resources Index Fund ETF,$54.2600,-0.2400,-0.44231478068558794%,down,39.88%
GURU,Global X Guru Index ETF,$66.0574,0.1674,0.25341596853645465%,up,30.42%
GUSA,Goldman Sachs ETF Trust II Goldman Sachs MarketBeta U.S. 1000 ,$64.2950,0.2256,0.35088265028384785%,up,27.26%
GUSE,Goldman Sachs Enhanced U.S. Equity ETF,$44.3587,0.2386,0.5378877198835854%,up,12.01%
GUSH,Direxion Daily S&P Oil & Gas Exp. & Prod. Bull 2X ETF,$38.4800,0.5900,1.5332640332640335%,up,82.63%
GVAL,Cambria Global Value ETF,$35.3300,0.1900,0.537786583639966%,up,33.67%
GVI,iShares Intermediate Government/Credit Bond ETF,$105.8500,0.0200,0.01889466225791214%,up,0.45%
GVIP,Goldman Sachs Hedge Industry VIP ETF,$174.2565,-0.0644,-0.0369570145159578%,down,34.81%
GVLE,Goldman Sachs Value Opportunities ETF,$44.7642,0.3124,0.6978791087520831%,up,13.17%
GVLU,Gotham 1000 Value ETF,$26.3582,0.1982,0.7519481603447884%,up,13.44%
GVUS,Goldman Sachs ETF Trust Goldman Sachs MarketBeta Russell 1000 ,$60.6858,0.4204,0.6927485507318022%,up,26.55%
GWX,State Street SPDR S&P International Small Cap ETF,$46.1700,0.3000,0.649772579597141%,up,32.80%
GXC,State Street SPDR S&P China ETF,$93.3000,-0.4300,-0.4608788853161844%,down,8.51%
GXDW,Global X Dorsey Wright Thematic ETF,$29.3366,0.3031,1.0331803958195565%,up,20.74%
GXIG,Global X Funds Global X Investment Grade Corporate Bond ETF,$24.8216,0.0433,0.17444483836658395%,up,-1.24%
GXLC,Global X Funds Global X U.S. 500 ETF,$89.6714,0.4004,0.44651918002841484%,up,12.30%
GXPC,Global X Funds Global X PureCap MSCI Communication Services ET,$32.3156,-0.2444,-0.7562910792310834%,down,29.35%
GXPD,Global X Funds Global X PureCap MSCI Consumer Discretionary ET,$27.0300,0.0600,0.22197558268590453%,up,7.47%
GXPE,Global X Funds Global X PureCap MSCI Energy ETF,$34.7600,0.0700,0.20138089758342925%,up,37.02%
GXPS,Global X Funds Global X PureCap MSCI Consumer Staples ETF,$27.1900,-0.0200,-0.07355645457888929%,down,8.98%
GXPT,Global X Funds Global X PureCap MSCI Information Technology ET,$32.3500,0.2100,0.6491499227202473%,up,30.53%
GXUS,Goldman Sachs ETF Trust II Goldman Sachs MarketBeta Total Inte,$62.3511,-0.1097,-0.1759391574487058%,down,26.89%
GYLD,Arrow Dow Jones Global Yield ETF ETF,$14.3100,0.1178,0.8232005590496155%,up,12.32%
HACK,Amplify ETF Trust Amplify Cybersecurity ETF,$94.8500,2.1500,2.2667369530838166%,up,17.48%
HAIL,State Street SPDR S&P Kensho Smart Mobility ETF,$40.6300,1.0362,2.5503322667979327%,up,44.54%
HAP,VanEck Natural Resources ETF,$72.3800,-0.2900,-0.4006631666206134%,down,45.57%
HAPI,Harbor Human Capital Factor US Large Cap ETF,$44.4002,0.2996,0.6747717352624537%,up,23.57%
HAPS,Harbor Human Capital Factor US Small Cap ETF,$34.5199,0.2572,0.74507747704947%,up,28.34%
HARD,Simplify Exchange Traded Funds Simplify Commodities Strategy N,$34.7100,-0.3400,-0.9795447997695188%,down,21.15%
HAUS,Residential REIT ETF,$18.9346,0.0848,0.44785736165538226%,up,5.79%
HAUZ,Xtrackers International Real Estate ETF,$23.1233,-0.2267,-0.9803963967080824%,down,6.61%
HAWX,iShares Currency Hedged MSCI ACWI ex U.S. ETF,$44.6500,-0.0820,-0.1836506159014558%,down,29.37%
HBDC,Hilton BDC Corporate Bond ETF,$24.7200,0.0750,0.3033980582524272%,up,-1.51%
HBR,Canary HBAR ETF,$12.0565,-0.2385,-1.97818604072492%,down,-55.50%
HBTA,Horizon Funds Horizon Expedition Plus ETF,$32.2434,0.1338,0.4149686447459015%,up,37.99%
HCMT,Direxion Shares ETF Trust Direxion HCM Tactical Enhanced US ET,$40.6700,0.3200,0.7868207523973444%,up,41.66%
HCOW,Amplify COWS Covered Call ETF,$23.9500,0.3863,1.6129436325678495%,up,8.42%
HCRB,Hartford Core Bond ETF,$34.8650,0.0450,0.12906926717338305%,up,1.28%
HDEF,Xtrackers MSCI EAFE High Dividend Yield Equity ETF,$33.1200,-0.2000,-0.6038647342995169%,down,15.56%
HDG,ProShares Hedge Replication ETF,$54.0800,0.0572,0.10576923076923077%,up,9.88%
HDGE,Ranger Equity Bear Bear ETF,$16.9800,-0.1900,-1.1189634864546525%,down,-5.40%
HDLB,ETRACS Monthly Pay 2xLeveraged US High Dividend Low Volatility,$16.6593,0.1294,0.7767433205476819%,up,15.10%
HDMV,First Trust Exchange-Traded Fund III First Trust Horizon Manag,$37.6825,-0.2990,-0.7934717707158495%,down,7.31%
HDUS,Lattice Strategies Trust Hartford Disciplined US Equity ETF,$71.3159,0.3543,0.4968036580902716%,up,26.11%
HDV,iShares Core High Dividend ETF,$27.9500,0.3000,1.073345259391771%,up,21.81%
HEAL,Global X HealthTech ETF,$24.8100,0.1050,0.42321644498186217%,up,-19.36%
HECA,ETF Opportunities Trust Hedgeye Capital Allocation ETF,$27.5500,0.0800,0.29038112522686027%,up,10.20%
HECO,State Street Galaxy Hedged Digital Asset Ecosystem ETF,$60.6896,0.3501,0.5768698426089479%,up,111.68%
HEDJ,WisdomTree Europe Hedged Equity Fund,$56.0814,-0.1886,-0.33629688274543784%,down,11.94%
HEEM,iShares Currency Hedged MSCI Emerging Markets ETF,$42.4933,-0.0099,-0.02329779047520433%,down,47.41%
HEFA,iShares Currency Hedged MSCI EAFE ETF,$45.3150,-0.0750,-0.165508109897385%,down,20.61%
HEGD,Swan Hedged Equity US Large Cap ETF,$26.6900,0.0800,0.29973772948669913%,up,18.25%
HELO,J.P. Morgan Exchange-Traded Fund Trust JPMorgan Hedged Equity ,$67.7500,0.0100,0.014760147601476014%,up,11.36%
HELX,Franklin Genomic Advancements ETF,$34.2035,-0.0119,-0.03479176107708276%,down,32.60%
HEQQ,JPMorgan Nasdaq Hedged Equity Laddered Overlay ETF,$60.6888,-0.0494,-0.08139887425686453%,down,17.66%
HEQT,Simplify Hedged Equity ETF,$33.2800,0.0200,0.06009615384615384%,up,13.66%
HERD,Pacer Cash Cows Fund of Funds ETF,$48.0116,0.2716,0.565696623316032%,up,24.41%
HERO,Global X Video Games & Esports ETF,$25.5200,0.0700,0.27429467084639503%,up,-10.78%
HEWJ,iShares Currency Hedged MSCI Japan ETF,$61.5500,0.2500,0.4061738424045492%,up,44.15%
HEZU,iShares Currency Hedged MSCI Eurozone ETF,$47.5161,-0.0639,-0.1344807338986154%,down,14.97%
HF,DGA Core Plus Absolute Return ETF,$22.1490,0.1348,0.6086053546435505%,up,10.55%
HFEQ,Tidal Trust I Unlimited HFEQ Equity Long/Short ETF,$23.1902,0.1886,0.8132745728799233%,up,15.83%
HFGM,Unlimited HFGM Global Macro ETF,$33.7194,-0.0706,-0.20937501853532386%,down,29.38%
HFGO,Hartford Large Cap Growth ETF,$29.3400,-0.0800,-0.27266530334015%,down,28.71%
HFMF,Tidal Trust I Unlimited HFMF Managed Futures ETF,$22.9816,-0.0328,-0.14272287395133498%,down,14.34%
HFND,Unlimited HFND Multi-Strategy Return Tracker ETF,$24.2153,0.0823,0.339867769550656%,up,12.81%
HFSI,Hartford Strategic Income ETF,$35.1150,0.0500,0.14238929232521713%,up,2.78%
HFSP,TradersAI Large Cap Equity & Cash ETF,$14.3200,-0.0250,-0.17458100558659218%,down,-14.51%
HFXI,NYLI FTSE International Equity Currency Neutral ETF,$37.0200,-0.0800,-0.21609940572663425%,down,27.83%
HGER,Harbor Commodity All-Weather Strategy ETF,$32.1400,-0.0700,-0.21779713752333543%,down,34.08%
HGRO,ETF Opp Tr Hedgeye Quality Growth ETF,$31.1600,0.0700,0.22464698331193841%,up,24.36%
HIBL,Direxion Daily S&P 500 High Beta Bull 3X ETF,$105.6800,4.3900,4.154049962149886%,up,234.64%
HIBS,Direxion Daily S&P 500 High Beta Bear 3X ETF,$24.9700,-1.0800,-4.325190228273929%,down,-81.25%
HIDE,Alpha Architect High Inflation and Deflation ETF,$24.4650,-0.0150,-0.061312078479460456%,down,8.93%
HIDV,AB Active ETFs Inc. AB US High Dividend ETF,$88.3794,0.5650,0.639289246136543%,up,26.93%
HIGH,Simplify Exchange Traded Funds Simplify Enhanced Income ETF,$21.6808,-0.0092,-0.04243385852920556%,down,-10.67%
HIMU,BlackRock ETF Trust II iShares High Yield Muni Active ETF,$48.3900,0.1000,0.20665426741062204%,up,1.70%
HIMZ,Defiance Daily Target 2X Long HIMS ETF,$25.2300,-0.6100,-2.4177566389219183%,down,-95.10%
HIPS,GraniteShares HIPS US High Income ETF,$11.7028,0.0028,0.023925898075674197%,up,-2.81%
HISF,First Trust High Income Strategic Focus ETF,$44.1202,0.0452,0.10244740504349481%,up,0.94%
HIYY,Tidal Trust II YieldMax HIMS Option Income Strategy ETF,$13.6963,-0.0472,-0.34461861962719853%,down,-71.66%
HLAL,Wahed FTSE USA Shariah ETF,$71.1132,0.5707,0.8025233008780367%,up,39.63%
HLXX,Investment Managers Series Trust II Tradr 2X Long HL Daily ETF,$20.5580,-0.8747,-4.254791322113046%,down,-18.88%
HMOP,Hartford Municipal Opportunities ETF,$38.8700,0.0000,0%,unch,2.26%
HMYY,GraniteShares YieldBoost HIMS ETF,$6.8900,-0.0071,-0.10304789550072571%,down,-71.77%
HNDL,Strategy Shares Nasdaq 7HANDL Index ETF,$22.8795,0.0934,0.40822570423304705%,up,9.89%
HODL,VanEck Bitcoin Trust Common Shares of Beneficial Interest,$21.4400,-0.5100,-2.378731343283582%,down,-31.85%
HODU,Direxion Daily HOOD Bull 2X ETF,$7.2312,-0.4853,-6.71119592875318%,down,-72.90%
HOLA,J.P. Morgan Exchange-Traded Fund Trust JPMorgan International ,$54.1820,0.0072,0.013288546011590564%,up,8.27%
HOLD,Harbor ETF Trust Harbor Alpha Layering ETF,$34.3149,0.0479,0.1395895077648485%,up,14.09%
HOMZ,Hoya Capital Housing ETF,$43.5796,0.1396,0.3203333669882239%,up,3.79%
HOOG,Leverage Shares 2X Long HOOD Daily ETF,$17.6000,-1.1209,-6.3687499999999995%,down,-37.88%
HOOW,Roundhill ETF Trust Roundhill HOOD WeeklyPay ETF,$21.7700,-0.8100,-3.720716582452917%,down,-58.73%
HOOX,Defiance Daily Target 2X Long HOOD ETF,$19.8784,-1.3305,-6.693194623309724%,down,-40.07%
HOOY,Tidal Trust II YieldMax HOOD Option Income Strategy ETF,$26.5000,-0.6200,-2.339622641509434%,down,-55.80%
HOYY,GraniteShares YieldBOOST HOOD ETF,$5.9212,-0.0792,-1.3375667094507873%,down,-76.91%
HQGO,Hartford US Quality Growth ETF,$64.9059,0.3944,0.6076489194356752%,up,25.45%
HRTS,Tema Heart & Health ETF,$34.3634,0.2419,0.7039466409028211%,up,26.62%
HSBH,Precidian ETFs Trust HSBC Holdings plc ADRhedged,$103.3892,-0.3491,-0.33765615750968186%,down,58.84%
HSCZ,iShares Currency Hedged MSCI EAFE Small-Cap ETF,$42.9700,0.1955,0.45496858273213875%,up,26.57%
HSMV,First Trust Horizon Managed Volatility Small/Mid ETF,$37.3700,0.0998,0.2670591383462671%,up,5.60%
HTAB,Hartford Schroders Tax-Aware Bond ETF,$18.9500,0.0200,0.10554089709762533%,up,1.61%
HTAX,Nomura National High-Yield Municipal Bond ETF,$24.4000,0.0530,0.21721311475409838%,up,2.69%
HTEC,ROBO Global Healthcare Technology and Innovation ETF,$34.1658,-0.0755,-0.22098121513326194%,down,27.72%
HTRB,Hartford Total Return Bond ETF,$33.6000,0.0300,0.08928571428571429%,up,1.11%
HTUS,Capitol Series Trust Hull Tactical US ETF,$43.6867,-0.0192,-0.043949302648174385%,down,16.10%
HUMN,Roundhill ETF Trust Roundhill Humanoid Robotics ETF,$37.5900,0.7900,2.101622772013833%,up,49.17%
HUSV,First Trust Exchange-Traded Fund III First Trust Horizon Manag,$39.9005,0.2748,0.6887131740203757%,up,0.33%
HUTG,Leverage Shares 2X Long HUT Daily ETF,$27.9576,0.2683,0.959667496494692%,up,84.12%
HVAC,AdvisorShares Trust AdvisorShares HVAC and Industrials ETF,$39.6178,0.4278,1.0798176577195098%,up,54.60%
HWAY,Themes US Infrastructure ETF,$36.3500,0.3600,0.9903713892709766%,up,37.29%
HWSM,Hotchkis & Wiley SMID Cap Diversified Value Fund,$29.4344,0.2548,0.8656537928410297%,up,23.14%
HYBB,iShares BB Rated Corporate Bond ETF,$46.6600,0.0600,0.12858979854264896%,up,1.41%
HYBI,NEOS Enhanced Income Credit Select ETF,$49.3050,0.0250,0.05070479667376534%,up,-0.31%
HYBL,State Street Blackstone High Income ETF,$28.0750,0.0150,0.05342831700801425%,up,-0.23%
HYBX,TCW High Yield Bond ETF,$29.8550,0.1850,0.6196616982080053%,up,-0.90%
HYD,VanEck ETF Trust VanEck High Yield Muni ETF,$50.7600,0.0800,0.15760441292356187%,up,2.44%
HYDB,iShares High Yield Systematic Bond ETF,$46.7700,0.0100,0.02138122728244601%,up,0.47%
HYDR,Global X Hydrogen ETF,$71.2800,3.6000,5.05050505050505%,up,296.00%
HYDW,Xtrackers Low Beta High Yield Bond ETF,$46.7188,0.0088,0.018836100242300743%,up,0.59%
HYEM,VanEck Emerging Markets High Yield Bond ETF,$20.0300,0.0400,0.19970044932601097%,up,2.77%
HYFI,AB Active ETFs Inc. AB High Yield ETF,$37.3700,0.0351,0.09392560877709392%,up,1.42%
HYG,iShares iBoxx $ High Yield Corporate Bond ETF,$79.9100,0.0100,0.012514078338130397%,up,1.19%
HYGH,iShares Interest Rate Hedged High Yield Bond ETF,$86.6600,0.0907,0.10466189706900532%,up,1.40%
HYGV,FlexShares High Yield Value-Scored Bond Index Fund,$40.2000,0.0100,0.02487562189054726%,up,0.07%
HYGW,iShares Trust iShares High Yield Corporate Bond BuyWrite Strat,$29.0642,0.0042,0.014450767611012862%,up,-4.86%
HYHG,ProShares High Yield Interest Rate Hedged,$64.9700,0.3500,0.5387101739264276%,up,1.37%
HYLB,Xtrackers USD High Yield Corporate Bond ETF,$36.4800,-0.0100,-0.027412280701754388%,down,0.83%
HYLS,First Trust Tactical High Yield ETF,$40.7200,0.0276,0.06777996070726915%,up,-0.80%
HYMB,State Street SPDR Nuveen ICE High Yield Municipal Bond ETF,$24.9600,0.0400,0.16025641025641024%,up,1.67%
HYP,Golden Eagle Dynamic Hypergrowth ETF,$30.0470,-0.1148,-0.3820680933204646%,down,21.52%
HYS,PIMCO 0-5 Year High Yield Corporat Bond Index Exchange-Traded ,$93.4100,-0.0200,-0.021410983834707204%,down,0.16%
HYSA,BondBloxx ETF Trust BondBloxx USD High Yield Bond Sector Rotat,$14.9300,0.0100,0.06697923643670463%,up,0.20%
HYSD,Columbia Short Duration High Yield ETF,$20.1894,0.0294,0.14562096941959643%,up,0.67%
HYTI,First Trust Exchange-Traded Fund IV FT Vest High Yield & Targe,$19.2444,0.0644,0.33464280517968864%,up,-2.85%
HYTR,Counterpoint High Yield Trend ETF,$21.3459,0.0110,0.05153214434622105%,up,0.24%
HYUP,Xtrackers High Beta High Yield Bond ETF,$41.7600,0.0827,0.19803639846743296%,up,0.96%
HYXF,iShares ESG Advanced High Yield Corporate Bond ETF,$46.5621,0.0871,0.1870620096602172%,up,-0.06%
HYZD,WisdomTree Interest Rate Hedged High Yield Bond Fund,$22.6654,0.0354,0.1561851985846268%,up,2.28%
IAGG,iShares International Aggregate Bond Fund,$50.0400,0.0300,0.05995203836930456%,up,-0.89%
IAI,iShares U.S. Broker-Dealers & Securities Exchanges ETF,$179.8900,0.1600,0.08894324309300128%,up,16.99%
IAK,iShares U.S. Insurance ETF,$134.1100,-0.1800,-0.13421817910670344%,down,0.84%
IALT,iShares Systematic Alternatives Active ETF,$28.1750,0.0168,0.05962732919254658%,up,12.01%
IAPR,Innovator International Developed Power Buffer ETF  April,$32.9256,-0.1044,-0.31707850426415923%,down,14.60%
IAT,iShares U.S. Regional Banks ETF,$57.3000,0.2600,0.4537521815008726%,up,23.41%
IAU,iShares Gold Trust Shares of the iShares Gold Trust,$84.8100,-0.6200,-0.7310458672326376%,down,36.72%
IAUG,Innovator ETFs Trust Innovator International Developed Power B,$29.7573,-0.0118,-0.039654135287811726%,down,11.39%
IAUI,NEOS ETF Trust NEOS Gold High Income ETF,$54.5000,-0.4200,-0.7706422018348624%,down,9.26%
IAUM,iShares Gold Trust Micro Shares,$44.9300,-0.3300,-0.7344758513242822%,down,37.02%
IBAT,Ishares Energy Storage & Materials ETF,$45.0500,0.7600,1.6870144284128747%,up,117.63%
IBB,iShares Biotechnology ETF,$168.7900,-0.2700,-0.15996208306179277%,down,39.01%
IBBQ,Invesco Nasdaq Biotechnology ETF,$29.3258,-0.0542,-0.18482019245851775%,down,44.04%
IBCA,iShares Trust iShares iBonds Dec 2035 Term Corporate ETF,$25.4501,0.0301,0.1182706551251272%,up,2.36%
IBD,Inspire Corporate Bond ETF,$23.7060,-0.1040,-0.4387075002109171%,down,0.15%
IBDR,iShares iBonds Dec 2026 Term Corporate ETF,$24.2400,0.0200,0.08250825082508251%,up,0.29%
IBDS,iShares iBonds Dec 2027 Term Corporate ETF,$24.2100,0.0000,0%,unch,0.33%
IBDT,iShares iBonds Dec 2028 Term Corporate ETF,$25.2200,-0.0100,-0.039651070578905635%,down,0.04%
IBDU,iShares iBonds Dec 2029 Term Corporate ETF,$23.1300,-0.0100,-0.043233895373973194%,down,0.35%
IBDV,iShares iBonds Dec 2030 Term Corporate ETF,$21.7400,-0.0100,-0.04599816007359706%,down,0.51%
IBDW,iShares iBonds Dec 2031 Term Corporate ETF,$20.7750,0.0000,0%,unch,0.90%
IBDX,iShares Trust iShares iBonds Dec 2032 Term Corporate ETF,$25.0800,0.0200,0.07974481658692185%,up,1.66%
IBDY,iShares Trust iShares iBonds Dec 2033 Term Corporate ETF,$25.6650,0.0250,0.09740892265731542%,up,1.85%
IBDZ,iShares Trust iShares iBonds Dec 2034 Term Corporate ETF,$25.9100,0.0400,0.1543805480509456%,up,2.29%
IBFR,Innovator ETFs Trust Innovator International Developed Managed,$49.6756,-0.0778,-0.1566161254217362%,down,-1.85%
IBGA,iShares iBonds Dec 2044 Term Treasury ETF,$24.0044,0.0788,0.3282731499225142%,up,0.56%
IBGB,iShares iBonds Dec 2045 Term Treasury ETF,$23.9337,0.0838,0.35013391159745466%,up,0.64%
IBGC,iShares iBonds Dec 2046 Term Treasury ETF,$24.5556,0.0956,0.38932056231572437%,up,-0.89%
IBGK,iShares iBonds Dec 2054 Term Treasury ETF,$22.8846,0.1043,0.45576501227899985%,up,-0.04%
IBGL,iShares iBonds Dec 2055 Term Treasury ETF,$23.5416,0.1109,0.4710809800523329%,up,-0.11%
IBGM,iShares iBonds Dec 2056 Term Treasury ETF,$24.4566,0.1163,0.47553625606175837%,up,-1.48%
IBHF,iShares iBonds 2026 Term High Yield and Income ETF,$22.7800,-0.0200,-0.08779631255487269%,down,-1.73%
IBHG,iShares iBonds 2027 Term High Yield and Income ETF,$22.1400,0.0300,0.13550135501355012%,up,-0.85%
IBHK,iShares Trust iShares iBonds 2031 Term High Yield and Income E,$25.6600,0.0302,0.11769290724863601%,up,1.28%
IBHL,iShares Trust iShares iBonds 2032 Term High Yield and Income E,$25.3400,-0.0020,-0.007892659826361484%,down,1.22%
IBIC,iShares Trust iShares iBonds Oct 2026 Term TIPS ETF,$26.0800,-0.0100,-0.03834355828220859%,down,0.73%
IBID,iShares Trust iShares iBonds Oct 2027 Term TIPS ETF,$26.2855,0.0055,0.020924083620246902%,up,0.79%
IBIE,iShares Trust iShares iBonds Oct 2028 Term TIPS ETF,$26.3400,-0.0100,-0.037965072133637055%,down,1.02%
IBIF,iShares Trust iShares iBonds Oct 2029 Term TIPS ETF,$26.3180,-0.0120,-0.04559616992172657%,down,0.72%
IBIG,iShares Trust iShares iBonds Oct 2030 Term TIPS ETF,$26.2894,-0.0306,-0.11639672263345684%,down,0.82%
IBIH,iShares Trust iShares iBonds Oct 2031 Term TIPS ETF,$26.2100,-0.0429,-0.1636779855017169%,down,1.20%
IBII,iShares Trust iShares iBonds Oct 2032 Term TIPS ETF,$25.9400,-0.0349,-0.13454124903623746%,down,1.41%
IBIJ,iShares Trust iShares iBonds Oct 2033 Term TIPS ETF,$26.0200,-0.0400,-0.15372790161414296%,down,1.84%
IBIK,iShares Trust iShares iBonds Oct 2034 Term TIPS ETF,$25.7600,-0.0077,-0.029891304347826084%,down,2.18%
IBIL,iShares Trust iShares iBonds Oct 2035 Term TIPS ETF,$25.5200,0.0297,0.1163793103448276%,up,3.05%
IBIT,iShares Bitcoin Trust ETF,$42.9600,-1.0400,-2.4208566108007448%,down,-32.06%
IBLC,iShares Trust iShares Blockchain and Tech ETF,$52.0575,-0.5925,-1.138164529606685%,down,53.99%
IBMO,iShares iBonds Dec 2026 Term Muni Bond ETF,$25.6450,0.0100,0.03899395593682979%,up,0.45%
IBMP,iShares iBonds Dec 2027 Term Muni Bond ETF,$25.3900,0.0400,0.15754233950374164%,up,0.79%
IBMQ,iShares iBonds Dec 2028 Term Muni Bond ETF,$25.4700,0.0000,0%,unch,1.23%
IBMR,iShares Trust iShares iBonds Dec 2029 Term Muni Bond ETF,$25.2500,-0.0250,-0.09900990099009901%,down,1.36%
IBMS,iShares Trust iShares iBonds Dec 2030 Term Muni Bond ETF,$25.7550,0.0064,0.024849543777907206%,up,1.68%
IBMT,iShares Trust iShares iBonds Dec 2031 Term Muni Bond ETF,$25.5835,0.0034,0.013289815701526373%,up,2.40%
IBND,State Street SPDR Bloomberg International Corporate Bond ETF,$31.4500,0.0400,0.1271860095389507%,up,1.65%
IBOT,Vaneck Robotics ETF,$65.9497,1.3340,2.022753704717383%,up,56.06%
IBRN,iShares Trust iShares Neuroscience and Healthcare ETF,$34.6423,-0.0864,-0.2494060729224099%,down,57.02%
IBTG,iShares iBonds Dec 2026 Term Treasury ETF,$22.8950,0.0150,0.06551648831622625%,up,0.13%
IBTH,iShares iBonds Dec 2027 Term Treasury ETF,$22.3750,0.0000,0%,unch,0.04%
IBTI,iShares iBonds Dec 2028 Term Treasury ETF,$22.1250,-0.0100,-0.04519774011299435%,down,-0.18%
IBTJ,iShares iBonds Dec 2029 Term Treasury ETF,$21.6250,0.0000,0%,unch,-0.14%
IBTK,iShares iBonds Dec 2030 Term Treasury ETF,$19.4897,-0.0053,-0.02719385111109971%,down,-0.10%
OCTZ,TrueShares Structured Outcome (October) ETF,$45.6161,0.1403,0.3075668459162445%,up,16.66%
ODDS,Pacer BlueStar Digital Entertainment ETF,$24.3388,0.0288,0.11832958075172154%,up,-13.90%
ODHY,Spinnaker ETF Series Obra Defensive High Yield ETF,$9.9850,0.0136,0.13620430645968953%,up,-1.38%
OEF,iShares S&P 100 ETF,$371.1900,0.8000,0.2155230474958916%,up,30.37%
OEFA,ALPS - O'Shares International Developed Quality Dividend ETF,$33.6565,-0.0291,-0.08646175330173964%,down,3.52%
OGIG,ALPS O'Shares Global Internet Giants ETF,$45.6026,0.1326,0.2907728945279436%,up,-8.37%
OGSP,Spinnaker ETF Series Obra High Grade Structured Products ETF,$10.0200,0.0000,0%,unch,-0.30%
OIH,VanEck Oil Services ETF,$443.9600,-1.1700,-0.2635372556086134%,down,105.46%
OILD,MicroSectors Oil & Gas Exp. & Prod. -3x Inverse Leveraged ETN,$38.4400,-0.5000,-1.3007284079084287%,down,-75.33%
OILK,ProShares K-1 Free Crude Oil ETF,$58.0100,-0.6000,-1.034304430270643%,down,50.84%
OILT,Texas Capital Funds Trust Texas Capital Texas Oil Index ETF,$31.1645,0.0145,0.046527298689213695%,up,50.31%
OILU,MicroSectors Oil & Gas Exp. & Prod. 3x Leveraged ETN,$47.2900,0.7200,1.522520617466695%,up,141.65%
OKLL,Defiance Daily Target 2X Long OKLO ETF,$8.5800,0.1800,2.097902097902098%,up,-64.36%
OKTG,Leverage Shares 2x Long OKTA Daily ETF,$14.6726,0.8569,5.840137398961329%,up,4.53%
OMAH,Tidal Trust III VistaShares Target 15 Berkshire Select Income ,$19.1400,0.0400,0.2089864158829676%,up,-0.42%
OMFL,Invesco Exchange-Traded Self-Indexed Fund Trust Invesco Russel,$68.1100,0.4400,0.6460138012039348%,up,22.61%
OMFS,Invesco Exchange-Traded Self-Indexed Fund Trust Invesco Russel,$50.5000,0.2700,0.5346534653465347%,up,29.89%
OND,ProShares On-Demand ETF,$35.2267,0.1114,0.3162373994725592%,up,-6.99%
ONDG,Leverage Shares 2X Long ONDS Daily ETF,$4.6900,-0.1081,-2.304904051172708%,down,-71.67%
ONDU,Investment Managers Series Trust II Tradr 2X Long ONDS Daily E,$7.4500,-0.2500,-3.3557046979865772%,down,-73.13%
ONEO,State Street SPDR Russell 1000 Momentum Focus ETF,$147.1268,1.6377,1.113121470731369%,up,23.84%
ONEQ,Fidelity Nasdaq Composite Index ETF,$103.7600,0.4000,0.3855050115651503%,up,39.33%
ONEV,State Street SPDR Russell 1000 Low Volatility Focus ETF,$140.3400,1.3500,0.9619495510902095%,up,10.88%
ONEY,State Street SPDR Russell 1000 Yield Focus ETF,$127.4309,1.5705,1.2324326360403954%,up,19.85%
ONEZ,Elevation Series Trust TrueShares Seasonality Laddered Buffere,$27.5500,0.0200,0.07259528130671507%,up,13.48%
ONLN,ProShares Online Retail ETF,$57.3000,-0.1200,-0.2094240837696335%,down,19.92%
ONOF,Global X Adaptive U.S. Risk Management ETF,$39.8682,0.1790,0.44897938708042995%,up,23.09%
OOSP,Spinnaker ETF Series Obra Opportunistic Structured Products ET,$10.1600,0.0000,0%,unch,0.30%
OPEG,Leverage Shares 2X Long OPEN Daily ETF,$4.5698,-0.0853,-1.8666024771324783%,down,-69.90%
OPER,ETF Series Solutions ETF ClearShares Ultra-Short Maturity ETF,$100.2674,0.0424,0.04228692476318325%,up,-0.08%
OPEX,Investment Managers Series Trust II Tradr 2X Long OPEN Daily E,$18.4600,-0.3419,-1.8521126760563378%,down,-76.82%
OPPE,WisdomTree European Opportunities Fund,$57.5400,-0.0800,-0.13903371567605144%,down,25.09%
OPPJ,WisdomTree Japan Opportunities Fund,$58.2099,-0.3801,-0.6529817092968722%,down,64.95%
OPTZ,Optimize Strategy Index ETF,$44.6434,0.5475,1.22638508715734%,up,53.84%
ORCS,Direxion Daily ORCL Bear 1X ETF,$24.9931,-0.3269,-1.3079609972352373%,down,2.32%
ORCU,Direxion Daily ORCL Bull 2X ETF,$15.3600,0.2900,1.8880208333333333%,up,-41.27%
ORCX,Defiance Daily Target 2X Long ORCL ETF,$42.9400,0.9200,2.1425244527247322%,up,-5.46%
ORLG,Leverage Shares 2X Long ORLY Daily ETF,$13.0050,-0.1861,-1.4309880815071125%,down,-10.48%
ORR,Militia Long/Short Equity ETF,$36.2200,-0.2800,-0.7730535615681945%,down,28.69%
OSCG,Leverage Shares 2X Long OSCR Daily ETF,$17.8870,0.8479,4.740314194666517%,up,21.56%
OSCV,Opus Small Cap Value ETF,$40.6300,0.1550,0.38149150873738613%,up,16.12%
OSCX,Defiance Daily Target 2x Long OSCR ETF,$70.3144,3.0966,4.4039343292412365%,up,-7.53%
OSEA,Harbor ETF Trust Harbor International Compounders ETF,$30.3400,-0.0950,-0.3131179960448253%,down,6.12%
OTGL,OTG Latin America ETF,$10.7150,-0.0700,-0.653289780681288%,down,18.99%
OUNZ,Vaneck Merk Gold ETF,$43.3500,-0.3200,-0.7381776239907728%,down,36.71%
OUSA,ALPS O'Shares U.S. Quality Dividend ETF,$59.0000,0.4500,0.7627118644067796%,up,11.74%
OUSM,ALPS O'Shares U.S. Small-Cap Quality Dividend ETF,$46.5500,0.4100,0.8807733619763696%,up,10.23%
OVB,Overlay Shares Core Bond ETF,$20.5300,0.0494,0.24062347783731122%,up,3.08%
OVF,Overlay Shares Foreign Equity ETF,$31.8700,0.0138,0.04330090994665829%,up,20.57%
OVL,Overlay Shares Large Cap Equity ETF,$57.5200,0.2700,0.4694019471488178%,up,27.15%
OVLH,Overlay Shares Hedged Large Cap Equity ETF,$41.8969,0.1399,0.33391491971959736%,up,18.94%
OVM,Overlay Shares Municipal Bond ETF,$21.6373,0.0354,0.16360636493462677%,up,4.07%
OVS,Overlay Shares Small Cap Equity ETF,$40.1375,0.3473,0.8652756150731857%,up,28.85%
OVT,Overlay Shares Short Term Bond ETF,$21.9950,0.0070,0.031825414867015234%,up,1.00%
OWNB,Bitwise Funds Trust Bitwise Bitcoin Standard Corporations ETF,$21.9957,-0.1578,-0.7174129488945566%,down,-28.49%
OWNS,Quaker Investment Trust CCM Affordable Housing MBS ETF,$17.2500,0.0214,0.12405797101449273%,up,2.37%
OZEM,Roundhill GLP-1 & Weight Loss ETF,$31.2197,0.1692,0.5419654897388507%,up,29.70%
PAAA,PGIM ETF Trust PGIM AAA CLO ETF,$51.4900,0.0400,0.07768498737618955%,up,0.37%
PAB,PGIM Active Aggregate Bond ETF,$42.0544,0.0735,0.17477362654086134%,up,1.29%
PABD,iShares Paris-Aligned Climate Optimized MSCI World ex USA ETF,$68.6004,-0.1170,-0.17055294138226604%,down,16.47%
PABU,iShares Paris-Aligned Climate Optimized MSCI USA ETF,$77.4810,0.4315,0.5569107265006905%,up,22.09%
PALC,Pacer Lunt Large Cap Multi-Factor Alternator ETF,$56.2912,0.5466,0.9710221135808083%,up,18.47%
PALD,Direxion Daily PANW Bear 1X ETF,$15.9283,-0.5072,-3.1842695077315217%,down,-35.40%
PALL,abrdn Physical Palladium Shares ETF,$24.5200,-0.7000,-2.8548123980424145%,down,33.15%
PALU,Direxion Daily PANW Bull 2X ETF,$31.5700,1.7517,5.54862210959772%,up,40.00%
PAMC,Pacer Lunt MidCap Multi-Factor Alternator ETF,$53.2062,0.4662,0.8762136743462228%,up,25.81%
PANG,Leverage Shares 2X Long PANW Daily ETF,$19.5107,1.1316,5.799894416909695%,up,35.21%
PAPI,Morgan Stanley ETF Trust Parametric Equity Premium Income ETF,$26.7200,0.2700,1.0104790419161678%,up,5.99%
PAPR,Innovator U.S. Equity Power Buffer ETF - April,$42.0099,0.0999,0.23780108974313197%,up,15.67%
PATN,Pacer Nasdaq International Patent Leaders ETF,$34.8908,0.0208,0.059614568883487914%,up,57.98%
PATX,Investment Managers Series Trust II Tradr 2X Long PATH Daily E,$8.2900,0.6000,7.237635705669482%,up,-61.08%
PAUG,Innovator U.S. Equity Power Buffer ETF - August,$45.2000,0.0500,0.11061946902654866%,up,16.46%
PAVE,Global X Funds Global X U.S. Infrastructure Development ETF,$54.9400,0.4000,0.728066982162359%,up,33.45%
PAWZ,ProShares Pet Care ETF,$47.5002,0.4202,0.8846278541985088%,up,-17.72%
PBAP,PGIM S&P 500 Buffer 20 ETF - April,$30.8344,0.0144,0.04670108709752744%,up,14.00%
PBAU,PGIM S&P 500 Buffer 20 ETF - August,$31.1500,0.0301,0.09662921348314607%,up,14.65%
PBD,Invesco Global Clean Energy ETF,$21.7100,0.3800,1.7503454629203132%,up,86.83%
PBDC,Putnam ETF Trust Putnam BDC Income ETF,$26.7600,-0.3000,-1.1210762331838564%,down,-17.94%
PBDE,PGIM S&P 500 Buffer 20 ETF - December,$30.7481,0.0359,0.11675518162097821%,up,16.08%
PBE,Invesco Biotechnology & Genome ETF,$82.1494,0.0954,0.1161298804373495%,up,33.15%
PBEU,Portfolio Building Block European Banks Index ETF,$30.5220,-0.2102,-0.6886835725050783%,down,18.14%
PBFB,PGIM S&P 500 Buffer 20 ETF - February,$31.7343,0.0358,0.11281168955987685%,up,14.28%
PBFR,PGIM Laddered S&P 500 Buffer 20 ETF,$30.4301,0.0451,0.14820851722472156%,up,13.75%
PBJ,Invesco Food & Beverage ETF,$48.4712,0.0511,0.10542342669461453%,up,1.87%
PBJA,PGIM S&P 500 Buffer 20 ETF - January,$32.0901,0.0315,0.09816111511026765%,up,13.80%
PBJL,PGIM S&P 500 Buffer 20 ETF - July,$31.0950,0.0300,0.0964785335262904%,up,14.58%
PBJN,PGIM S&P 500 Buffer 20 ETF - June,$30.8750,0.0100,0.032388663967611336%,up,12.45%
PBL,PGIM ETF Trust PGIM Portfolio Ballast ETF,$32.8670,0.1185,0.36054401070983055%,up,16.59%
PBMR,PGIM S&P 500 Buffer 20 ETF - March,$31.9350,0.0500,0.1565680288085173%,up,14.10%
PBMY,PGIM S&P 500 Buffer 20 ETF - May,$31.0350,0.0514,0.16561946189785728%,up,10.51%
PBNV,PGIM S&P 500 Buffer 20 ETF - November,$30.7621,0.0391,0.1271044564577841%,up,13.51%
PBOC,PGIM S&P 500 Buffer 20 ETF - October,$30.4276,0.0426,0.14000446962626034%,up,13.69%
PBOG,Portfolio Building Block Integrated Oil and Gas and Exploratio,$33.6611,-0.1062,-0.3154977110076617%,down,35.22%
PBP,Invesco S&P 500 BuyWrite ETF,$22.7100,0.0500,0.22016732716864817%,up,6.22%
PBPH,Portfolio Building Block World Pharma and Biotech Index ETF,$25.6850,0.2041,0.7946272143274286%,up,2.43%
PBQQ,PGIM Laddered Nasdaq-100 Buffer 12 ETF,$31.2650,0.0592,0.1893491124260355%,up,22.13%
PBRG,Leverage Shares 2X Long PBR Daily ETF,$41.7171,-0.6422,-1.5394166900383774%,down,179.74%
PBSE,PGIM S&P 500 Buffer 20 ETF - September,$30.6196,0.0254,0.08295340239585103%,up,13.85%
PBTP,Invesco 0-5 Yr US TIPS ETF,$26.3250,-0.0050,-0.01899335232668566%,down,1.09%
PBUS,Invesco MSCI USA ETF,$74.7100,0.3600,0.4818632043903092%,up,27.56%
PBW,Invesco WilderHill Clean Energy ETF,$43.0100,1.4500,3.3713089979074637%,up,148.33%
PCCE,Litman Gregory Funds Trust Polen Capital China Growth ETF,$12.9374,-0.0512,-0.39575185122203843%,down,3.71%
PCEF,Invesco CEF Income Composite ETF,$19.9200,0.0200,0.1004016064257028%,up,6.24%
PCFI,FundVantage Trust Polen Floating Rate Income ETF,$22.8000,-0.0200,-0.08771929824561403%,down,-8.65%
PCGG,Litman Gregory Funds Trust Polen Capital Global Growth ETF,$10.9725,-0.0091,-0.08293460925039872%,down,-6.14%
PCHI,FundVantage Trust Polen High Income ETF,$24.6550,0.0600,0.2433583451632529%,up,-2.07%
PCI,PGIM ETF Trust PGIM Corporate Bond 5-10 Year ETF,$49.8390,0.0737,0.1478761612391902%,up,-0.96%
PCIG,Litman Gregory Funds Trust Polen Capital International Growth ,$8.4200,0.0700,0.8313539192399051%,up,-12.36%
PCL,PGIM ETF Trust PGIM Corporate Bond 10+ Year ETF,$49.4618,0.2280,0.46096179273702137%,up,-1.81%
PCLG,FundVantage Trust Polen Focus Growth ETF,$22.6100,0.0550,0.24325519681556834%,up,-9.67%
PCLO,Virtus ETF Trust II VIRTUS SEIX AAA Private Credit CLO ETF,$24.9150,0.0050,0.02006823198876179%,up,-0.04%
PCMM,BondBloxx Private Credit CLO ETF,$49.6820,0.1242,0.2499899359929149%,up,-2.77%
PCR,Simplify Exchange Traded Funds Simplify VettaFi Private Credit,$19.8052,-0.0830,-0.4190818572900047%,down,-20.84%
PCRB,Putnam ETF Trust Putnam ESG Core Bond ETF,$45.8726,0.0243,0.05297279857692827%,up,-4.23%
PCS,PGIM ETF Trust PGIM Corporate Bond 0-5 Year ETF,$50.0049,-0.0072,-0.014398588938284048%,down,-0.47%
PCY,Invesco Emerging Markets Sovereign Debt ETF,$21.2000,0.0500,0.2358490566037736%,up,8.50%
PDBA,Invesco Agriculture Commodity Strategy No K-1 ETF,$36.7700,-0.0500,-0.13598041881968995%,down,0.63%
PDBC,Invesco Optimum Yield Diversified Commodity Strategy No K-1 ET,$18.2000,-0.1100,-0.6043956043956045%,down,42.41%
PDDL,GraniteShares 2x Long PDD Daily ETF,$17.9181,-1.3297,-7.420987716331531%,down,-31.86%
PDEC,Innovator U.S. Equity Power Buffer ETF - December,$45.5800,0.0600,0.13163668275559456%,up,18.33%
PDN,Invesco RAFI Developed Markets ex-U.S. Small-Mid ETF,$46.4800,-0.0600,-0.12908777969018934%,down,28.04%
PDP,Invesco Dorsey Wright Momentum ETF,$140.0336,0.7666,0.5474400429611178%,up,34.97%
PEJ,Invesco Leisure and Entertainment ETF,$60.6100,0.2944,0.4857284276522026%,up,17.44%
PEMX,Putnam ETF Trust Putnam Emerging Markets ex-China ETF,$83.6768,-0.1132,-0.13528241997781942%,down,52.41%
PEPS,Parametric Equity Plus ETF,$31.8185,0.1836,0.5770228012005595%,up,31.29%
PEVC,Pacer Funds Trust Pacer PE/VC ETF,$30.2091,0.2602,0.8613298641799988%,up,22.84%
PEX,ProShares Global Listed Private Equity ETF,$21.7262,-0.1126,-0.5182682659645957%,down,-20.06%
PEXL,Pacer US Export Leaders ETF,$71.2068,0.8144,1.1437109938938415%,up,47.66%
PEY,Invesco High Yield Equity Dividend Achievers ETF,$22.4400,0.3800,1.6934046345811051%,up,11.75%
PEZ,Invesco Dorsey Wright Consumer Cyclicals Momentum ETF,$98.6642,0.3342,0.3387246843333246%,up,6.19%
PFDE,Pathfinder Disciplined US Equity ETF,$27.4680,0.0884,0.32182903742536767%,up,10.22%
PFEB,Innovator U.S. Equity Power Buffer ETF - February,$42.7900,0.0700,0.1635896237438654%,up,16.40%
PFF,iShares Preferred and Income Securities ETF,$31.2400,0.1100,0.35211267605633806%,up,3.96%
PFFA,Virtus InfraCap U.S. Preferred Stock ETF,$21.2200,-0.0500,-0.235626767200754%,down,3.66%
PFFD,Global X U.S. Preferred ETF,$18.8200,0.0100,0.053134962805526036%,up,1.46%
PFFL,ETRACS Monthly Pay 2xLeveraged Preferred Stock ETN,$7.8723,0.0138,0.17529819747723027%,up,-2.62%
PFFR,InfraCap REIT Preferred ETF,$17.5070,0.0070,0.03998400639744103%,up,-1.87%
PFFV,Global X Variable Rate Preferred ETF,$22.2900,-0.0100,-0.04486316733961418%,down,-2.79%
PFI,Invesco Dorsey Wright Financial Momentum ETF,$58.8833,-0.0169,-0.028700837079443577%,down,8.52%
PFIG,Invesco Fundamental Investment Grade Corporate Bond  ETF,$23.8500,0.0000,0%,unch,0.76%
PFIX,Simplify Interest Rate Hedge ETF,$49.6600,-0.4900,-0.986709625453081%,down,-20.44%
PFLD,AAM Low Duration Preferred and Income Securities ETF,$19.6400,0.0300,0.15274949083503053%,up,-0.81%
PFM,Invesco Dividend Achievers ETF,$55.0556,0.4454,0.809000356003749%,up,20.03%
PFOE,Pathfinder Focused Opportunities ETF,$23.2598,0.0354,0.15219391396314672%,up,-6.68%
PFRL,PGIM ETF Trust PGIM Floating Rate Income ETF,$49.5900,-0.0502,-0.10123008671103045%,down,-0.40%
PFUT,Putnam Sustainable Future ETF,$25.7848,0.2610,1.0122242561509107%,up,6.33%
PFXF,VanEck Preferred Securities ex Financials ETF,$18.4700,0.0400,0.2165674066053059%,up,10.53%
PGF,Invesco Financial Preferred ETF,$13.7600,-0.0200,-0.14534883720930233%,down,-0.94%
PGHY,Invesco Global ex-US High Yield Corporate Bond ETF,$19.7000,-0.0100,-0.050761421319796954%,down,0.25%
PGJ,Invesco Golden Dragon China ETF,$25.1600,-0.5500,-2.1860095389507155%,down,-10.24%
PGRO,Putnam Focused Large Cap Growth ETF,$47.8148,0.0714,0.1493261500623238%,up,25.44%
PGX,Invesco Preferred ETF,$10.9500,0.0000,0%,unch,0.37%
PHDG,Invesco S&P 500 Downside Hedged ETF,$42.0212,0.1680,0.3997981971005112%,up,23.74%
PHEQ,Morgan Stanley ETF Trust Parametric Hedged Equity ETF,$34.3501,0.0770,0.2241623750731439%,up,16.54%
PHO,Invesco Water Resources ETF,$65.4100,0.5193,0.7939153034704174%,up,-3.12%
PHYD,Putnam ETF Trust Putnam ESG High Yield ETF,$50.9509,-0.0254,-0.049851916256631386%,down,-0.25%
PHYL,PGIM Active High Yield Bond ETF,$35.1000,0.0450,0.1282051282051282%,up,1.12%
PHYS,Sprott Physical Gold Trust ETV,$34.1100,-0.2600,-0.7622398123717385%,down,35.73%
PICB,Invesco International Corporate Bond ETF,$23.3900,-0.0100,-0.04275331338178709%,down,1.21%
PICK,iShares MSCI Global Select Metals & Mining Producers Fund,$63.5700,0.0800,0.12584552461853074%,up,74.12%
PID,Invesco International Dividend Achievers ETF,$23.1200,-0.0400,-0.17301038062283736%,down,14.57%
PIE,Invesco Dorsey Wright Emerging Markets Momentum ETF,$31.8250,0.8843,2.778633150039277%,up,61.88%
PIEQ,Principal Exchange-Traded Funds Principal International Equity,$35.1200,-0.1500,-0.4271070615034169%,down,26.90%
PIFI,Clearshares Piton Intermediate Fixed Income ETF,$93.8012,-0.0075,-0.007995633318123863%,down,-0.03%
PILL,Direxion Daily Pharmaceutical & Medical Bull 3X ETF,$12.1900,-0.0100,-0.08203445447087777%,down,148.27%
PINK,Simplify Health Care ETF,$36.8605,0.1905,0.5168133910283366%,up,31.04%
PIO,Invesco Global Water ETF,$43.9164,0.3713,0.8454700294195335%,up,2.46%
PIT,VanEck ETF Trust VanEck Commodity Strategy ETF,$75.2000,-0.2900,-0.3856382978723404%,down,52.70%
PIZ,Invesco Dorsey Wright Developed Markets Momentum ETF,$56.5777,0.4051,0.7160064831196744%,up,29.79%
PJAN,Innovator U.S. Equity Power Buffer ETF - January,$49.1900,0.0300,0.06098800569221387%,up,15.79%
PJBF,PGIM ETF Trust PGIM Jennison Better Future ETF,$67.8375,-0.0773,-0.11394877464529204%,down,15.46%
PJFG,PGIM ETF Trust PGIM Jennison Focused Growth ETF,$116.4529,0.3686,0.31652281737938687%,up,21.07%
PJFM,PGIM ETF Trust PGIM Jennison Focused Mid-Cap ETF,$66.8032,0.3230,0.4835097719869707%,up,18.59%
PJFV,PGIM ETF Trust PGIM Jennison Focused Value ETF,$93.8403,0.7418,0.7904919315049079%,up,35.69%
PJIO,PGIM ETF Trust PGIM Jennison International Opportunities ETF,$63.3055,-0.0478,-0.07550686749176612%,down,4.59%
PJP,Invesco Pharmaceuticals ETF,$109.0530,0.6830,0.6263009729214236%,up,38.24%
PJUL,Innovator U.S. Equity Power Buffer ETF - July,$48.4200,-0.0200,-0.041305245766212306%,down,17.15%
PJUN,Innovator U.S. Equity Power Buffer ETF - June,$43.3000,-0.0300,-0.06928406466512703%,down,13.23%
PKB,Invesco Building & Construction ETF,$100.9203,-0.1097,-0.10869963723849414%,down,31.13%
PKW,Invesco BuyBack Achievers ETF,$136.3700,0.6383,0.4680648236415634%,up,16.61%
PLDR,Putnam Sustainable Leaders ETF,$38.4340,0.1123,0.2921892074725504%,up,20.22%
PLOO,Themes ETF Trust Leverage Shares 2x Capped Accelerated PLTR Mo,$13.8951,-0.0742,-0.5340011946657455%,down,-29.67%
PLTD,Direxion Daily PLTR Bear 1X ETF,$7.8600,0.0300,0.38167938931297707%,up,-26.82%
PLTG,Leverage Shares 2X Long PLTR Daily ETF,$13.1300,-0.1100,-0.8377760853008377%,down,-28.80%
PLTM,GraniteShares Platinum Shares ETF,$18.4700,-0.3900,-2.1115322144017328%,down,77.09%
PLTU,Direxion Daily PLTR Bull 2X ETF,$36.9200,-0.3300,-0.8938244853737811%,down,-28.85%
PLTW,Roundhill ETF Trust Roundhill PLTR WeeklyPay ETF,$21.5300,-0.1300,-0.603808639108221%,down,-47.64%
PLTY,Tidal Trust II YieldMax PLTR Option Income Strategy ETF,$34.0200,0.0200,0.05878894767783656%,up,-44.70%
PLTZ,Defiance Daily Target 2x Short PLTR ETF,$30.1100,0.2800,0.9299236134174694%,up,-56.75%
PLUL,Leverage Shares 2X Long PLUG Daily ETF,$28.5544,-0.0274,-0.09595719048552938%,down,90.11%
PLYY,GraniteShares YieldBOOST PLTR ETF,$10.0750,0.0171,0.169727047146402%,up,-60.08%
PMAP,PGIM Rock ETF Trust PGIM S&P 500 Max Buffer ETF - April,$27.2050,0.0200,0.07351589781290205%,up,7.69%
PMAR,Innovator U.S. Equity Power Buffer ETF - March,$47.4700,0.0600,0.12639561828523277%,up,16.06%
PMAU,PGIM Rock ETF Trust PGIM S&P 500 Max Buffer ETF - August,$26.4600,0.0300,0.11337868480725623%,up,5.80%
PMAY,Innovator U.S. Equity Power Buffer ETF - May,$41.1750,0.0350,0.08500303582270798%,up,12.07%
PMBS,PIMCO Mortgage-Backed Securities Active Exchange-Traded Fund,$49.1516,0.0818,0.16642388040267253%,up,2.83%
PMFB,PGIM Rock ETF Trust PGIM S&P 500 Max Buffer ETF - February,$27.1850,0.0200,0.07356998344675372%,up,8.48%
PMIO,PGIM ETF Trust PGIM Municipal Income Opportunities ETF,$50.6576,-0.0172,-0.03395344430055904%,down,2.01%
PMJA,PGIM Rock ETF Trust PGIM S&P 500 Max Buffer ETF - January,$27.3207,0.0182,0.06661615551578108%,up,8.10%
PMJL,PGIM Rock ETF Trust PGIM S&P 500 Max Buffer ETF - July,$26.4933,0.0167,0.06303480502617642%,up,5.99%
PMJN,PGIM Rock ETF Trust PGIM S&P 500 Max Buffer ETF - June,$26.7050,0.0237,0.0887474255757349%,up,6.61%
PMMF,BlackRock ETF Trust iShares Prime Money Market ETF,$100.3100,0.0400,0.03987638321204267%,up,-0.05%
PMMR,PGIM Rock ETF Trust PGIM S&P 500 Max Buffer ETF - March,$26.9960,0.0144,0.053341235738627944%,up,7.70%
PMMY,PGIM Rock ETF Trust PGIM S&P 500 Max Buffer ETF - May,$26.7229,0.0218,0.08157797245059481%,up,6.17%
PMSE,PGIM Rock ETF Trust PGIM S&P 500 Max Buffer ETF - September,$26.2009,0.0279,0.10648489174036006%,up,4.91%
PNOV,Innovator U.S. Equity Power Buffer ETF - November,$44.0300,0.0600,0.13627072450601863%,up,15.25%
PNQI,Invesco NASDAQ Internet ETF,$48.1723,0.0623,0.12932743506122815%,up,-1.31%
POCT,Innovator U.S. Equity Power Buffer ETF - October,$46.0200,0.0500,0.10864841373315949%,up,15.37%
PONX,Investment Managers Series Trust II Tradr 2X Long PONY Daily E,$5.6600,-0.0584,-1.0318021201413428%,down,-80.52%
POWA,Invesco Bloomberg Pricing Power ETF,$87.1456,0.4756,0.5457533139940514%,up,3.57%
POWR,iShares U.S. Power Infrastructure ETF,$27.7500,0.3200,1.1531531531531531%,up,21.98%
PPA,Invesco Aerospace & Defense ETF,$170.2400,2.3100,1.356907894736842%,up,30.96%
PPEM,Putnam ETF Trust Putnam PanAgora ESG Emerging Markets Equity E,$22.5804,0.1042,0.4614621530176613%,up,-2.21%
PPH,VanEck Pharmaceutical ETF,$104.9900,1.1900,1.1334412801219165%,up,21.83%
PPI,Astoria Real Assets ETF,$21.7841,0.0370,0.16984865108037514%,up,41.64%
PPIE,Putnam ETF Trust Putnam PanAgora ESG International Equity ETF,$27.9727,-0.2017,-0.7210601765292588%,down,8.08%
PPLT,abrdn Physical Platinum Shares ETF,$17.4700,-0.3800,-2.175157412707499%,down,77.18%
PPTY,U.S. Diversified Real Estate ETF,$33.0514,0.0734,0.22207833858777543%,up,11.40%
PQAP,PGIM Nasdaq-100 Buffer 12 ETF - April,$31.8800,0.0342,0.10727728983688833%,up,22.36%
PQDI,Principal Spectrum Preferred and Income ETF,$19.3851,0.0166,0.08563277981542523%,up,2.00%
PQJA,PGIM Nasdaq-100 Buffer 12 ETF - January,$31.4550,0.0500,0.1589572405023049%,up,23.74%
PQJL,PGIM Nasdaq-100 Buffer 12 ETF - July,$30.9650,0.0250,0.08073631519457453%,up,21.47%
PQOC,PGIM Nasdaq-100 Buffer 12 ETF - October,$30.9550,0.0650,0.20998223227265386%,up,21.63%
PRAE,Northern Lights Fund Trust III PlanRock Alternative Growth ETF,$40.4055,0.1695,0.41949734565838814%,up,33.12%
PRAY,FIS Trust FIS Christian Stock Fund,$35.1760,-0.1776,-0.5048896975210371%,down,20.21%
PRCS,Parnassus Income Funds Parnassus Core Select ETF,$27.6500,0.0000,0%,unch,13.83%
PREF,Principal Spectrum Preferred Securities Active ETF,$18.9700,0.0350,0.1845018450184502%,up,1.83%
PRF,Invesco RAFI US 1000 ETF,$53.2100,0.4000,0.7517383950385266%,up,31.94%
PRFD,PIMCO U.S. Treasury Index Fund PIMCO Preferred and Capital Sec,$50.9900,0.1150,0.225534418513434%,up,2.27%
PRFZ,Invesco RAFI US 1500 Small-Mid ETF,$51.1840,0.4393,0.8582760237574242%,up,32.46%
PRIV,State Street IG Public & Private Credit ETF,$25.0087,0.0044,0.017593877330688918%,up,1.79%
PRMR,PeakShares RMR Prime Equity ETF,$26.7335,0.1695,0.6340359474068118%,up,7.02%
PRN,Invesco Dorsey Wright Industrials Momentum ETF,$236.7747,3.0552,1.2903405642579213%,up,62.51%
PRNT,3D Printing (The) ETF,$25.2600,0.8200,3.246239113222486%,up,19.55%
PRVS,Parnassus Income Funds Parnassus Value Select ETF,$30.4787,-0.0013,-0.004265273781362066%,down,31.18%
PRXG,Praxis Funds Praxis Impact Large Cap Growth ETF,$39.4700,0.0300,0.07600709399543958%,up,28.41%
PRXV,Praxis Funds Praxis Impact Large Cap Value ETF,$33.5370,0.2530,0.7543906729880431%,up,23.80%
PSC,Principal U.S. Small-Cap ETF,$64.5092,0.5666,0.8783243320332602%,up,27.94%
PSCC,Invesco S&P SmallCap Consumer Staples ETF,$32.9850,0.2543,0.7709564953766865%,up,-5.39%
PSCD,Invesco S&P SmallCap Consumer Discretionary ETF,$105.4210,0.8595,0.8153024539702716%,up,8.10%
PSCE,Invesco S&P SmallCap Energy ETF,$62.7353,0.1104,0.17597747998335864%,up,70.71%
PSCF,Invesco S&P SmallCap Financials ETF,$61.5520,-0.1297,-0.2107161424486613%,down,19.01%
PSCH,Invesco S&P SmallCap Health Care ETF,$44.7300,-0.3510,-0.7847082494969818%,down,11.38%
PSCI,Invesco S&P SmallCap Industrials ETF,$168.0614,1.9685,1.1712981089054357%,up,34.86%
PSCJ,Pacer Swan SOS Conservative (July) ETF,$31.4300,0.0400,0.12726694241170855%,up,17.49%
PSCM,Invesco S&P SmallCap Materials ETF,$102.1038,1.2413,1.215723606760963%,up,56.27%
PSCQ,Pacer Swan SOS Conservative (October) ETF,$30.9540,0.0414,0.1337468501647606%,up,16.34%
PSCT,Invesco S&P SmallCap Information Technology ETF,$83.2000,2.5500,3.064903846153846%,up,94.39%
PSCU,Invesco S&P SmallCap Utilities & Communication Services ETF,$64.2400,0.5198,0.8091531755915319%,up,18.01%
PSCW,Pacer Swan SOS Conservative (April) ETF,$29.8300,0.0500,0.16761649346295676%,up,15.39%
PSCX,Pacer Swan SOS Conservative (January) ETF,$32.4450,0.0550,0.1695176452458006%,up,16.42%
PSDM,PGIM ETF Trust PGIM Short Duration Multi-Sector Bond ETF,$51.1000,0.0100,0.019569471624266144%,up,0.38%
PSEP,Innovator U.S. Equity Power Buffer ETF - September,$45.6600,0.0400,0.08760402978537013%,up,15.75%
PSET,Principal Quality ETF,$75.4522,0.4389,0.5816927803297982%,up,7.93%
PSFD,Pacer Swan SOS Flex (January) ETF,$39.5417,0.0917,0.2319070753154265%,up,18.77%
PSFF,Pacer Swan SOS Fund of Funds ETF,$34.0327,0.0527,0.15485106970648815%,up,16.03%
PSFJ,Pacer Swan SOS Flex (July) ETF,$34.8549,0.0149,0.04274865226983867%,up,18.86%
PSFM,Pacer Swan SOS Flex (April) ETF,$34.5750,0.0050,0.014461315979754157%,up,18.14%
PSFO,Pacer Swan SOS Flex (October) ETF,$34.3419,0.0744,0.2166449730504136%,up,18.77%
PSH,PGIM ETF Trust PGIM Short Duration High Yield ETF,$50.0650,-0.0073,-0.014581044641965446%,down,-0.19%
PSI,Invesco Semiconductors ETF,$153.7500,3.0300,1.9707317073170731%,up,197.62%
PSIL,AdvisorShares Psychedelics ETF,$21.1300,0.6792,3.2143871273071465%,up,65.77%
PSK,State Street SPDR ICE Preferred Securities ETF,$30.9700,0.0827,0.26703261220536%,up,-1.31%
PSL,Invesco Dorsey Wright Consumer Staples Momentum ETF,$111.2295,0.2067,0.18583199600825318%,up,1.18%
PSLV,Sprott Physical Silver Trust ETV,$24.2400,-0.4300,-1.773927392739274%,down,118.18%
PSMD,Pacer Swan SOS Moderate (January) ETF,$34.0911,0.0561,0.16455907846916057%,up,16.03%
PSMJ,Pacer Swan SOS Moderate (July) ETF,$33.5650,0.0299,0.08908088782958438%,up,17.21%
PSMO,Pacer Swan SOS Moderate (October) ETF,$32.2846,0.0596,0.18460814134293133%,up,15.99%
PSMR,Pacer Swan SOS Moderate (April) ETF,$31.9650,0.0264,0.08259033317691225%,up,15.64%
PSP,Invesco Global Listed Private Equity ETF,$60.6000,-0.2100,-0.3465346534653465%,down,-7.96%
PSQ,ProShares Short QQQ,$26.0100,-0.0900,-0.3460207612456747%,down,-28.47%
PSQA,Palmer Square Funds Trust Palmer Square CLO Senior Debt ETF,$20.6510,-0.0190,-0.0920052297709554%,down,1.40%
PSQO,Palmer Square Funds Trust Palmer Square Credit Opportunities E,$20.7648,0.0048,0.02311604253351826%,up,1.42%
PSR,Invesco Active U.S. Real Estate Fund,$102.7000,0.1586,0.15443037974683543%,up,14.27%
PST,ProShares UltraShort Lehman 7-10 Year Treasury,$23.2100,-0.0306,-0.13183972425678586%,down,-2.40%
PSTP,Innovator ETFs Trust Innovator Power Buffer Step-Up Strategy E,$36.5451,0.0751,0.2054995060897357%,up,13.40%
PSTR,PeakShares Sector Rotation ETF,$30.7982,0.1197,0.38865907747855394%,up,13.42%
PSWD,Xtrackers Cybersecurity Select Equity ETF,$38.0466,0.8850,2.326094841588999%,up,8.57%
PTBD,Pacer Trendpilot US Bond ETF,$19.1100,0.0050,0.026164311878597593%,up,-1.65%
PTEU,Pacer TrendpilotTM European Index ETF,$32.4275,-0.0852,-0.26273995836866854%,down,15.08%
PTF,Invesco Dorsey Wright Technology Momentum ETF,$123.3900,1.6325,1.3230407650538942%,up,94.59%
PTH,Invesco Dorsey Wright Healthcare Momentum ETF,$51.2198,-0.4177,-0.8155049414484243%,down,42.99%
PTIN,Pacer Trendpilot International ETF,$35.9528,-0.1562,-0.43445851227164506%,down,28.77%
PTIR,GraniteShares 2x Long PLTR Daily ETF,$13.6400,-0.1300,-0.9530791788856304%,down,-16.85%
PTL,Northern Lights Fund Trust IV Inspire 500 ETF,$280.5300,2.2300,0.7949238940576766%,up,29.29%
PTLC,Pacer Fund Trust Pacer Trendpilot US Large Cap ETF,$58.0000,0.2400,0.41379310344827586%,up,21.47%
PTMC,Pacer Trendpilot US Mid Cap ETF,$39.8200,0.3500,0.8789552988448016%,up,14.59%
PTNQ,Pacer Trendpilot 100 ETF,$86.4300,0.3900,0.45123221103783406%,up,30.16%
PTRB,PGIM ETF Trust PGIM Total Return Bond ETF,$41.3500,0.0800,0.19347037484885127%,up,1.10%
PUI,Invesco Dorsey Wright Utilities Momentum ETF,$47.6990,0.4840,1.0146963248705423%,up,15.35%
PULS,PGIM Ultra Short Bond ETF,$49.7000,0.0300,0.060362173038229376%,up,0.06%
PULT,Putnam ETF Trust Putnam ESG Ultra Short ETF,$50.3850,0.0100,0.019847176739108862%,up,-0.37%
PUSH,PGIM ETF Trust PGIM Ultra Short Municipal Bond ETF,$50.3600,0.0150,0.029785544082605243%,up,0.39%
PVAL,Putnam Focused Large Cap Value ETF,$50.3600,0.2600,0.5162827640984908%,up,32.60%
PVI,Invesco Floating Rate Municipal Income ETF,$24.8650,0.0530,0.2131510154836115%,up,0.10%
PWB,Invesco Large Cap Growth ETF,$154.7100,0.7000,0.45245944024303536%,up,43.07%
PWER,Nomura Energy Transition ETF,$43.5902,0.5611,1.2872159338566926%,up,66.12%
PWRD,TCW Transform Systems ETF,$111.7373,1.0785,0.9652103639518763%,up,39.25%
PWS,Pacer WealthShield ETF,$31.9563,-0.0099,-0.030979806798659422%,down,9.72%
PWV,Invesco Large Cap Value ETF,$74.5800,0.5700,0.7642799678197908%,up,26.00%
PWZ,Invesco California AMT-Free Municipal Bond Portfolio,$23.9200,0.0100,0.04180602006688963%,up,3.01%
PXE,Invesco Energy Exploration & Production ETF,$37.4100,0.2900,0.7751937984496123%,up,38.71%
PXF,Invesco RAFI Developed Markets ex-U.S. ETF,$76.4000,-0.4000,-0.5235602094240838%,down,37.43%
PXH,Invesco RAFI Emerging Markets ETF,$28.6500,0.0450,0.15706806282722513%,up,26.49%
PXI,Invesco Dorsey Wright Energy Momentum ETF,$60.2340,0.4977,0.8262775176810438%,up,47.89%
PXJ,Invesco Oil & Gas Services ETF,$45.4100,-0.3600,-0.7927769213829553%,down,99.96%
PY,Principal Value ETF,$54.6340,0.7640,1.3983966028480435%,up,14.60%
PYLD,PIMCO U.S. Treasury Index Fund PIMCO Multisector Bond Active E,$26.3250,0.0550,0.20892687559354226%,up,1.29%
PYPG,Leverage Shares 2X Long PYPL Daily ETF,$5.4850,-0.0232,-0.42297174111212393%,down,-71.67%
PYPY,Tidal Trust II YieldMax PYPL Option Income Strategy ETF,$26.6144,-0.0454,-0.17058434531682098%,down,-60.25%
PYZ,Invesco Dorsey Wright Basic Materials Momentum ETF,$126.5390,1.6537,1.3068698187910446%,up,45.54%
PZA,Invesco National AMT-Free Municipal Bond ETFo,$22.9600,0.0300,0.13066202090592335%,up,2.91%
PZT,Invesco New York AMT-Free Municipal Bond ETF,$22.1614,0.0367,0.1656032561119785%,up,3.27%
QABA,First Trust NASDAQ ABA Community Bank Index Fund,$62.0977,0.0167,0.02689310554175114%,up,18.60%
QAI,NYLI Hedge Multi-Strategy Tracker ETF,$36.1200,0.0700,0.19379844961240314%,up,13.62%
QALT,SEI DBi Multi-Strategy Alternative ETF,$26.1050,0.0345,0.13215859030837004%,up,4.46%
QARP,Xtrackers Russell 1000 US Quality at a Reasonable Price ETF ET,$65.3100,0.3028,0.4636349716735569%,up,26.10%
QAT,iShares MSCI Qatar ETF,$18.6200,0.0154,0.08270676691729323%,up,-2.56%
USCI,United States Commodity Index Fund ETV,$99.5500,-0.4192,-0.42109492717227526%,down,39.67%
USCL,iShares Climate Conscious & Transition MSCI USA ETF,$83.7373,0.4651,0.5554275096044414%,up,20.32%
USD,ProShares Ultra Semiconductors,$95.2000,0.0500,0.052521008403361345%,up,256.09%
USDU,WisdomTree Bloomberg U.S. Dollar Bullish Fund,$26.2100,0.0600,0.22892025944296068%,up,-0.34%
USDX,SGI Enhanced Core ETF,$25.8400,-0.0500,-0.19349845201238391%,down,0.74%
USE,USCF ETF Trust USCF Energy Commodity Strategy Absolute Return ,$33.6334,-0.3710,-1.1030701623980923%,down,39.67%
USEP,Innovator U.S. Equity Ultra Buffer ETF - September,$41.0061,0.0162,0.03950631735278409%,up,15.85%
USFE,First Eagle ETF Trust First Eagle US Equity ETF,$34.8249,0.1050,0.301508403469931%,up,-0.17%
USFI,BrandywineGLOBAL - U.S. Fixed Income ETF,$24.5450,0.0400,0.16296598085149724%,up,2.02%
USFR,WisdomTree Floating Rate Treasury Fund,$50.4600,0.0100,0.019817677368212445%,up,0.02%
USG,USCF Gold Strategy Plus Income Fund,$35.8646,-0.2704,-0.7539467887554858%,down,2.94%
USGG,Leverage Shares 2X Long USAR Daily ETF,$18.2550,1.3451,7.3683922213092305%,up,38.66%
USHY,iShares Broad USD High Yield Corporate Bond ETF,$36.9900,0.0100,0.02703433360367667%,up,0.64%
USIG,iShares Broad USD Investment Grade Corporate Bond ETF,$51.0000,0.0600,0.11764705882352941%,up,1.67%
USIN,WisdomTree 7-10 Year Laddered Treasury Fund,$49.4097,0.0451,0.09127762362451097%,up,0.30%
USL,United States 12 Month Oil,$53.8300,-0.2800,-0.5201560468140443%,down,60.54%
USMC,Principal U.S. Mega-Cap ETF,$72.9149,-0.0621,-0.08516777777930162%,down,23.19%
USMF,WisdomTree U.S. Multifactor Fund,$52.9600,0.6300,1.1895770392749245%,up,4.91%
USML,ETRACS 2x Leveraged MSCI US Minimum Volatility Factor TR ETN,$43.6359,0.7565,1.7336642535160267%,up,6.51%
USMV,iShares MSCI USA Min Vol Factor ETF,$96.8800,0.8400,0.8670520231213873%,up,4.67%
USNG,Amplify ETF Trust Amplify Samsung U.S. Natural Gas Infrastruct,$37.5200,0.3100,0.8262260127931769%,up,51.90%
USNZ,DBX ETF Trust Xtrackers Net Zero Pathway Paris Aligned US Equi,$47.1184,0.1632,0.34636150633298246%,up,28.24%
USO,United States Oil Fund,$140.9200,-1.6200,-1.1495884189611127%,down,109.89%
USOI,X-Links Crude Oil Shares Covered Call ETN,$55.3100,-0.5038,-0.9108660278430664%,down,2.43%
USOY,Defiance Oil Enhanced Options Income ETF,$8.6302,-0.0467,-0.5411230330699173%,down,-14.04%
USPX,Franklin U.S. Equity Index ETF,$65.1500,0.2700,0.4144282425172678%,up,27.32%
USRD,Themes US R&D Champions ETF,$37.6371,0.6495,1.7256908741640564%,up,25.53%
USRT,iShares Core U.S. REIT ETF,$65.4900,0.1100,0.16796457474423576%,up,17.77%
USSE,Segall Bryant & Hamill Trust Segall Bryant & Hamill Select Equ,$39.2500,0.2700,0.6878980891719745%,up,27.56%
USSG,Xtrackers MSCI USA Selection Equity ETF,$69.0591,0.2208,0.3197261476040087%,up,28.15%
USSH,WisdomTree 1-3 Year Laddered Treasury Fund,$50.3900,-0.0100,-0.019845207382417147%,down,-0.38%
UST,ProShares Ultra 7-10 Year Treasury,$41.8398,0.0586,0.14005803087012847%,up,0.82%
USTB,VictoryShares Short-Term Bond ETF,$50.5300,-0.0100,-0.019790223629527013%,down,0.18%
USVM,VictoryShares US Small Mid Cap Value Momentum ETF,$103.5659,0.6970,0.6730014415941926%,up,29.54%
USVN,US Treasury 7 Year Note ETF,$47.5076,0.0326,0.0686205996514242%,up,0.05%
USXF,iShares ESG Advanced MSCI USA ETF,$66.3508,0.2513,0.3787444914002544%,up,31.99%
UTEN,US Treasury 10 Year Note ETF,$42.9278,0.0544,0.1267244070276138%,up,0.35%
UTES,Virtus Reaves Utilities ETF,$81.5700,1.3500,1.6550202280250093%,up,15.37%
UTHY,US Treasury 30 Year Bond ETF,$40.0272,0.1969,0.49191549746172597%,up,-0.11%
UTRE,US Treasury 3 Year Note ETF,$49.1374,-0.0276,-0.056169028072303374%,down,-0.50%
UTSL,Direxion Daily Utilities Bull 3X ETF,$45.8600,1.0600,2.3113824683820323%,up,31.44%
UTWO,US Treasury 2 Year Note ETF,$48.0950,-0.0100,-0.020792182139515544%,down,-0.39%
UTWY,US Treasury 20 Year Bond ETF,$42.1450,0.1756,0.4166567801637205%,up,-0.22%
UUP,Invesco DB USD Index Bullish Fund ETF,$27.7700,0.0400,0.14404033129276198%,up,0.73%
UUUG,Leverage Shares 2X Long UUUU Daily ETF,$8.9300,0.1900,2.127659574468085%,up,-41.25%
UVIX,VS TR 2x Long VIX Futures ETF,$4.6100,0.0700,1.5184381778741867%,up,-85.25%
UVXY,ProShares Trust Ultra VIX Short Term Futures ETF,$32.9100,0.2600,0.7900334244910362%,up,-71.96%
UWM,ProShares Ultra Russell2000,$60.9400,1.1300,1.854282901214309%,up,81.69%
UX,Roundhill ETF Trust Roundhill Uranium ETF,$29.2700,-0.1972,-0.6737273659036556%,down,19.32%
UXAP,First Trust Exchange-Traded Fund VIII FT Vest U.S. Equity Unca,$42.8452,0.2111,0.49270396683875906%,up,30.64%
UXI,ProShares Ultra Industrials,$54.9237,1.1537,2.1005503999184323%,up,38.28%
UXJA,First Trust Exchange-Traded Fund VIII FT Vest U.S. Equity Unca,$37.9231,0.1760,0.46409708067114763%,up,30.88%
UXJL,First Trust Exchange-Traded Fund VIII FT Vest U.S. Equity Unca,$36.3065,0.1716,0.4726426397477036%,up,20.50%
UXOC,First Trust Exchange-Traded Fund VIII FT Vest U.S. Equity Unca,$39.0805,0.1977,0.505878891007024%,up,30.27%
UXRP,ProShares Trust ProShares Ultra XRP ETF,$3.4500,-0.2300,-6.666666666666666%,down,-90.94%
UYG,ProShares Ultra Financials,$80.2836,0.4787,0.5962612538550838%,up,-8.76%
UYLD,Angel Oak UltraShort Income ETF,$51.1490,0.0059,0.011534927369059023%,up,-0.04%
UYM,ProShares Ultra Materials,$29.1881,0.2481,0.8500039399618338%,up,28.70%
VABS,Virtus Newfleet ABS/MBS ETF,$24.1000,0.0000,0%,unch,-0.82%
VALG,Leverage Shares 2X Long VALE Daily ETF,$22.1756,-0.0841,-0.3792456573892026%,down,48.58%
VALQ,American Century U.S. Quality Value ETF,$69.0233,1.1270,1.6327819736233995%,up,14.51%
VAMO,Cambria ETF Trust Cambria Value and Momentum ETF,$35.0998,0.1287,0.36666875594732734%,up,19.05%
VAVX,VanEck Avalanche ETF,$19.2259,-0.5641,-2.9340629047274773%,down,-20.09%
VAW,Vanguard Materials ETF,$227.7800,1.1700,0.5136535253314601%,up,20.26%
VB,Vanguard Small-Cap ETF,$289.0900,2.6400,0.9132104189006884%,up,27.49%
VBCA,Vanguard Target Maturity 2027 Corporate Bond ETF,$75.5519,0.0119,0.01575076205892903%,up,0.73%
VBCB,Vanguard Target Maturity 2028 Corporate Bond ETF,$75.4848,-0.0152,-0.020136504302853023%,down,0.74%
VBCC,Vanguard Target Maturity 2029 Corporate Bond ETF,$75.3800,-0.0400,-0.053064473335102155%,down,0.70%
VBCD,Vanguard Target Maturity 2030 Corporate Bond ETF,$75.2813,-0.0187,-0.02484016615015947%,down,0.68%
VBCE,Vanguard Target Maturity 2031 Corporate Bond ETF,$75.3424,-0.0076,-0.010087281530718428%,down,0.83%
VBCF,Vanguard Target Maturity 2032 Corporate Bond ETF,$75.3273,0.0073,0.00969104162767018%,up,0.89%
VBCG,Vanguard Target Maturity 2033 Corporate Bond ETF,$75.1621,0.0871,0.115882871819707%,up,0.56%
VBCH,Vanguard Target Maturity 2034 Corporate Bond ETF,$75.2513,0.0913,0.12132680764319023%,up,0.71%
VBCI,Vanguard Target Maturity 2035 Corporate Bond ETF,$75.2928,0.1178,0.1564558629776021%,up,0.82%
VBCJ,Vanguard Target Maturity 2036 Corporate Bond ETF,$75.1254,0.1004,0.13364321521083417%,up,0.60%
VBIL,Vanguard 0-3 Month Treasury Bill ETF,$75.6300,0.0200,0.026444532592886424%,up,0.24%
VBK,Vanguard Small-Cap Growth ETF,$347.1200,3.5600,1.0255819313205807%,up,32.33%
VBND,Vident U.S. Bond Strategy ETF,$43.2000,-0.0538,-0.12453703703703703%,down,1.19%
VBR,Vanguard Small-Cap Value ETF,$232.6700,1.9000,0.8166072119310612%,up,23.92%
VCEB,Vanguard ESG U.S. Corporate Bond ETF,$62.5200,0.1240,0.19833653230966092%,up,1.01%
VCIT,Vanguard Intermediate-Term Corporate Bond ETF,$82.2200,0.0800,0.09729992702505473%,up,1.74%
VCLN,Virtus Duff & Phelps Clean Energy ETF,$34.2750,0.3650,1.0649161196207149%,up,89.66%
VCLT,Vanguard Long-Term Corporate Bond ETF,$74.4800,0.3000,0.4027926960257787%,up,2.87%
VCR,Vanguard Consumer Discretion ETF,$394.7500,1.8900,0.47878404053198226%,up,11.76%
VCRB,Vanguard Core Bond ETF,$76.7988,0.0854,0.11119965416126294%,up,1.10%
VCRM,Vanguard Tax-Managed Funds Vanguard Core Tax-Exempt Bond ETF,$75.2200,0.1250,0.16617920765753788%,up,3.27%
VCSH,Vanguard Short-Term Corporate Bond ETF,$78.8700,-0.0300,-0.03803727653100038%,down,0.17%
VDC,Vanguard Consumer Staples ETF,$229.6900,-0.0900,-0.03918324698506683%,down,4.46%
VDE,Vanguard Energy ETF,$168.0200,0.7400,0.44042375907630044%,up,47.14%
VEA,Vanguard FTSE Developed Markets ETF,$70.4600,-0.2300,-0.32642634118648883%,down,28.48%
VEGA,AdvisorShares STAR Global Buy-Write ETF,$52.0073,0.1007,0.19362666394909944%,up,17.17%
VEGI,iShares MSCI Agriculture Producers ETF,$43.8400,-0.0500,-0.11405109489051093%,down,10.27%
VEGN,US Vegan Climate ETF,$73.8480,0.5541,0.7503249918752032%,up,40.62%
VEMY,Virtus ETF Trust II Virtus Stone Harbor Emerging Markets High ,$28.4324,0.0424,0.14912564539047002%,up,8.27%
VERS,ProShares Trust ProShares Metaverse ETF,$78.7799,2.1387,2.7147787697115637%,up,62.02%
VETZ,Academy Veteran Bond ETF,$19.6350,0.0000,0%,unch,0.23%
VEU,Vanguard FTSE All World Ex US ETF,$82.4400,-0.1400,-0.16982047549733142%,down,26.99%
VFH,Vanguard Financials ETF,$127.3700,0.3600,0.28264112428358323%,up,5.13%
VFLO,VictoryShares Free Cash Flow ETF,$44.1800,0.8700,1.9692168401991852%,up,30.86%
VFMF,Vanguard U.S. Multifactor ETF,$170.6463,1.2327,0.7223713611136017%,up,32.20%
VFMO,Vanguard U.S. Momentum Factor ETF,$229.6300,1.3700,0.5966119409484824%,up,42.10%
VFMV,Vanguard U.S. Minimum Volatility ETF,$142.0965,1.6865,1.1868694865813023%,up,13.44%
VFQY,Vanguard U.S. Quality Factor ETF,$162.9293,1.6381,1.0054054120406826%,up,17.93%
VFVA,Vanguard U.S. Value Factor ETF,$144.5143,1.2727,0.8806740924600541%,up,27.89%
VGHY,Vanguard High-Yield Active ETF,$74.6100,0.0100,0.013403029084573114%,up,-0.73%
VGIT,Vanguard Intermediate-Term Treasury ETF,$58.7300,-0.0200,-0.03405414609228674%,down,-0.14%
VGK,Vanguard FTSEEuropean ETF,$88.4600,-0.3000,-0.339136332805788%,down,15.98%
VGLT,Vanguard Long-Term Treasury ETF,$54.1300,0.2200,0.40642896730094213%,up,0.59%
VGMS,Vanguard Malvern Funds Vanguard Multi-Sector Income Bond ETF,$51.0747,-0.0003,-0.0005873749625548461%,down,1.37%
VGSH,Vanguard Short-Term Treasury ETF,$58.2200,-0.0100,-0.017176228100309172%,down,-0.44%
VGSR,Vert Global Sustainable Real Estate ETF,$11.2650,-0.0291,-0.2583222370173103%,down,10.77%
VGT,Vanguard Information Tech ETF,$115.7500,1.2600,1.0885529157667386%,up,53.77%
VGUS,Vanguard Ultra-Short Treasury ETF,$75.6700,0.0750,0.09911457645037663%,up,0.32%
VGVT,Vanguard Malvern Funds Vanguard Government Securities Active E,$74.8450,0.0985,0.13160531765649008%,up,-0.64%
VHT,Vanguard Health Care ETF,$279.2700,2.7300,0.9775486088731336%,up,16.57%
VICE,AdvisorShares Trust AdvisorShares Vice ETF,$32.9334,-0.0724,-0.21983761166475374%,down,0.41%
VIDI,Vident International Equity Strategy ETF,$40.3700,0.2200,0.5449591280653951%,up,41.40%
VIG,Vanguard Div Appreciation ETF,$233.1000,2.0500,0.8794508794508793%,up,19.59%
VIGI,Vanguard International Dividend Appreciation ETF,$93.8836,-0.0664,-0.07072587757606227%,down,6.32%
VIOG,Vanguard S&P Small-Cap 600 Growth ETF,$139.1200,1.1000,0.7906843013225993%,up,27.26%
VIOO,Vanguard S&P Small-Cap 600 ETF,$127.0200,1.1000,0.8660053534876399%,up,31.53%
VIOV,Vanguard S&P Small-Cap 600 Value ETF,$111.1500,0.9800,0.8816914080071975%,up,35.90%
VIS,Vanguard Industrials ETF,$336.0900,2.7700,0.8241839983337798%,up,26.02%
VIXM,ProShares Trust VIX Mid-Term Futures ETF,$15.7300,0.0900,0.5721551176096631%,up,-7.14%
VIXY,ProShares Trust VIX Short-Term Futures ETF,$25.4300,0.1400,0.5505308690523005%,up,-52.85%
VLLU,Harbor ETF Trust Harbor AlphaEdge Large Cap Value ETF,$25.6848,0.4331,1.6862113000685228%,up,23.03%
VLU,State Street SPDR S&P 1500 Value Tilt ETF,$235.7492,1.8421,0.7813812305619702%,up,28.40%
VLUE,iShares MSCI USA Value Factor ETF,$187.3300,2.4100,1.2864997597822025%,up,75.93%
VMAX,Lattice Strategies Trust Hartford US Value ETF,$60.5655,0.3709,0.6123948452501837%,up,25.85%
VMBS,Vanguard Mortgage-Backed Securities ETF,$46.5700,0.0700,0.15031135924414862%,up,2.96%
VNAM,Global X Funds Global X MSCI Vietnam ETF,$25.8000,-0.1500,-0.5813953488372093%,down,54.49%
VNIE,The Advisors Inner Circle Fund II Vontobel International Equit,$26.0421,0.4215,1.618533067609755%,up,1.65%
VNLA,Janus Henderson Short Duration Income ETF,$49.0300,0.0200,0.040791352233326535%,up,0.02%
VNM,VanEck Vietnam ETF,$18.7500,-0.2300,-1.2266666666666666%,down,42.37%
VNQ,Vanguard Real Estate ETF,$96.7700,0.1000,0.10333781130515655%,up,11.23%
VNQI,Vanguard Global ex-U.S. Real Estate ETF,$45.6100,-0.4900,-1.0743258057443543%,down,5.73%
VNSE,Natixis Vaughan Nelson Select ETF,$41.3220,0.2272,0.5498281786941581%,up,24.22%
VO,Vanguard Mid-Cap ETF,$78.0800,0.6700,0.858094262295082%,up,16.86%
VOE,Vanguard Mid-Cap Value ETF,$194.3700,1.7500,0.9003447034007306%,up,21.65%
VOLT,Tema Electrification ETF,$39.5900,0.5200,1.3134629957059862%,up,70.79%
VONE,Vanguard Russell 1000 ETF,$336.3200,1.2741,0.3788356327307326%,up,26.91%
VONG,Vanguard Russell 1000 Growth ETF,$128.6200,0.3000,0.2332452184730213%,up,26.59%
VONV,Vanguard Russell 1000 Value ETF,$103.6800,0.7300,0.7040895061728395%,up,26.52%
VOO,Vanguard S&P 500 ETF,$685.5500,2.7100,0.3953030413536577%,up,27.90%
VOOG,Vanguard S&P 500 Growth ETF,$82.1100,-0.0100,-0.01217878455730118%,down,33.71%
VOOV,Vanguard S&P 500 Value ETF,$220.1600,1.8500,0.8402979651162791%,up,21.49%
VOT,Vanguard Mid-Cap Growth ETF,$291.2000,2.3200,0.7967032967032966%,up,9.59%
VOTE,TCW Transform 500 ETF,$87.7053,0.3580,0.4081851381843515%,up,27.92%
VOX,Vanguard Communication Services  ETF,$195.5500,-0.3400,-0.17386857581181284%,down,23.97%
VOXP,Advisors Series Trust Vox Populi ETF,$38.5407,0.1499,0.3889394847524824%,up,26.68%
VPC,Virtus Private Credit Strategy ETF,$15.5200,-0.0800,-0.5154639175257733%,down,-23.85%
VPL,Vanguard FTSE Pacific ETF,$111.9100,-0.5400,-0.4825306049504066%,down,44.83%
VPLS,Vanguard Core Plus Bond ETF,$77.1269,0.0969,0.12563709937777867%,up,1.36%
VPU,Vanguard Utilities ETF,$196.4700,1.5400,0.7838346821397669%,up,13.53%
VRAI,Virtus Real Asset Income ETF,$28.1351,0.1082,0.384573006671382%,up,25.81%
VRIG,Invesco Variable Rate Investment Grade ETF,$25.0450,0.0100,0.039928129367139145%,up,0.14%
VRP,Invesco Variable Rate Preferred ETF,$24.2600,0.0300,0.12366034624896949%,up,0.75%
VRTL,GraniteShares 2x Long VRT Daily ETF,$161.3700,3.9200,2.4291999752122453%,up,517.80%
VSDA,VictoryShares Dividend Accelerator ETF,$55.4420,0.3021,0.5448937628512679%,up,10.03%
VSDB,Vanguard Malvern Funds Vanguard Short Duration Bond ETF,$76.0400,0.0400,0.052603892688058915%,up,1.02%
VSDM,Vanguard Tax-Managed Funds Vanguard Short Duration Tax-Exempt ,$76.1388,0.0188,0.024691747177523156%,up,1.73%
VSGX,Vanguard ESG International Stock ETF,$80.2100,-0.0400,-0.049869093629223295%,down,26.61%
VSHY,Virtus Newfleet Short Duration High Yield Bond ETF,$21.6700,0.0003,0.001384402399630826%,up,0.40%
VSLU,Applied Finance Valuation Large Cap ETF,$46.6576,0.1676,0.3592126470285656%,up,27.10%
VSMV,VictoryShares US Multi-Factor Minimum Volatility ETF,$60.6215,0.7916,1.3058073455787138%,up,25.04%
VSOL,VanEck Solana ETF,$11.2334,-0.4253,-3.7860309434365376%,down,-33.32%
VSS,Vanguard FTSE All-Wld ex-US SmCp Idx ETF,$159.3400,0.6100,0.38282917032760133%,up,26.58%
VSTL,Defiance Daily Target 2X Long VST ETF,$29.1100,2.5100,8.622466506355204%,up,-51.88%
VT,Vanguard Total World Stock Index ETF,$155.5700,0.3600,0.23140708362794885%,up,27.32%
VTC,Vanguard Total Corporate Bond ETF,$76.4364,0.1064,0.139200694956853%,up,1.48%
VTEB,Vanguard Tax-Exempt Bond ETF,$49.8800,0.0300,0.060144346431435444%,up,2.42%
VTEC,Vanguard California Tax-Exempt Bond ETF,$99.0800,0.1150,0.11606782398062172%,up,2.48%
VTEI,Vanguard Tax-Managed Funds Vanguard Intermediate-Term Tax-Exem,$99.9000,0.0800,0.08008008008008008%,up,2.22%
VTES,Vanguard Wellington Fund Vanguard Short-Term Tax Exempt Bond E,$100.8400,0.0700,0.06941689805632686%,up,0.76%
VTG,Vanguard Malvern Funds Vanguard Total Treasury ETF,$74.8124,0.0815,0.10893915981842583%,up,-0.57%
VTHR,Vanguard Russell 3000 ETF,$328.0500,1.3079,0.39868922420362757%,up,27.51%
VTI,Vanguard Total Stock Market ETF,$366.7900,1.7000,0.46348046566155016%,up,27.93%
VTIP,Vanguard Short-Term Inflation-Protected Securities Index Fund ,$50.2200,-0.0500,-0.09956192751891677%,down,0.62%
VTV,Vanguard Value ETF,$210.9000,1.8800,0.8914177335229967%,up,24.66%
VTWG,Vanguard Russell 2000 Growth ETF,$271.9493,3.1426,1.1555830443395148%,up,39.41%
VTWO,Vanguard Russell 2000 ETF,$115.2000,1.0500,0.9114583333333333%,up,40.27%
VTWV,Vanguard Russell 2000 Value ETF,$186.2436,1.1577,0.6216052524757898%,up,41.64%
VUG,Vanguard Growth ETF,$87.5400,0.0600,0.06854009595613433%,up,28.58%
VUSB,Vanguard Ultra-Short Bond ETF,$49.7400,0.0000,0%,unch,0.04%
VUSE,Vident U.S. Equity Strategy ETF,$70.3629,0.2929,0.41627050619005185%,up,17.03%
VUSV,Vanguard Wellington U.S. Value Active ETF,$67.2001,0.4609,0.6858620746100079%,up,12.92%
VV,Vanguard Large-Cap ETF,$343.0500,1.5300,0.4459991254919108%,up,27.83%
VWO,Vanguard FTSE Emerging Markets ETF,$58.9800,0.2800,0.4747371990505257%,up,23.91%
VWOB,Vanguard Emerging Markets Government Bond ETF,$66.3100,0.0900,0.13572613482129392%,up,4.28%
VXF,Vanguard Extended Market ETF,$230.8200,2.2500,0.9747855471796205%,up,27.26%
VXUS,Vanguard Total International Stock ETF,$84.4600,-0.1200,-0.14207909069381958%,down,26.95%
VXX,iPath S&P 500 VIX Short-Term Futures ETN,$26.4200,0.2100,0.7948523845571536%,up,-52.05%
VXZ,iPath S&P 500 VIX Mid-Term Futures ETN,$55.3300,0.2800,0.5060545816013013%,up,-6.18%
VYLD,J P Morgan Chase & Co Inverse VIX  Short-Term Futures ETNs due,$28.5684,-0.0329,-0.11516220719396256%,down,18.17%
VYM,Vanguard High Dividend Yield ETF,$158.7000,1.4500,0.9136735979836169%,up,24.72%
VYMI,Vanguard International High Dividend Yield ETF,$99.7600,-0.3900,-0.3909382518043304%,down,26.82%
WABF,Western Asset Bond ETF,$24.8922,0.0200,0.08034645390925672%,up,1.08%
WAMA,WisdomTree US Adaptive Moving Average Fund,$26.1890,0.1093,0.4173507961357822%,up,6.44%
WANT,Direxion Daily Consumer Discretionary Bull 3X ETF,$46.0900,0.5100,1.1065307008027772%,up,16.77%
WAR,ETF Series Solutions U.S. Global Technology and Aerospace & De,$32.9500,0.4600,1.3960546282245825%,up,50.49%
WBIF,WBI BullBear Value 3000 ETF,$33.2733,0.3989,1.1988591453207227%,up,20.03%
WBIG,WBI BullBear Yield 3000 ETF,$24.7289,0.2877,1.1634160840150594%,up,15.79%
WBIL,WBI BullBear Quality 3000 ETF,$38.0681,0.5616,1.4752509318825997%,up,23.89%
WBIY,WBI Power Factor High Dividend ETF,$35.0546,0.7306,2.0841772549109105%,up,23.89%
WCAP,Spinnaker ETF Series WarCap Unconstrained Equity ETF,$9.4092,0.0873,0.927815329677337%,up,-6.24%
WCBR,WisdomTree Cybersecurity Fund,$32.6941,0.8352,2.5545893601597847%,up,7.53%
WCEO,Hypatia Women CEO ETF,$36.0857,0.3087,0.8554635215611723%,up,29.06%
WCLD,WisdomTree Cloud Computing Fund,$30.2101,0.6201,2.0526247844264005%,up,-15.12%
WCME,First Trust Exchange-Traded Fund First Trust WCM Developing Wo,$19.1314,-0.1375,-0.7187137376250563%,down,26.78%
WCMI,First Trust Exchange-Traded Fund First Trust WCM International,$18.9000,-0.0650,-0.34391534391534395%,down,23.53%
WCPB,Northern Lights Fund Trust II Weitz Core Plus Bond ETF,$25.2290,0.0290,0.11494708470411037%,up,0.47%
WDAF,WisdomTree Asia Defense Fund,$33.8919,0.4839,1.4277747780443115%,up,9.69%
WDCX,Investment Managers Series Trust II Tradr 2X Long WDC Daily ET,$82.2700,-0.9600,-1.1668895101495078%,down,199.38%
WDGF,WisdomTree Global Defense Fund,$32.3317,0.3768,1.1654196964588934%,up,5.40%
WDIV,State Street SPDR S&P Global Dividend ETF,$81.4842,-0.1228,-0.15070406287353869%,down,19.62%
WDTE,Defiance S&P 500 Weekly Distribution ETF,$30.9000,0.1294,0.41877022653721685%,up,-7.73%
WEAT,Teucrium Wheat Fund ETV,$24.5500,0.0500,0.20366598778004072%,up,5.82%
WEBL,Direxion Daily Dow Jones Internet Bull 3X ETF,$26.2200,0.6200,2.364607170099161%,up,5.77%
WEBS,Direxion Daily Dow Jones Internet Bear 3X ETF,$18.0200,-0.4600,-2.5527192008879025%,down,-29.99%
WEED,Listed Funds Trust Roundhill Cannabis ETF,$19.5200,-0.3800,-1.9467213114754098%,down,79.09%
WEEI,Westwood Salient Enhanced Energy Income ETF,$24.5403,0.0848,0.34555404783152616%,up,22.33%
WEEK,Roundhill ETF Trust Roundhill Weekly T-Bill ETF,$100.0500,0.0100,0.009995002498750625%,up,0.02%
WEEL,Tidal Trust II Peerless Option Income Wheel ETF,$20.4012,0.0135,0.06617257808364214%,up,7.33%
WGMI,CoinShares Bitcoin Mining ETF,$61.9300,0.3400,0.5490069433231067%,up,241.97%
WIMA,WisdomTree International Adaptive Moving Average Fund,$42.0184,-0.0158,-0.03760257411038974%,down,7.40%
WINN,Harbor ETF Trust Harbor Long-Term Growers ETF,$32.7000,0.0500,0.1529051987767584%,up,21.11%
WIP,State Street SPDR FTSE International Government Inflation-Prot,$40.3000,0.1114,0.2764267990074442%,up,5.71%
WISE,Themes Generative Artificial Intelligence ETF,$40.1782,0.6697,1.6668242977535082%,up,24.89%
WLDR,Simplify Affinity World Leaders Equity ETF,$43.4200,0.6350,1.4624596959926301%,up,39.68%
WLDU,Themes ETF Trust Leverage Shares 2x Long World Stock Daily ETF,$17.2068,0.0598,0.34753702024780897%,up,14.80%
WLTG,ETF Opportunities Trust WealthTrust DBS Long Term Growth ETF,$37.1754,0.0315,0.08473345276715247%,up,23.85%
WNTR,Tidal Trust II YieldMax  MSTR Short Option Income Strategy ETF,$23.3100,0.3800,1.6302016302016302%,up,-38.93%
WOMN,Tidal Trust III Impact Shares Women's Empowerment ETF,$42.8755,0.3094,0.7216242376182201%,up,11.95%
WOOD,iShares Global Timber & Forestry ETF,$65.7227,-0.3968,-0.6037487808626243%,down,-11.78%
WRND,NYLI Global Equity R&D Leaders ETF,$42.1342,0.2251,0.5342453398901604%,up,36.97%
WSGE,Warren Street Global Equity ETF,$27.5146,0.0629,0.22860590377472323%,up,10.20%
WSML,iShares MSCI World Small-Cap ETF,$34.2342,0.1315,0.38411880517143676%,up,30.14%
WTAI,WisdomTree Trust WisdomTree Artificial Intelligence and Innova,$41.6200,0.0400,0.09610764055742432%,up,87.39%
WTBN,WisdomTree Bianco Total Return Fund,$25.1750,0.0800,0.31777557100297915%,up,0.80%
WTID,Bank Of Montreal MicroSectors Energy 3X Inverse Leveraged ETNs,$4.4600,-0.0700,-1.5695067264573994%,down,-74.39%
WTIP,WisdomTree Inflation Plus Fund,$38.8950,-0.1818,-0.46741226378711914%,down,30.11%
WTIU,Bank Of Montreal MicroSectors Energy 3X Leveraged ETNs,$18.2300,0.1961,1.0756993965990125%,up,117.80%
WTMF,WisdomTree Managed Futures Strategy Fund,$41.0900,-0.0100,-0.024336821611097587%,down,18.41%
WTMU,WisdomTree Core Laddered Municipal Fund,$25.5050,0.0050,0.019603999215840034%,up,1.98%
WTMY,WisdomTree High Income Laddered Municipal Fund,$25.1550,0.0100,0.03975352812562115%,up,1.37%
WTPI,WisdomTree Equity Premium Income Fund,$33.3750,0.0350,0.10486891385767792%,up,5.82%
WTRE,WisdomTree New Economy Real Estate Fund,$26.0351,0.0188,0.07221020852618197%,up,45.32%
WTV,WisdomTree U.S. Value Fund,$101.8600,1.4500,1.4235224818378167%,up,22.71%
WUGI,AXS Esoterica NextG Economy ETF,$84.5670,0.6980,0.8253810588054442%,up,12.59%
WULX,Investment Managers Series Trust II Tradr 2X Long WULF Daily E,$42.7800,1.0700,2.501168770453483%,up,64.53%
WWJD,Inspire International ETF,$39.2200,0.0000,0%,unch,17.50%
WXET,Listed Funds Trust Teucrium 2x Daily Wheat ETF,$21.5248,-0.1029,-0.47805322232959196%,down,2.55%
WZRD,ETF Opportunities Trust Opportunistic Trader ETF,$7.6459,-0.5078,-6.6414679763010245%,down,-69.40%
XAIX,Xtrackers Artificial Intelligence and Big Data ETF,$54.0500,0.0463,0.08566142460684552%,up,55.76%
XAPR,FT Vest U.S. Equity Enhance & Moderate Buffer ETF - April,$37.5450,0.0450,0.11985617259288853%,up,9.13%
XAR,State Street SPDR S&P Aerospace & Defense ETF,$271.1800,4.8100,1.773729626078619%,up,46.64%
XAUG,FT Vest U.S. Equity Enhance & Moderate Buffer ETF - August,$38.8080,0.0230,0.05926613069470212%,up,11.32%
XB,BondBloxx ETF Trust BondBloxx B-Rated USD High Yield Corporate,$39.1523,0.0423,0.10803962985571729%,up,0.75%
XBAP,Innovator U.S. Equity Accelerated 9 Buffer ETF - April,$41.6305,0.0368,0.08839672836021667%,up,16.59%
XBB,BondBloxx ETF Trust BondBloxx BB-Rated USD High Yield Corporat,$40.8000,-0.0401,-0.0982843137254902%,down,1.26%
XBCI,NEOS Boosted Bitcoin High Income ETF,$44.8900,-1.3706,-3.0532412564045446%,down,-9.21%
XBFR,Innovator ETFs Trust Innovator Equity Managed 10 Buffer ETF,$26.3178,0.0871,0.3309547150597694%,up,4.49%
XBI,State Street SPDR S&P Biotech ETF,$131.6600,-1.1200,-0.8506759835941061%,down,66.13%
XBIL,US Treasury 6 Month Bill ETF,$50.1450,0.0250,0.04985541928407618%,up,0.09%
XBJA,Innovator ETFs Trust Innovator U.S. Equity Accelerated 9 Buffe,$33.5400,0.0515,0.15354800238521168%,up,15.37%
XBJL,Innovator U.S. Equity Accelerated 9 Buffer ETF - July,$39.7200,-0.0150,-0.0377643504531722%,down,13.41%
XBOC,Innovator U.S. Equity Accelerated 9 Buffer ETF - October,$35.1840,0.0040,0.01136880400181901%,up,14.64%
XBTY,GraniteShares YieldBOOST Bitcoin ETF,$6.5200,-0.0983,-1.5076687116564418%,down,-75.38%
XC,WisdomTree True Emerging Markets Fund,$31.5058,-0.0042,-0.013330878758831707%,down,-2.46%
XCCC,BondBloxx ETF Trust BondBloxx CCC-Rated USD High Yield Corpora,$36.6900,-0.0800,-0.21804306350504227%,down,-2.94%
XCEM,Columbia EM Core ex-China ETF,$49.4000,-0.0500,-0.10121457489878542%,down,54.81%
XCHG,AB Active ETFs Inc. AB US Equity ETF,$26.6593,0.0521,0.19542898725772995%,up,6.72%
XCLR,Global X Funds Global X S&P 500 Collar 95-110 ETF,$27.4846,0.0537,0.1953821412718395%,up,1.70%
XCNY,State Street SPDR S&P Emerging Markets ex-China ETF,$32.4578,0.2739,0.8438649569594981%,up,29.34%
XCOR,FundX Investment Trust FundX ETF,$88.9958,0.1064,0.1195562037759085%,up,28.55%
XDAT,Franklin Exponential Data ETF,$24.3402,0.1606,0.6598138059670833%,up,-5.20%
XDEC,FT Vest U.S. Equity Enhance & Moderate Buffer ETF - December,$42.5309,0.0259,0.06089690084150581%,up,12.99%
XDEF,Xtrackers Europe Defense Technologies ETF,$22.0140,0.1694,0.7695103116198782%,up,-12.09%
XDIV,Roundhill ETF Trust Roundhill S&P 500 No Dividend Target ETF,$30.3800,0.1400,0.46082949308755766%,up,20.27%
XDQQ,Innovator Growth Accelerated ETF - Quarterly,$40.4349,0.0049,0.012118244387892637%,up,18.59%
XDSQ,Innovator ETFs Trust Innovator U.S. Equity Accelerated ETF - Q,$42.6231,0.0831,0.19496470223892676%,up,17.74%
XDTE,Roundhill ETF Trust Roundhill S&P 500 0DTE Covered Call Strate,$39.6000,0.1650,0.41666666666666663%,up,-7.51%
XEMD,BondBloxx ETF Trust BondBloxx JP Morgan USD Emerging Markets 1,$44.6426,0.0626,0.14022480769489234%,up,5.44%
XEML,DBX ETF Trust Xtrackers Europe Market Leaders ETF,$25.5716,-0.0821,-0.3210593001611163%,down,1.30%
XES,State Street SPDR S&P Oil & Gas Equipment & Services ETF,$129.5800,-0.4300,-0.33184133353912637%,down,117.16%
XFEB,First Trust Exchange-Traded Fund VIII FT Vest U.S. Equity Enha,$37.1700,0.0400,0.10761366693570083%,up,13.05%
XFIV,BondBloxx ETF Trust BondBloxx Bloomberg Five Year Target Durat,$48.4707,0.0107,0.02207519181691207%,up,-0.11%
XFLX,FundX Investment Trust FundX Flexible ETF,$22.5400,0.0150,0.06654835847382432%,up,-4.35%
XHB,State Street SPDR S&P Homebuilders ETF,$100.0100,0.4500,0.44995500449955%,up,5.11%
XHE,State Street SPDR S&P Health Care Equipment ETF,$81.1200,-0.0600,-0.07396449704142011%,down,0.88%
XHLF,BondBloxx ETF Trust BondBloxx Bloomberg Six Month Target Durat,$50.2903,0.0203,0.04036563711093391%,up,0.02%
XHS,State Street SPDR S&P Health Care Services ETF,$113.6882,0.4276,0.3761164307289587%,up,18.61%
XIDE,FT Vest U.S. Equity Buffer & Premium Income  ETF - December,$30.3850,0.0300,0.09873292743129833%,up,1.36%
XIDV,Franklin International Dividend Booster Index ETF,$38.2500,-0.2903,-0.7589542483660131%,down,25.24%
XIJN,First Trust Exchange-Traded Fund VIII FT Vest U.S. Equity Buff,$30.8400,0.0150,0.048638132295719845%,up,0.39%
XIMR,First Trust Exchange-Traded Fund VIII FT Vest U.S. Equity Buff,$31.5750,0.0300,0.09501187648456057%,up,2.24%
XISE,FT Vest U.S. Equity Buffer & Premium Income ETF - September,$30.4800,0.0300,0.09842519685039369%,up,1.04%
XITK,State Street SPDR FactSet Innovative Technology ETF,$196.6500,6.4481,3.278972794304602%,up,9.91%
XJAN,First Trust Exchange-Traded Fund VIII FT Vest U.S. Equity Enha,$38.1801,0.0601,0.1574118454378066%,up,12.79%
XJH,iShares ESG Select Screened S&P Mid-Cap ETF,$49.4800,0.2900,0.5860953920776071%,up,23.73%
EAPR,Innovator Emerging Markets Power Buffer ETF April,$32.4995,-0.0778,-0.239388298281512%,down,19.33%
EART,Global X Rare Earth & Critical Materials ETF,$31.9674,0.2074,0.6487859506872625%,up,111.99%
EASG,Xtrackers MSCI EAFE Selection Equity ETF,$37.8950,-0.0188,-0.04961076659189867%,down,15.13%
EASY,Liberty One Defensive Dividend Growth ETF,$26.6988,0.1228,0.45994576535275%,up,4.66%
EBI,Longview Advantage ETF,$63.7623,0.2598,0.40745079772843823%,up,32.26%
EBIT,Harbor ETF Trust Harbor AlphaEdge Small Cap Earners ETF,$37.4681,0.2151,0.5740883578297272%,up,25.94%
EBIZ,Global X E-commerce ETF,$27.6327,-0.0773,-0.2797410314591046%,down,-6.90%
EBND,State Street SPDR Bloomberg Emerging Markets Local Bond ETF,$20.7800,-0.0100,-0.04812319538017324%,down,0.00%
EBUF,Innovator Emerging Markets 10 Buffer ETF - Quarterly,$31.3052,-0.0948,-0.3028250897614454%,down,15.73%
ECH,iShares Inc. iShares MSCI Chile ETF,$40.2900,-0.4600,-1.141722511789526%,down,23.46%
ECML,EA Series Trust Euclidean Fundamental Value ETF,$37.9102,0.2425,0.639669534848141%,up,25.44%
ECNS,iShares MSCI China Small-Cap ETF,$31.6500,-0.0700,-0.22116903633491314%,down,9.74%
ECON,Columbia Research Enhanced Emerging Economies ETF,$34.2756,0.1065,0.3107166614151175%,up,50.04%
ECOW,Pacer Emerging Markets Cash Cows 100 ETF,$27.4352,-0.0515,-0.18771505219571935%,down,27.19%
EDC,Direxion Daily MSCI Emerging Markets Bull 3X ETF,$83.2900,-0.8100,-0.9725057029655421%,down,145.69%
EDEN,iShares Inc iShares MSCI Denmark ETF,$112.4915,-0.2605,-0.23157305218616517%,down,-0.85%
EDGE,EA Series Trust MRBL Enhanced Equity ETF,$48.8962,0.1556,0.31822513814979486%,up,30.01%
EDGF,The Advisors Inner Circle Fund II 3EDGE Dynamic Fixed Income E,$24.7800,0.0100,0.04035512510088781%,up,0.12%
EDGH,The Advisors Inner Circle Fund II 3EDGE Dynamic Hard Assets ET,$34.5600,-0.1600,-0.4629629629629629%,down,31.71%
EDGI,The Advisors Inner Circle Fund II 3EDGE Dynamic International ,$30.7312,-0.0288,-0.09371583276930286%,down,21.50%
EDGU,The Advisors Inner Circle Fund II 3EDGE Dynamic US Equity ETF,$31.2100,0.1500,0.4806151874399231%,up,25.86%
EDIV,State Street SPDR S&P Emerging Markets Dividend ETF,$41.1000,-0.1000,-0.24330900243309%,down,8.13%
EDOG,ALPS Emerging Sector Dividend Dogs ETF,$24.3890,-0.1660,-0.680634712370331%,down,10.52%
EDOW,First Trust Dow 30 Equal Weight ETF,$43.7691,0.2762,0.6310387922072878%,up,19.77%
EDV,Vanguard Extended Duration Treasury ETF,$62.5900,0.4800,0.7668956702348617%,up,-0.38%
EDZ,Direxion Daily MSCI Emerging Markets Bear 3X ETF,$18.0400,0.1400,0.7760532150776055%,up,-71.90%
EEE,CYBER HORNET S&P 500 and Ethereum 75/25 Strategy ETF,$20.7643,-0.1073,-0.5167523104559268%,down,-0.78%
EELV,Invesco S&P Emerging Markets Low Volatility ETF,$28.4701,-0.0499,-0.17527160073199605%,down,10.61%
EEM,iShares MSCI Emerging Index Fund,$65.8800,-0.1500,-0.22768670309653918%,down,43.09%
EEMA,iShares MSCI Emerging Markets Asia ETF,$113.0100,0.1000,0.08848774444739403%,up,44.92%
EEMO,Invesco S&P Emerging Markets Momentum ETF,$22.2239,-0.1001,-0.45041599359248374%,down,38.73%
EEMS,iShares MSCI Emerging Markets Small Cap ETF,$76.8500,1.1603,1.509824333116461%,up,26.58%
EEMV,iShares MSCI Emerging Markets Min Vol Factor ETF,$72.5500,0.2400,0.33080634045485874%,up,18.08%
EEMX,State Street SPDR MSCI Emerging Markets Fossil Fuel Reserves F,$51.6341,-0.1139,-0.2205906561748922%,down,44.95%
EES,WisdomTree U.S. SmallCap Fund,$63.5800,0.5200,0.8178672538534131%,up,30.53%
EET,ProShares Ultra MSCI Emerging Markets,$110.3291,-0.6488,-0.5880588167582261%,down,90.01%
EETH,ProShares Ether ETF,$25.3500,-0.9300,-3.6686390532544375%,down,-48.09%
EEV,ProShares UltraShort MSCI Emerging Markets,$12.3018,0.0518,0.42107659041766243%,up,-56.24%
EFA,iShares MSCI EAFE ETF,$103.9800,-0.2100,-0.2019619157530294%,down,18.27%
EFAA,Invesco Actively Managed Exchange-Traded Fund Trus Invesco MSC,$55.1500,-0.0200,-0.03626473254759746%,down,9.38%
EFAD,ProShares Trust ProShares MSCI EAFE Dividend Growers ETF,$42.5238,-0.2050,-0.4820829747106326%,down,1.49%
EFAS,Global X MSCI SuperDividend EAFE ETF,$22.0700,-0.1700,-0.7702763932940643%,down,26.69%
EFAV,iShares MSCI EAFE Min Vol Factor ETF,$91.4500,-0.6400,-0.6998359759431383%,down,9.36%
EFAX,State Street SPDR MSCI EAFE Fossil Fuel Reserves Free ETF,$53.7082,-0.1085,-0.20201756901180826%,down,15.46%
EFFE,Harbor ETF Trust Harbor Osmosis Emerging Markets Resource Effi,$27.1104,0.2397,0.8841625354107648%,up,25.39%
EFFI,Harbor ETF Trust Harbor Osmosis International Resource Efficie,$25.3000,-0.0487,-0.1924901185770751%,down,15.18%
EFG,iShares MSCI EAFE Growth ETF,$121.4800,0.0450,0.03704313467237405%,up,12.04%
EFIV,State Street SPDR S&P 500 ESG ETF,$71.9300,0.1100,0.1529264562769359%,up,30.65%
EFNL,iShares Inc iShares MSCI Finland ETF,$56.7400,0.7400,1.3041945717307013%,up,39.79%
EFO,ProShares Ultra MSCI EAFE,$71.7628,-0.3188,-0.44424130608058765%,down,35.14%
EFRA,iShares Environmental Infrastructure and Industrials ETF,$34.6153,0.2799,0.8086019765826095%,up,6.11%
EFU,ProShares UltraShort MSCI EAFE,$7.5800,0.0000,0%,unch,-34.44%
EFV,iShares MSCI EAFE Value ETF,$78.6500,-0.3400,-0.4322949777495232%,down,24.54%
EFZ,ProShares Short MSCI EAFE,$11.7620,0.0171,0.14538343819078386%,up,-17.98%
EGGQ,NestYield Visionary ETF,$57.6656,0.4426,0.7675286479287479%,up,43.28%
EGGS,Tidal Trust III NestYield Total Return Guard ETF,$40.7230,0.3231,0.7934091299756895%,up,9.01%
EGGY,NestYield Dynamic Income ETF,$40.2600,0.3100,0.7699950322901143%,up,9.50%
EGLE,Global X Funds Global X S&P 500 U.S. Revenue Leaders ETF,$,,,null,13.89%
EGUS,iShares Trust iShares ESG Aware MSCI USA Growth ETF,$57.7725,0.2007,0.3473971180059717%,up,32.08%
EHLS,Even Herd Long Short ETF,$27.1450,-0.0307,-0.11309633449990791%,down,25.12%
EIDO,iShares MSCI Indonesia ETF,$13.0900,0.0100,0.07639419404125286%,up,-30.78%
EINC,VanEck Energy Income ETF,$125.4600,2.0050,1.5981189223656944%,up,32.23%
EIPI,First Trust Exchange-Traded Fund VIII FT Energy Income Partner,$22.7100,0.0800,0.35226772346983704%,up,18.65%
EIPX,First Trust Exchange-Traded Fund IV FT Energy Income Partners ,$32.8100,0.1500,0.45717768972874123%,up,32.12%
EIRL,iShares Trust iShares MSCI Ireland ETF,$74.9325,0.3305,0.4410636239282021%,up,16.92%
EIS,iShares Inc iShares MSCI Israel ETF,$133.8300,1.1200,0.8368826122692969%,up,65.04%
EJAN,Innovator Emerging Markets Power Buffer ETF January,$35.6300,-0.1300,-0.36486107213022734%,down,14.53%
EJUL,Innovator Emerging Markets Power Buffer ETF July,$30.9360,-0.0540,-0.17455391776570986%,down,18.22%
EKG,First Trust Nasdaq Lux Digital Health Solutions ETF,$16.6688,0.0218,0.13078325974275293%,up,1.83%
ELCV,Strategy Shares Eventide High Dividend ETF,$31.5600,0.3000,0.9505703422053232%,up,29.93%
ELD,WisdomTree Emerging Markets Local Debt Fund,$28.6270,0.0970,0.33884095434380135%,up,4.71%
ELFY,ALPS Electrification Infrastructure ETF,$44.2784,0.5792,1.3080870130808702%,up,47.79%
ELIL,Direxion Daily LLY Bull 2X ETF,$25.2016,1.0906,4.327503015681544%,up,54.87%
ELM,Series Portfolios Trust Elm Market Navigator ETF,$29.0100,0.0600,0.20682523267838676%,up,15.91%
EMB,iShares J.P. Morgan USD Emerging Markets Bond ETF,$95.1700,0.1800,0.18913523169065882%,up,5.93%
EMBD,Global X Emerging Markets Bond ETF,$23.7400,0.1300,0.5475989890480203%,up,4.31%
EMC,Global X Funds Global X Emerging Markets Great Consumer ETF,$36.1915,-0.0107,-0.029564953096721604%,down,29.88%
EMCB,WisdomTree Emerging Markets Corporate Bond Fund,$66.0750,0.1250,0.1891789632992811%,up,2.24%
EMCR,Xtrackers Emerging Markets Carbon Reduction and Climate Improv,$43.1534,-0.0858,-0.19882558500604822%,down,38.22%
EMCS,Xtrackers MSCI Emerging Markets Climate Selection ETF,$43.9425,-0.3743,-0.851794959321841%,down,47.92%
EMDM,First Trust Exchange-Traded Fund II First Trust Bloomberg Emer,$41.0080,-0.2531,-0.6171966445571595%,down,75.17%
EMDV,ProShares MSCI Emerging Markets Dividend Growers ETF,$46.9298,-0.0692,-0.14745428277981154%,down,4.97%
EMEQ,Nomura Focused Emerging Markets Equity ETF,$63.4592,-0.9092,-1.4327315818667743%,down,132.61%
EMES,Harbor ETF Trust Harbor Emerging Markets Select ETF,$27.3577,-0.1166,-0.4262054193152202%,down,38.97%
EMET,VanEck Copper and Green Metals ETF,$43.8771,0.1479,0.33707788345173223%,up,105.06%
EMGF,iShares Emerging Markets Equity Factor ETF,$70.7800,-0.3300,-0.4662333992653292%,down,42.56%
EMHC,State Street SPDR Bloomberg Emerging Markets USD Bond ETF,$25.0685,0.0522,0.20822945130342863%,up,4.73%
EMHY,iShares J.P. Morgan EM High Yield Bond ETF,$40.1350,0.0650,0.16195340725052948%,up,5.55%
EMIF,iShares Emerging Markets Infrastructure ETF,$27.3652,-0.2598,-0.9493809656059519%,down,17.95%
EMLC,VanEck J. P. Morgan EM Local Currency Bond ET,$25.3400,0.0100,0.03946329913180742%,up,3.34%
EMLP,First Trust North American Energy Infrastructure Fund,$44.5700,0.3200,0.7179717298631366%,up,22.14%
EMM,Global X Funds Global X Emerging Markets ex-China ETF,$42.8500,0.0528,0.12322053675612603%,up,53.10%
EMMF,WisdomTree Emerging Markets Multifactor Fund,$37.6884,0.0072,0.019104021396503964%,up,35.90%
EMNT,PIMCO Enhanced Short Maturity Active ESG Exchange-Traded Fund,$98.8400,0.0200,0.020234722784297856%,up,0.20%
EMOP,AB Active ETFs Inc. AB Emerging Markets Opportunities ETF,$50.4800,-0.2500,-0.49524564183835185%,down,44.27%
EMOT,First Trust Exchange-Traded Fund VI First Trust S&P 500 Econom,$26.0156,0.3116,1.197742892725903%,up,18.19%
EMPB,EA Series Trust Efficient Market Portfolio Plus ETF,$32.1502,0.1189,0.36982662627293145%,up,20.13%
EMQQ,EMQQ The Emerging Markets Internet ETF,$32.3700,-0.5100,-1.5755329008341057%,down,-18.75%
EMSF,Matthews International Funds Matthews Emerging Markets Sustain,$39.1522,0.2468,0.6303604905982294%,up,53.72%
EMTL,State Street DoubleLine Emerging Markets Fixed Income ETF,$42.6800,-0.0300,-0.07029053420805999%,down,0.42%
EMTY,ProShares Decline of the Retail Store ETF,$12.1364,-0.0397,-0.32711512474868987%,down,-4.06%
EMXC,iShares MSCI Emerging Markets ex China ETF,$95.6000,0.0100,0.010460251046025106%,up,61.02%
EMXF,iShares ESG Advanced MSCI EM ETF,$55.0163,-0.0512,-0.0930633285044614%,down,35.04%
ENDW,Cambria Endowment Style ETF,$33.7900,0.0392,0.1160106540396567%,up,26.02%
ENFR,Alerian Energy Infrastructure ETF,$40.2900,0.3900,0.9679821295606851%,up,29.51%
ENHI,iShares Enhanced International Active ETF,$26.4747,-0.1139,-0.4302220610620706%,down,7.92%
ENHU,iShares Enhanced Large Cap Core Active ETF,$27.6180,0.0940,0.3403577377072924%,up,10.70%
ENOR,iShares Inc iShares MSCI Norway ETF,$37.7000,-0.4000,-1.0610079575596816%,down,39.17%
ENZL,iShares MSCI New Zealand ETF,$44.5200,0.0800,0.17969451931716082%,up,-1.24%
EOCT,Innovator Emerging Markets Power Buffer ETF - October,$33.8011,0.0511,0.15117851194191906%,up,23.77%
EPEM,Harbor ETF Trust Harbor Emerging Markets Equity ETF,$28.7059,0.0709,0.2469875530814223%,up,42.85%
EPHE,iShares MSCI Philippines ETF,$24.7200,0.0900,0.3640776699029126%,up,-9.35%
EPI,WisdomTree India Earnings Fund,$42.3700,0.2800,0.6608449374557471%,up,-7.49%
EPIN,Harbor ETF Trust Harbor International Equity ETF,$26.8950,0.0534,0.19854991634132738%,up,34.24%
EPMB,Harbor ETF Trust Harbor Mid Cap Core ETF,$25.7156,0.2972,1.155718707710495%,up,25.70%
EPMV,Harbor ETF Trust Harbor Mid Cap Value ETF,$25.9766,0.3430,1.3204191464625856%,up,26.51%
EPOL,iShares Trust iShares MSCI Poland ETF,$39.9500,0.1900,0.47559449311639546%,up,33.21%
EPP,iShares MSCI Pacific Ex-Japan Index Fund,$54.9800,-0.4000,-0.7275372862859222%,down,15.17%
EPRF,Innovator S&P Investment Grade Preferred ETF,$16.8652,-0.0348,-0.20634205345919404%,down,-3.01%
EPS,WisdomTree U.S. LargeCap Fund,$77.8781,0.3681,0.4726617624210143%,up,28.47%
EPSB,Harbor ETF Trust Harbor SMID Cap Core ETF,$26.5910,0.3210,1.207175360084239%,up,29.50%
EPSV,Harbor ETF Trust Harbor SMID Cap Value ETF,$29.2568,0.4213,1.4400071094583142%,up,39.70%
EPU,iShares MSCI Peru and Global Exposure ETF,$82.6000,-0.9100,-1.1016949152542375%,down,80.51%
EPV,ProShares UltraShort FTSE Europe ETF,$18.9723,0.1523,0.8027492713060619%,up,-31.61%
EQAL,Invesco Russell 1000 Equal Weight ETF,$58.4400,0.5300,0.9069130732375086%,up,23.55%
EQIN,Columbia U.S. Equity Income ETF,$50.7599,0.4923,0.9698600667061992%,up,15.92%
EQL,ALPS Equal Sector Weight ETF,$50.5900,0.2400,0.47440205574224154%,up,19.79%
EQLT,iShares Trust iShares MSCI Emerging Markets Quality Factor ETF,$38.4940,-0.1415,-0.36758975424741513%,down,48.64%
EQRR,ProShares Equities for Rising Rates ETF,$78.9554,0.8487,1.0749106457569717%,up,36.74%
EQTY,Valued Advisers Trust Kovitz Core Equity ETF,$27.5300,0.1600,0.5811841627315656%,up,16.26%
EQWL,Invesco S&P 100 Equal Weight ETF,$126.7400,0.8800,0.6943348587659777%,up,21.54%
ERET,iShares Environmentally Aware Real Estate ETF,$28.9546,-0.0654,-0.2258708460831785%,down,11.88%
ERTH,Invesco MSCI Sustainable Future ETF,$49.5606,-0.0868,-0.17513912260949221%,down,17.92%
ERX,Direxion Daily Energy Bull 2X ETF,$95.5400,1.2500,1.3083525225036634%,up,99.83%
ERY,Direxion Daily Energy Bear 2X ETF,$10.7300,-0.1100,-1.0251630941286114%,down,-57.11%
ESG,FlexShares STOXX US ESG Select Index Fund,$172.7091,0.9750,0.5645330790328941%,up,24.06%
ESGD,iShares ESG Aware MSCI EAFE ETF,$102.7700,-0.0700,-0.06811326262527977%,down,17.14%
ESGE,iShares ESG Aware MSCI EM ETF,$52.5200,-0.1300,-0.24752475247524752%,down,41.72%
ESGG,FlexShares STOXX Global ESG Select Index Fund,$227.6869,0.8071,0.354478013447414%,up,28.27%
ESGU,iShares ESG Aware MSCI USA ETF,$162.7200,0.8100,0.497787610619469%,up,27.53%
ESGV,Vanguard ESG U.S. Stock ETF,$131.4700,0.5300,0.40313379478207956%,up,27.50%
ESIM,Strategy Shares Eventide International ETF,$28.6621,0.0363,0.12664808231078672%,up,15.38%
ESK,ETF Opportunities Trust REX-Osprey ETH + Staking ETF,$12.6239,-0.4625,-3.6636855488398985%,down,-46.35%
ESLG,Strategy Shares Eventide Large Cap Growth ETF,$27.1550,0.2860,1.0532130362732461%,up,8.24%
ESLV,Strategy Shares Eventide Large Cap Value ETF,$27.6116,0.1916,0.6939112546900579%,up,10.14%
ESML,iShares ESG Aware MSCI USA Small-Cap ETF,$52.2000,0.3500,0.6704980842911877%,up,32.99%
ESMV,iShares ESG Optimized MSCI USA Min Vol Factor ETF,$30.0682,0.2969,0.9874219274848511%,up,5.74%
ESN,Essential 40 Stock ETF,$19.6429,0.1479,0.7529438117589562%,up,28.28%
ESPO,VanEck Video Gaming and eSports ETF,$89.1000,-0.0081,-0.00909090909090909%,down,-9.43%
ESSC,Strategy Shares Eventide Small Cap ETF,$29.4800,0.3059,1.037652645861601%,up,17.93%
ESUM,Strategy Shares Eventide US Market ETF,$29.2500,0.2400,0.8205128205128205%,up,18.38%
ETCO,Grayscale Funds Trust Grayscale Ethereum Covered Call ETF,$10.7682,-0.3601,-3.3441057929830422%,down,-68.58%
ETEC,iShares Breakthrough Environmental Solutions ETF,$30.8555,0.6555,2.12441866117872%,up,57.10%
ETH,Grayscale Ethereum Staking Mini ETF Shares,$19.6000,-0.7300,-3.724489795918367%,down,-21.10%
ETHA,iShares Ethereum Trust ETF,$15.5700,-0.5800,-3.7251123956326264%,down,-22.11%
ETHB,iShares Staked Ethereum Trust ETF,$26.5500,-1.0000,-3.766478342749529%,down,-0.46%
ETHD,ProShares Trust ProShares UltraShort Ether ETF,$61.5700,4.2800,6.951437388338476%,up,-59.17%
ETHE,Grayscale Ethereum Staking ETF Shares,$16.7300,-0.6200,-3.705917513448894%,down,-23.57%
ETHO,Amplify ETF Trust Amplify Etho Climate Leadership U.S. ETF,$75.0100,0.6800,0.9065457938941474%,up,33.20%
ETHT,ProShares Trust ProShares Ultra Ether ETF,$13.7400,-1.1000,-8.005822416302767%,down,-69.90%
ETHU,Volatility Shares Trust 2x Ether ETF,$20.7300,-1.6600,-8.007718282682102%,down,-68.59%
ETHV,VanEck Ethereum ETF,$30.1800,-1.1000,-3.644797879390325%,down,-21.81%
ETHW,Bitwise Ethereum ETF Common shares of beneficial interest,$14.7600,-0.5700,-3.8617886178861784%,down,-21.99%
ETRL,GraniteShares 2x Long ETOR Daily ETF,$14.0555,0.8455,6.015438796200775%,up,-44.15%
ETU,T-REX 2X Long Ether Daily Target ETF,$5.4800,-0.4400,-8.02919708029197%,down,-67.44%
EUAD,Spinnaker ETF Series Select STOXX Europe Aerospace & Defense E,$40.0700,0.2800,0.6987771400049914%,up,1.75%
EUDG,WisdomTree Europe Quality Dividend Growth Fund,$38.4427,-0.1470,-0.3823872932962565%,down,11.16%
EUDV,ProShares MSCI Europe Dividend Growers ETF,$53.7562,-0.2079,-0.3867460869629922%,down,0.42%
EUFN,iShares MSCI Europe Financials ETF,$38.1600,-0.3400,-0.8909853249475892%,down,20.19%
EUHY,iShares Euro High Yield Corporate Bond USD Hedged ETF,$53.3221,-0.0429,-0.08045444571762927%,down,2.05%
EUM,ProShares Short MSCI Emerging Markets,$16.4900,0.0400,0.24257125530624624%,up,-32.50%
EUO,ProShares UltraShort Euro,$29.5292,0.0592,0.20047952535117783%,up,-0.68%
EURL,Direxion Daily FTSE Europe Bull 3X ETF,$45.6400,-0.2900,-0.635407537248028%,down,41.65%
EUSA,iShares MSCI USA Equal Weighted ETF,$111.0100,1.0980,0.9891000810737772%,up,16.69%
EUSB,iShares ESG Advanced Universal USD Bond ETF,$43.1900,0.0200,0.0463070155128502%,up,1.29%
EVHY,Morgan Stanley ETF Trust Eaton Vance High Yield ETF,$52.3343,0.0720,0.13757707660176977%,up,-0.22%
EVIM,Morgan Stanley ETF Trust Eaton Vance Intermediate Municipal In,$52.6200,0.0300,0.05701254275940707%,up,3.14%
EVLN,Morgan Stanley ETF Trust Eaton Vance Floating-Rate ETF,$48.9600,0.0000,0%,unch,-1.77%
EVLU,iShares Trust iShares MSCI Emerging Markets Value Factor ETF,$40.1058,-0.0135,-0.03366096674296486%,down,52.10%
EVMO,Morgan Stanley ETF Trust Eaton Vance Mortgage Opportunities ET,$50.0850,-0.0350,-0.06988120195667366%,down,0.03%
EVMT,Invesco Electric Vehicle Metals Commodity Strategy No K-1 ETF,$19.2450,0.0750,0.38971161340607946%,up,25.62%
EVNT,AltShares Event-Driven ETF,$11.8750,-0.0150,-0.12631578947368421%,down,6.60%
EVPF,Eaton Vance Preferred Securities and Income ETF,$50.1375,0.0325,0.06482174021441037%,up,-0.13%
EVSB,Morgan Stanley ETF Trust Eaton Vance Ultra-Short Income ETF,$50.8800,-0.0350,-0.06878930817610063%,down,-0.08%
EVSD,Eaton Vance Short Duration Income ETF,$50.9681,0.0131,0.02570235107841964%,up,0.21%
EVSM,Morgan Stanley ETF Trust Eaton Vance Short Duration Municipal ,$50.1966,0.0250,0.04980417000354606%,up,0.96%
EVTR,Morgan Stanley ETF Trust Eaton Vance Total Return Bond ETF,$50.6000,0.0650,0.12845849802371542%,up,1.30%
EVUS,iShares Trust iShares ESG Aware MSCI USA Value ETF,$34.9500,0.2500,0.7153075822603719%,up,21.77%
EVX,VanEck Environmental Services ETF,$39.1362,0.1961,0.5010706200397586%,up,5.69%
EVYM,Eaton Vance High Income Municipal ETF,$50.2000,0.1245,0.24800796812749%,up,4.32%
EWA,iShares MSCI Australia Index Fund,$28.7800,-0.2100,-0.729673384294649%,down,13.26%
EWC,iShares MSCI Canada Index Fund,$58.5100,-0.0700,-0.11963766877456847%,down,32.98%
EWD,iShares Inc iShares MSCI Sweden ETF,$52.4300,0.1900,0.36238794583253864%,up,16.28%
EWG,iShares MSCI Germany Index Fund,$42.9100,-0.1400,-0.32626427406199027%,down,3.05%
EWH,iShares MSCI Hong Kong Index Fund,$23.4900,-0.3400,-1.447424435930183%,down,25.08%
EWI,iShares Inc iShares MSCI Italy ETF,$58.5900,-0.3900,-0.665642601126472%,down,23.24%
EWJ,iShares MSCI Japan Index Fund,$91.6100,0.2400,0.2619801331732344%,up,26.59%
EWJV,iShares MSCI Japan Value ETF,$45.1898,-0.0300,-0.06638666247693063%,down,30.68%
EWK,iShares Inc iShares MSCI Belgium ETF,$26.8900,-0.1100,-0.4090740052063964%,down,24.17%
EWL,iShares Inc iShares MSCI Switzerland ETF,$62.6400,-0.2100,-0.33524904214559387%,down,14.37%
EWM,iShares MSCI Malaysia Index Fund,$29.2400,-0.0700,-0.23939808481532152%,down,20.63%
EWN,iShares MSCI Netherlands Index Fund,$66.8400,0.0200,0.029922202274087373%,up,27.22%
EWO,iShares Inc iShares MSCI Austria ETF,$39.9300,0.1800,0.4507888805409467%,up,39.86%
EWP,iShares Inc iShares MSCI Spain ETF,$56.5100,-0.8800,-1.5572465050433553%,down,30.33%
EWQ,iShares MSCI France Index Fund,$45.1700,-0.3300,-0.7305733894177551%,down,5.91%
EWS,iShares Inc iShares MSCI Singapore ETF,$29.4700,-0.0400,-0.1357312521208008%,down,14.67%
EWT,iShares Inc iShares MSCI Taiwan ETF,$96.8400,2.3700,2.4473358116480792%,up,80.34%
EWU,iShares MSCI United Kingdom ETF,$47.0900,-0.2500,-0.5308982798895732%,down,19.12%
EWUS,iShares MSCI United Kingdom Small Cap ETF,$43.0400,0.3000,0.6970260223048327%,up,8.88%
EWV,ProShares UltraShort MSCI Japan,$18.9749,-0.1269,-0.6687782280802534%,down,-46.04%
EWW,iShares Inc iShares MSCI Mexico ETF,$77.7600,-0.0400,-0.05144032921810699%,down,29.97%
EWX,State Street SPDR S&P Emerging Markets Small Cap ETF,$74.1690,1.0676,1.4394153891787675%,up,24.44%
EWY,iShares Inc iShares MSCI South Korea ETF,$182.0300,-4.3900,-2.4116903807064767%,down,212.28%
EWZ,iShares Inc iShares MSCI Brazil ETF,$36.3700,-0.6400,-1.7596920538905694%,down,32.16%
EWZS,iShares MSCI Brazil Small-Cap ETF,$14.0200,-0.2300,-1.6405135520684737%,down,13.06%
EXI,iShares Global Industrials ETF,$193.0500,0.3600,0.18648018648018647%,up,21.44%
EXUS,Nomura Focused International Core ETF,$27.2200,-0.0492,-0.1807494489346069%,down,9.14%
EYEG,AB Corporate Bond ETF,$35.1650,0.0600,0.17062420019906158%,up,1.31%
EYLD,Cambria ETF Trust Cambria Emerging Shareholder Yield ETF,$45.5100,-0.2200,-0.4834102395078005%,down,34.25%
EZA,iShares MSCI South Africa Index Fund,$67.3100,-0.9500,-1.4113801812509286%,down,30.88%
EZBC,Franklin Templeton Digital Holdings Trust Shares of Franklin B,$43.8000,-1.0800,-2.4657534246575343%,down,-32.04%
EZET,Franklin Ethereum ETF,$15.6484,-0.5616,-3.5888653153038006%,down,-21.80%
EZJ,ProShares Ultra MSCI Japan,$63.0771,0.3927,0.6225714244947849%,up,54.83%
EZM,WisdomTree U.S. MidCap Fund,$72.6200,0.6200,0.8537592949600661%,up,21.48%
EZMO,AlphaDroid Broad Markets Momentum ETF,$26.6334,-0.0611,-0.22941119046009897%,down,6.43%
EZPZ,Franklin Crypto Index ETF,$18.8000,-0.4716,-2.5085106382978726%,down,-32.43%
EZRO,AlphaDroid Defensive Sector Rotation ETF,$27.1428,0.1222,0.4502114741294192%,up,9.16%
EZU,iShares MSCI Eurozone ETF,$68.0100,-0.2600,-0.3822967210704308%,down,15.49%
FAAA,Fidelity AAA CLO ETF,$50.2750,0.0250,0.04972650422675286%,up,0.39%
FAAR,First Trust Alternative Absolute Return Strategy ETF,$33.9500,-0.0950,-0.2798232695139911%,down,27.06%
FAB,First Trust Multi Cap Value AlphaDEX Fund,$98.1960,0.7397,0.753289339687971%,up,25.69%
FAD,First Trust Multi Cap Growth AlphaDEX Fund,$183.8935,1.6272,0.8848599868945884%,up,34.04%
FAI,First Trust Exchange-Traded Fund II First Trust Bloomberg Arti,$51.3750,0.3900,0.7591240875912408%,up,63.80%
FALN,iShares Fallen Angels USD Bond ETF,$27.0200,0.0422,0.15618060695780903%,up,2.62%
FAN,First Trust Global Wind Energy ETF,$26.1800,-0.0500,-0.19098548510313215%,down,56.49%
FAPR,FT Vest U.S. Equity Buffer ETF - April,$46.4500,0.1224,0.2635091496232508%,up,13.43%
FARX,The Advisors' Inner Circle Fund II Frontier Asset Absolute Ret,$29.2900,0.0154,0.05257767156025948%,up,16.56%
FAS,Direxion Daily Financial Bull 3X ETF,$134.9100,1.3800,1.022904158327774%,up,-10.21%
FAUG,FT Vest U.S. Equity Buffer ETF - August,$55.9500,0.1400,0.2502234137622878%,up,19.49%
FAZ,Direxion Daily Financial Bear 3X ETF,$43.9700,-0.3700,-0.8414828292017285%,down,-12.76%
FB,ProShares Trust ProShares S&P 500 Dynamic Buffer ETF,$44.5794,-0.0200,-0.044863771158876076%,down,11.70%
FBCG,Fidelity Blue Chip Growth ETF,$61.2800,0.0900,0.14686684073107048%,up,38.80%
FBCV,Fidelity Blue Chip Value ETF,$39.0482,0.2280,0.583893751824668%,up,22.56%
FBDC,First Trust Exchange-Traded Fund VIII FT Confluence BDC & Spec,$16.7550,-0.2100,-1.2533572068039391%,down,-20.02%
FBL,GraniteShares 2x Long META Daily ETF,$25.2500,0.2200,0.8712871287128713%,up,-27.25%
FBND,Fidelity Total Bond ETF,$45.4000,0.0600,0.13215859030837004%,up,1.09%
FBOT,Fidelity Disruptive Automation ETF,$39.2150,0.5705,1.4548004590080323%,up,36.35%
FBT,First Trust Amex Biotech Index Fund,$212.9500,0.4500,0.2113172106128199%,up,33.18%
FBTC,Fidelity Wise Origin Bitcoin Fund Common Shares of Beneficial ,$65.9800,-1.5800,-2.394665050015156%,down,-32.02%
FBUF,Fidelity Dynamic Buffered Equity ETF,$32.1998,0.1398,0.43416418735520096%,up,19.73%
FBY,Tidal ETF Trust II YieldMax META Option Income Strategy ETF,$10.0100,0.0350,0.3496503496503497%,up,-36.04%
FBYY,GraniteShares YieldBOOST META ETF,$13.1550,0.0589,0.44773850247054353%,up,-47.19%
FCA,First Trust China AlphaDEX Fund,$31.3200,-0.2500,-0.7982120051085568%,down,40.45%
FCAL,First Trust California Municipal High Income ETF,$48.9000,0.0450,0.09202453987730061%,up,2.52%
FCBD,The Advisors' Inner Circle Fund II Frontier Asset Core Bond ET,$25.3377,0.0327,0.12905670206845923%,up,0.15%
FCEF,First Trust Income Opportunities ETF,$23.7095,0.0748,0.3154853539720366%,up,10.45%
FCFY,First Trust Exchange-Traded Fund First Trust S&P 500 Diversifi,$27.9770,0.6992,2.4991957679522465%,up,18.99%
FCG,First Trust Natural Gas ETF,$30.3400,0.1500,0.4943968358602505%,up,36.79%
FCLD,Fidelity Cloud Computing ETF,$35.6750,0.5682,1.5927119831815%,up,31.69%
FCLO,Fidelity CLO ETF,$50.3450,0.0950,0.188697983911014%,up,0.43%
FCOM,Fidelity MSCI Communication Services Index ETF,$73.8600,-0.1400,-0.18954779312212297%,down,23.57%
FCOR,Fidelity Corporate Bond ETF,$47.0300,0.0100,0.0212630236019562%,up,1.76%
FCPI,Fidelity Stocks for Inflation ETF,$54.0000,0.3100,0.5740740740740741%,up,20.62%
FCSH,Federated Hermes ETF Trust Federated Hermes Short Duration Cor,$24.2225,0.0252,0.10403550417999793%,up,0.32%
FCTE,SMI 3Fourteen Full-Cycle Trend ETF,$26.8869,0.2106,0.7832810774020063%,up,3.05%
FCTR,First Trust Lunt U.S. Factor Rotation ETF,$39.1411,0.4678,1.1951631405351408%,up,19.66%
FCUS,Tidal ETF Trust II Pinnacle Focused Opportunities ETF,$44.1441,0.0941,0.21316551928796826%,up,81.39%
FCVT,First Trust SSI Strategic Convertible Securities ETF,$51.8768,0.1629,0.3140132005058137%,up,42.28%
FCXG,Leverage Shares 2x Long FCX Daily ETF,$13.1209,-0.1941,-1.4793192540145874%,down,-12.41%
FDAT,Tactical Advantage ETF,$21.9476,0.0746,0.33990049025861596%,up,6.42%
FDCF,Fidelity Disruptive Communications ETF,$49.4091,0.0512,0.10362463594762908%,up,21.16%
FDD,First Trust STOXX European Select Dividend Index Fund,$19.6650,-0.1450,-0.7373506229341469%,down,29.46%
FDEC,FT Vest U.S. Equity Buffer ETF - December,$54.0680,0.1180,0.21824369312717318%,up,21.20%
FDEM,Fidelity Emerging Markets Multifactor ETF,$35.8200,-0.0900,-0.25125628140703515%,down,34.16%
FDEV,Fidelity International Multifactor ETF,$36.5700,-0.1000,-0.27344818156959255%,down,15.95%
FDFF,Fidelity Disruptive Finance ETF,$33.1510,-0.1547,-0.4666525896654701%,down,-10.48%
FDG,American Century Focused Dynamic Growth ETF,$138.0500,0.6246,0.4524447663889895%,up,34.89%
FDHY,Fidelity Enhanced High Yield ETF,$49.1700,0.1000,0.2033760423022168%,up,2.14%
FDIF,Fidelity Disruptors ETF,$37.9650,0.1300,0.3424206505992361%,up,19.57%
FDIG,Fidelity Crypto Industry and Digital Payments ETF,$44.9322,-0.2232,-0.4967484343076902%,down,43.60%
FDIQ,Invesco Bloomberg Financial Data Providers ETF,$70.3257,0.0291,0.04137889846812759%,up,25.56%
FDIS,Fidelity MSCI Consumer Discretionary Index ETF,$102.4700,0.5000,0.48794769200741683%,up,11.76%
FDIV,MarketDesk Focused U.S. Dividend ETF,$27.6338,0.1454,0.5261672299864659%,up,7.84%
FDL,First Trust Morningstar ETF,$50.9600,0.5200,1.0204081632653061%,up,23.57%
FDLO,Fidelity Low Volatility Factor ETF,$70.2600,0.4150,0.5906632507828067%,up,16.02%
FDLS,Northern Lights Fund Trust IV Inspire Fidelis Multi Factor ETF,$40.4600,0.1900,0.46959960454770144%,up,36.27%
FDM,First Trust DJ Select MicroCap ETF,$86.3874,0.2776,0.32134315884029385%,up,31.88%
FDMO,Fidelity Momentum Factor ETF,$93.9300,0.1100,0.11710848504205258%,up,32.39%
FDN,First Trust DJ Internet Index Fund,$273.8700,2.2100,0.8069522036002483%,up,8.99%
FDND,First Trust Exchange-Traded Fund IV FT Vest Dow Jones Internet,$21.8634,0.1768,0.8086573908907124%,up,-1.83%
FDNI,First Trust Dow Jones International Internet ETF,$27.2181,-0.3253,-1.1951605732949766%,down,-16.06%
FDRR,Fidelity Dividend ETF for Rising Rates,$65.6801,0.6406,0.9753334723911807%,up,28.80%
FDRS,Founder-Led ETF,$23.5000,0.2300,0.9787234042553191%,up,-4.86%
FDRV,Fidelity Electric Vehicles and Future Transportation ETF,$20.0000,0.5397,2.6985%,up,38.90%
FDRX,Founder-Led 2X Daily ETF,$21.9563,0.4079,1.8577811379877303%,up,-12.11%
FDT,First Trust Developed Markets Ex-US AlphaDEX Fund,$97.0623,-0.0089,-0.009169368539587462%,down,50.36%
FDTS,First Trust Developed Markets Ex-US Small Cap AlphaDEX Fund,$69.9340,-0.0544,-0.07778762833528756%,down,51.88%
FDTX,Fidelity Disruptive Technology ETF,$50.8700,0.3696,0.7265578926675841%,up,44.35%
FDV,Federated Hermes ETF Trust Federated Hermes U.S. Strategic Div,$31.6800,0.2800,0.883838383838384%,up,18.12%
FDVV,Fidelity High Dividend ETF,$60.7000,0.5300,0.8731466227347611%,up,22.38%
FEAC,Fidelity Covington Trust Fidelity Enhanced U.S. All-Cap Equity,$31.8620,0.1142,0.35842068922227105%,up,28.66%
FEAT,YieldMax Dorsey Wright Featured 5 Income ETF,$18.9150,-0.1414,-0.7475548506476342%,down,-47.40%
FEBM,First Trust Exchange-Traded Fund VIII FT Vest U.S. Equity Max ,$31.1450,0.0250,0.08026970621287526%,up,8.10%
FEBP,PGIM S&P 500 Buffer 12 ETF - February,$33.6500,0.0400,0.11887072808320952%,up,19.02%
FEBT,AIM ETF Products Trust AllianzIM U.S. Large Cap Buffer10 Feb E,$40.8295,0.0695,0.17022006147515892%,up,21.32%
FEBU,AIM ETF Products Trust AllianzIM U.S. Equity Buffer15 Uncapped,$29.6730,0.1082,0.36464125636100164%,up,20.43%
FEBW,AIM ETF Products Trust AllianzIM U.S. Large Cap Buffer20 Feb E,$35.3650,0.0402,0.11367170931712144%,up,14.11%
FEBZ,TrueShares Structured Outcome (February) ETF,$40.2332,0.1432,0.3559249574977879%,up,17.13%
FEDM,FlexShares ESG & Climate Developed Markets ex-US Core Index Fu,$62.2582,-0.1168,-0.18760580935523352%,down,13.92%
FEGE,The RBB Fund Trust First Eagle Global Equity ETF,$49.9200,-0.0900,-0.18028846153846154%,down,29.36%
JHEM,John Hancock Multifactor Emerging Markets ETF,$39.1375,0.0210,0.05365697860108591%,up,39.73%
JHHY,John Hancock Exchange-Traded Fund Trust John Hancock High Yiel,$25.6412,0.0048,0.018719872704865605%,up,0.73%
JHID,John Hancock Exchange-Traded Fund Trust John Hancock Internati,$43.3600,-0.0552,-0.12730627306273062%,down,31.64%
JHLN,John Hancock Exchange-Traded Fund Trust John Hancock Global Se,$24.7400,0.0300,0.12126111560226355%,up,-1.24%
JHMB,John Hancock Mortgage-Backed Securities ETF,$21.8800,0.0414,0.18921389396709323%,up,2.03%
JHMD,John Hancock Exchange-Traded Fund Trust John Hancock Multifact,$44.8800,-0.1600,-0.35650623885918004%,down,19.43%
JHML,John Hancock Multifactor Large Cap ETF,$87.7300,0.5115,0.5830388692579505%,up,26.09%
JHMM,John Hancock Multifactor Mid Cap ETF,$72.6000,0.6300,0.8677685950413224%,up,23.85%
JHMU,John Hancock Exchange-Traded Fund Trust John Hancock Dynamic M,$26.0475,0.0326,0.1251559650638257%,up,2.57%
JHPI,John Hancock Exchange-Traded Fund Trust John Hancock Preferred,$22.8450,0.0410,0.17947034362004818%,up,2.69%
JHSC,John Hancock Multifactor Small Cap ETF,$46.5200,0.3600,0.7738607050730868%,up,24.15%
JIG,JPMorgan International Growth ETF,$82.3400,-0.1100,-0.13359242166626184%,down,19.67%
JIII,Janus Detroit Street Trust Janus Henderson Income ETF,$49.6673,0.0136,0.027382201166562304%,up,-0.58%
JIRE,J.P. Morgan Exchange-Traded Fund Trust JPMorgan International ,$80.7200,-0.0900,-0.11149653121902875%,down,17.74%
JIVE,JPMorgan International Value ETF,$91.6925,-0.7048,-0.7686561060064891%,down,39.16%
JLQD,Janus Henderson Corporate Bond ETF,$41.1167,0.0558,0.13571128033134955%,up,1.27%
JMBS,Janus Henderson Mortgage-Backed Securities ETF,$44.9900,0.0900,0.2000444543231829%,up,2.30%
JMEE,JPMorgan Small & Mid Cap Enhanced Equity ETF,$73.4700,0.6100,0.830270858853954%,up,29.53%
JMHI,J.P. Morgan Exchange-Traded Fund Trust JPMorgan High Yield Mun,$49.8197,0.0197,0.03954259058163739%,up,1.22%
JMID,Janus Henderson Mid Cap Growth Alpha ETF,$31.1244,0.3348,1.0756833866676947%,up,12.32%
JMOM,JPMorgan U.S. Momentum Factor ETF,$80.4600,0.8100,1.0067114093959733%,up,33.97%
JMSI,J.P. Morgan Exchange-Traded Fund Trust JPMorgan Sustainable Mu,$49.7600,-0.0200,-0.04019292604501608%,down,1.45%
JMST,JPMorgan Ultra-Short Municipal Income ETF,$50.8800,0.0200,0.03930817610062893%,up,0.19%
JMTG,J.P. Morgan Exchange-Traded Fund Trust JPMorgan Mortgage-Backe,$50.3700,0.0200,0.03970617431010522%,up,0.36%
JMUB,JPMorgan Municipal ETF,$50.0000,0.0500,0.1%,up,1.45%
JNEU,AllianzIM U.S. Equity Buffer15 Uncapped June ETF,$32.9620,0.1279,0.3880225714459074%,up,23.16%
JNK,State Street SPDR Bloomberg High Yield Bond ETF,$96.2500,0.0500,0.05194805194805195%,up,1.15%
JNUG,Direxion Daily Junior Gold Miners Index Bull 2X ETF,$165.2000,-2.0800,-1.2590799031476998%,down,136.98%
JOBX,Tradr 2X Long JOBY Daily ETF,$28.9600,2.6300,9.081491712707182%,up,-61.37%
JOET,Virtus ETF Trust II Virtus Terranova U.S. Quality Momentum ETF,$43.6969,0.4548,1.040806098373111%,up,12.36%
JOJO,ATAC Credit Rotation ETF,$15.5891,-0.0109,-0.0699206496847156%,down,4.91%
JOYT,JPMorgan Equity and Options Total Return ETF,$56.2819,0.0519,0.09221437087234084%,up,13.00%
JPAN,Matthews International Funds Matthews Japan Active ETF,$41.4103,0.3515,0.8488226359142532%,up,25.80%
JPEF,JPMorgan Equity Focus ETF,$79.8400,0.1642,0.2056613226452906%,up,20.86%
JPEM,JPMorgan Diversified Return Emerging Markets Equity ETF,$64.1709,0.1709,0.2663200921289868%,up,14.73%
JPHY,JPMorgan Active High Yield ETF,$50.4295,0.0203,0.04025421628213645%,up,0.30%
JPIB,JPMorgan International Bond Opportunities ETF,$47.9350,0.0650,0.1356002920621675%,up,0.24%
JPIE,JPMorgan Income ETF,$45.9100,-0.0200,-0.04356349379220214%,down,0.17%
JPIN,JPMorgan Diversified Return International Equity ETF,$74.0003,-0.3261,-0.44067388915990885%,down,19.42%
JPLD,JPMorgan Limited Duration Bond ETF,$52.0200,-0.0300,-0.057670126874279116%,down,0.54%
JPMB,JPMorgan USD Emerging Markets Sovereign Bond ETF,$39.6673,0.0836,0.21075293755813984%,up,4.93%
JPME,JPMorgan Diversified Return U.S. Mid Cap Equity ETF,$121.5200,1.0700,0.880513495720869%,up,20.83%
JPO,YieldMax JP Option Income Strategy ETF,$13.7000,0.0900,0.6569343065693432%,up,-13.73%
JPRE,J.P. Morgan Exchange-Traded Fund Trust JPMorgan Realty Income ,$52.4300,0.0800,0.15258439824527942%,up,12.44%
JPSE,JPMorgan Diversified Return U.S. Small Cap Equity ETF,$57.5532,0.4332,0.7526948979379079%,up,32.26%
JPST,JPMorgan Ultra-Short Income ETF,$50.5300,-0.0100,-0.019790223629527013%,down,0.00%
JPSV,J.P. Morgan Exchange-Traded Fund Trust JPMorgan Active Small C,$64.1460,0.5541,0.8638106818819569%,up,16.63%
JPUS,JPMorgan Diversified Return U.S. Equity ETF,$137.0700,0.9861,0.7194134383891443%,up,19.64%
JPXN,iShares JPX-Nikkei 400 ETF,$98.4900,0.5300,0.5381256980404102%,up,27.45%
JPY,Lazard Japanese Equity ETF,$36.5425,0.1659,0.4539919272080455%,up,29.91%
JQUA,JPMorgan U.S. Quality Factor ETF,$69.7300,0.7200,1.0325541373870644%,up,19.56%
JRE,Janus Henderson U.S. Real Estate ETF,$26.8772,-0.0088,-0.032741505811617284%,down,15.45%
JSCP,JPMorgan Short Duration Core Plus ETF,$47.0100,-0.0150,-0.031908104658583285%,down,0.17%
JSI,Janus Detroit Street Trust Janus Henderson Securitized Income ,$51.4300,0.0200,0.038887808671981335%,up,-0.98%
JSMD,Janus Henderson Small/Mid Cap Growth Alpha ETF,$93.1891,0.9991,1.072121095707545%,up,27.41%
JSML,Janus Henderson Small Cap Growth Alpha ETF,$84.4955,0.7574,0.8963790971116804%,up,32.27%
JSTC,Adasina Social Justice All Cap Global ETF,$22.1100,0.2900,1.311623699683401%,up,15.34%
JTEK,JPMorgan U.S. Tech Leaders ETF,$104.0100,0.6574,0.632054610133641%,up,35.87%
JUCY,ETF Series Solutions Aptus Enhanced Yield ETF,$22.1900,-0.0300,-0.135196034249662%,down,-1.16%
JULH,Innovator ETFs Trust Innovator Premium Income 20 Barrier ETF -,$25.0500,0.0100,0.03992015968063872%,up,-0.18%
JULJ,Innovator ETFs Trust Innovator Premium Income 30 Barrier ETF -,$25.0250,0.0100,0.03996003996003996%,up,-0.16%
JULM,First Trust Exchange-Traded Fund VIII FT Vest U.S. Equity Max ,$34.4200,0.0250,0.0726321905868681%,up,7.93%
JULP,PGIM S&P 500 Buffer 12 ETF - July,$32.1800,-0.1100,-0.3418272218769422%,down,18.28%
JULT,AllianzIM U.S. Large Cap Buffer10 Jul ETF,$47.3223,0.0545,0.11516769049686935%,up,19.86%
JULU,AllianzIM U.S. Equity Buffer15 Uncapped Jul ETF,$32.0034,0.1057,0.33027740802539735%,up,22.43%
JULW,AllianzIM U.S. Large Cap Buffer20 Jul ETF,$40.5500,0.0500,0.12330456226880396%,up,14.53%
JULZ,TrueShares Structured Outcome (July) ETF,$45.3300,0.1195,0.26362232517096845%,up,9.78%
JUNM,FT Vest U.S. Equity Max Buffer ETF - June,$34.9600,0.0150,0.04290617848970252%,up,8.69%
JUNP,PGIM S&P 500 Buffer 12 ETF - June,$31.6100,0.0200,0.06327111673521038%,up,14.68%
JUNT,AIM ETF Products Trust AllianzIM U.S. Large Cap Buffer10 Jun E,$37.9000,0.0200,0.052770448548812667%,up,16.11%
JUNW,AIM ETF Products Trust AllianzIM U.S. Large Cap Buffer20 Jun E,$34.3949,0.0101,0.029364818621365377%,up,11.88%
JUNZ,TrueShares Structured Outcome (June) ETF,$34.9816,0.1064,0.304159901205205%,up,18.86%
JUSA,J.P. Morgan Exchange-Traded Fund Trust JPMorgan U.S. Research ,$66.9929,0.2129,0.31779487079974145%,up,26.82%
JUST,Goldman Sachs JUST U.S. Large Cap Equity ETF,$106.4777,0.3997,0.3753837658026047%,up,29.20%
JVAL,JPMorgan U.S. Value Factor ETF,$56.0535,0.7265,1.2960832062226266%,up,33.88%
JXI,iShares Global Utilities ETF,$85.7200,0.2278,0.2657489500699953%,up,18.45%
JXX,Janus Detroit Street Trust Janus Henderson Transformational Gr,$31.1047,-0.0196,-0.06301298517587374%,down,33.90%
KAPR,Innovator U.S. Small Cap Power Buffer ETF - April,$38.7950,0.1020,0.2629204794432272%,up,23.91%
KARS,KraneShares Electric Vehicles and Future Mobility Index ETF,$35.4900,0.0300,0.08453085376162299%,up,63.70%
KAT,Scharf ETF,$55.1800,0.0250,0.04530627038782167%,up,1.31%
KAUG,Innovator ETFs Trust Innovator US Small Cap Power Buffer ETF -,$28.3049,0.0849,0.29994806552929%,up,16.58%
KBA,KraneShares Bosera MSCI China A 50 Connect Index ETF,$33.1900,-0.0657,-0.19795119011750525%,down,36.92%
KBAB,KraneShares 2x Long BABA Daily ETF,$9.9888,-0.2478,-2.480778471888515%,down,-42.87%
KBDU,KraneShares 2x Long BIDU Daily ETF,$25.3362,-1.3901,-5.48661598819081%,down,10.93%
KBE,State Street SPDR S&P Bank ETF,$63.5400,0.0800,0.12590494176896444%,up,20.11%
KBFR,Innovator ETFs Trust Innovator U.S. Small Cap Managed 10 Buffe,$25.6766,0.1198,0.4665726770678361%,up,2.85%
KBUF,KraneShares 90% KWEB Defined Outcome January 2027 ETF,$27.1495,-0.2599,-0.957292031160795%,down,-9.74%
KBWB,Invesco KBW Bank ETF,$86.5300,0.4300,0.4969374783312146%,up,33.37%
KBWD,Invesco KBW High Dividend Yield Financial ETF,$12.4000,-0.0800,-0.6451612903225806%,down,-7.12%
KBWP,Invesco KBW Property & Casualty Insurance ETF,$120.6285,-0.6015,-0.49863838147701417%,down,-0.75%
KBWY,Invesco KBW Premium Yield Equity REIT ETF,$17.3836,0.0336,0.1932856255321107%,up,14.59%
KCAI,KraneShares Trust KraneShares China Alpha Index ETF,$31.9049,0.0599,0.18774545602713064%,up,14.27%
KCCA,KraneShares California Carbon Allowance Strategy ETF,$15.7740,0.0840,0.5325218714340054%,up,6.15%
KCE,State Street SPDR S&P Capital Markets ETF,$152.1600,-0.0200,-0.013144058885383806%,down,12.97%
KCSH,KraneShares Trust KraneShares Sustainable Ultra Short Duration,$25.1050,0.0100,0.03983270264887472%,up,-0.02%
KDEC,Innovator ETFs Trust Innovator U.S. Small Cap Power Buffer ETF,$27.6708,0.0803,0.29019760903190367%,up,19.22%
KDEF,Exchange Listed Funds Trust PLUS Korea Defense Industry Index ,$53.0500,0.7900,1.4891611687087654%,up,64.49%
KDRN,ETF Opportunities Trust Kingsbarn Tactical Bond ETF,$23.2450,0.0056,0.024091202409120237%,up,0.63%
KDVD,Gabelli ETFs Trust Keeley Dividend ETF,$27.4997,0.1967,0.7152805303330583%,up,9.56%
KEAT,Keating Active ETF,$33.6749,-0.1126,-0.3343736729730452%,down,25.88%
KEMQ,KraneShares Emerging Markets Consumer Technology Index ETF,$24.6841,-0.0795,-0.3220696723801962%,down,22.19%
KEMX,KraneShares MSCI Emerging Markets ex China Index ETF,$48.6800,0.0300,0.06162695152013147%,up,61.51%
KFEB,Innovator ETFs Trust Innovator U.S. Small Cap Power Buffer ETF,$30.2357,0.1099,0.36347761090366687%,up,25.90%
KGLD,Kurv ETF Trust Kurv Gold Enhanced Income ETF,$30.1390,-0.2710,-0.8991671920103521%,down,21.79%
KGRN,KraneShares MSCI China Clean Technology Index ETF,$26.9300,-0.4949,-1.837727441515039%,down,0.10%
KHPI,Kensington Hedged Premium Income ETF,$26.0700,0.1100,0.4219409282700422%,up,5.29%
KHYB,KraneShares Asia Pacific High Income USD Bond ETF,$24.1700,0.0400,0.16549441456350847%,up,1.09%
KIE,State Street SPDR S&P Insurance ETF,$57.6100,-0.2700,-0.4686686339177226%,down,-0.14%
KIQQ,KraneShares InspereX Nasdaq Dynamic Buffered High Income Index,$25.9808,0.1223,0.4707322330336249%,up,3.74%
KJAN,Innovator U.S. Small Cap Power Buffer ETF - January,$44.6699,0.1770,0.3962399736735475%,up,23.71%
KJD,KraneShares 2x Long JD Daily ETF,$20.5029,-1.3518,-6.593213642948069%,down,-20.06%
KJUL,Innovator U.S. Small Cap Power Buffer ETF - July,$33.6300,0.0093,0.02765388046387154%,up,19.90%
KJUN,Innovator U.S. Small Cap Power Buffer ETF - June,$29.1900,0.0100,0.0342583076396026%,up,15.37%
KLAG,Leverage Shares 2X Long KLAC Daily ETF,$32.6319,1.6489,5.05303092985698%,up,99.90%
KLIP,KraneShares KWEB Covered Call Strategy ETF,$25.1700,-0.5537,-2.199841080651569%,down,-20.70%
KLMN,Invesco Exchange-Traded Fund Trust II Invesco MSCI North Ameri,$30.5504,0.1173,0.38395569288781817%,up,27.05%
KLMT,Invesco Exchange-Traded Fund Trust II Invesco MSCI Global Clim,$33.9571,0.0343,0.10100980354623923%,up,25.25%
KMAR,Innovator ETFs Trust Innovator U.S. Small Cap Power Buffer ETF,$31.2832,0.0945,0.3020790711947626%,up,24.85%
KMAY,Innovator ETFs Trust Innovator U.S. Small Cap Power Buffer ETF,$29.5650,0.1407,0.47590055809233883%,up,16.40%
KMID,Virtus ETF Trust II Virtus KAR Mid-Cap ETF,$24.5915,0.2115,0.8600532704389727%,up,0.37%
KMLI,KraneShares 2x Long MELI Daily ETF,$8.2478,-0.1202,-1.457358325856592%,down,-66.53%
KMLM,KraneShares Mount Lucas Managed Futures Index Strategy ETF,$29.2150,0.0250,0.08557247989046722%,up,10.41%
KNCT,Invesco Next Gen Connectivity ETF,$195.3496,1.4744,0.754749433835544%,up,80.57%
KNG,FT Vest S&P 500 Dividend Aristocrats Target Income ETF,$48.7300,0.2400,0.4925097475887544%,up,0.35%
KNGZ,First Trust S&P 500 Diversified Dividend Aristocrats ETF,$40.4545,0.9030,2.2321373394801567%,up,26.18%
KNO,Investment Managers Series Trust II AXS Knowledge Leaders ETF,$59.4670,0.0038,0.006390098710209024%,up,26.77%
KNOV,Innovator ETFs Trust Innovator U.S. Small Cap Power Buffer ETF,$30.8961,0.1111,0.35959231100365424%,up,25.70%
KNOW,Fundamentals First ETF,$12.7300,0.0100,0.07855459544383346%,up,18.77%
KNRG,Simplify Exchange Traded Funds Simplify Kayne Anderson Energy ,$25.8379,0.0758,0.29336749503636134%,up,2.85%
KOCT,Innovator U.S. Small Cap Power Buffer ETF - October,$36.4356,0.1156,0.3172721184775329%,up,23.41%
KOID,KraneShares Global Humanoid Robotics and Physical AI Index ETF,$41.7200,0.9300,2.2291466922339405%,up,64.84%
KOKU,Xtrackers MSCI Kokusai Equity ETF,$130.1285,0.3756,0.2886377695892906%,up,24.80%
KOLD,ProShares UltraShort Bloomberg Natural Gas,$25.8500,1.6200,6.266924564796905%,up,7.75%
KOMP,State Street SPDR S&P Kensho New Economies Composite ETF,$70.5390,1.3090,1.8557110251066786%,up,40.82%
KONG,ETF Opportunities Trust Formidable Fortress ETF,$30.9974,0.1544,0.4981062927858466%,up,6.30%
KOOL,Spinnaker ETF Series North Shore Equity Rotation ETF,$14.5502,0.0588,0.4041181564514577%,up,32.73%
KORP,American Century Diversified Corporate Bond ETF,$46.5100,0.0700,0.15050526768436898%,up,1.53%
KORU,Direxion Daily MSCI South Korea Bull 3X ETF,$780.3500,-58.6500,-7.515858268725571%,down,1633.34%
KPDD,KraneShares 2X Long PDD Daily ETF,$7.3200,-0.5338,-7.2923497267759565%,down,-69.38%
KPRO,KraneShares 100% KWEB Defined Outcome January 2027 ETF,$26.9045,-0.1061,-0.3943578211823301%,down,-4.28%
KQQQ,Kurv Technology Titans Select ETF,$30.7904,0.0442,0.1435512367491166%,up,23.11%
KRBN,KraneShares Global Carbon Strategy ETF,$32.2825,0.4125,1.2777820800743438%,up,9.88%
KRE,State Street SPDR S&P Regional Banking ETF,$69.3700,0.1600,0.23064725385613377%,up,22.45%
KRMA,Global X Conscious Companies ETF,$47.5085,0.5541,1.1663176063230791%,up,23.43%
KROP,Global X AgTech & Food Innovation ETF,$34.4969,0.0559,0.16204354594180928%,up,8.63%
KSA,iShares Trust iShares MSCI Saudi Arabia ETF,$38.6400,-0.0300,-0.07763975155279502%,down,-1.63%
KSEP,Innovator U.S. Small Cap Power Buffer ETF - September,$30.2043,0.0931,0.30823425803610743%,up,21.74%
KSLV,Kurv ETF Trust Kurv Silver Enhanced Income ETF,$33.1200,-0.7000,-2.1135265700483092%,down,32.93%
KSPY,KraneShares Trust KraneShares Hedgeye Hedged Equity Index ETF,$28.8300,0.0600,0.20811654526534862%,up,13.25%
KSTR,KraneShares SSE STAR Market 50 Index ETF,$25.5800,-0.3000,-1.1727912431587177%,down,88.97%
KTEC,KraneShares Hang Seng TECH Index ETF,$13.3700,-0.0900,-0.6731488406881078%,down,-15.49%
KTUP,ETF Opportunities Trust T-REX 2X Long KTOS Daily Target ETF,$8.9355,0.4555,5.0976442280790115%,up,-69.17%
KURE,KraneShares MSCI All China Health Care Index ETF,$16.0700,-0.3255,-2.0255133789670197%,down,0.37%
KVLE,KraneShares Value Line Dynamic Dividend Equity Index ETF,$27.7600,0.2500,0.9005763688760806%,up,11.13%
KWEB,KraneShares Trust KraneShares CSI China Internet ETF,$26.9100,-0.7200,-2.6755852842809364%,down,-20.17%
KWT,iShares Trust iShares MSCI Kuwait ETF,$37.6699,0.0751,0.1993634174765529%,up,2.61%
KXI,iShares Global Consumer Staples ETF,$69.0200,-0.0600,-0.08693132425383947%,down,4.46%
LABD,Direxion Daily S&P Biotech Bear 3X ETF,$14.3100,0.3700,2.585604472396925%,up,-83.40%
LABU,Direxion Daily S&P Biotech Bull 3X ETF,$175.1900,-4.4400,-2.5343912323762776%,down,244.46%
LABX,Tradr 2X Long ALAB Daily ETF,$100.4700,5.2200,5.195580770379218%,up,17.72%
LACG,Leverage Shares 2X Long LAC Daily ETF,$9.8272,-0.4058,-4.129355258873331%,down,-39.08%
LALT,First Trust Exchange-Traded Fund VIII First Trust Multi-Strate,$24.7900,0.0152,0.06131504638967326%,up,18.61%
LAPR,Innovator ETFs Trust Innovator Premium Income 15 Buffer ETF - ,$25.4400,0.0200,0.07861635220125786%,up,1.66%
LBAY,Leatherback Long/Short Alternative Yield ETF,$25.8960,-0.0698,-0.2695396972505406%,down,7.50%
LBO,EA Series Trust WHITEWOLF Publicly Listed Private Equity ETF,$25.1731,-0.1810,-0.7190214951674604%,down,-15.55%
LCAP,Principal Exchange-Traded Funds Principal Capital Appreciation,$32.8200,0.1000,0.30469226081657524%,up,28.19%
LCDL,GraniteShares 2x Long LCID Daily ETF,$0.7558,-0.0054,-0.7144747287642234%,down,-97.58%
LCDS,JPMorgan Fundamental Data Science Large Core ETF,$70.8749,0.1436,0.20261051514711134%,up,27.66%
LCF,Touchstone ETF Trust Touchstone US Large Cap Focused ETF,$44.0814,0.0035,0.007939856719614169%,up,22.30%
LCLG,Advisors Series Trust Logan Capital Broad Innovative Growth ET,$70.1023,0.5545,0.790986886307582%,up,32.98%
LCOW,Pacer Funds Trust Pacer S&P 500 Quality FCF Aristocrats ETF,$25.2336,0.2110,0.8361866717392682%,up,21.89%
LCR,Managed Portfolio Series Leuthold Core ETF,$39.2240,0.1187,0.30262084438099124%,up,12.63%
LCTD,iShares World ex U.S. Carbon Transition Readiness Aware Active,$58.2810,-0.0922,-0.1581990700228205%,down,17.29%
LCTU,iShares U.S. Carbon Transition Readiness Aware Active ETF,$79.5000,0.2770,0.3484276729559749%,up,25.73%
LDDR,LifeX 2035 Income Bucket ETF,$79.4761,0.0281,0.03535654114884852%,up,-7.94%
LDEM,iShares ESG MSCI EM Leaders ETF,$60.9966,-0.1020,-0.1672224353488555%,down,18.56%
LDRC,iShares Trust iShares iBonds 1-5 Year Corporate Ladder ETF,$25.1700,0.0200,0.07945967421533572%,up,0.33%
LDRH,iShares Trust iShares iBonds 1-5 Year High Yield  and Income L,$24.6730,-0.0020,-0.008106026830948812%,down,-0.41%
LDRI,iShares Trust iShares iBonds 1-5 Year TIPS Ladder ETF,$25.5550,0.0000,0%,unch,0.71%
LDRT,iShares Trust iShares iBonds 1-5 Year Treasury Ladder ETF,$25.0800,0.0000,0%,unch,-0.13%
LDRX,SGI Enhanced Market Leaders ETF,$35.8041,0.0648,0.18098485927589297%,up,29.97%
LDSF,First Trust Low Duration Strategic Focus ETF,$18.8666,0.0062,0.03286230693394677%,up,0.55%
LDUR,PIMCO Enhanced Low Duration Active Exchange-Traded Fund,$95.4400,0.0000,0%,unch,0.03%
LEAD,Siren DIVCON Leaders Dividend ETF,$85.1297,0.5967,0.7009304625765156%,up,23.91%
LEGR,First Trust Indxx Innovative Transaction & Process ETF,$65.1660,0.1160,0.17800693613233898%,up,26.73%
LEMB,iShares J.P. Morgan EM Local Currency Bond,$41.7000,-0.0300,-0.07194244604316546%,down,7.23%
LENS,EA Series Trust Sarmaya Thematic ETF,$44.0276,-0.3460,-0.7858706811182076%,down,66.23%
LEUX,Investment Managers Series Trust II Tradr 2X Long LEU Daily ET,$15.5600,0.3949,2.537917737789203%,up,-38.96%
LEXI,Alexis Practical Tactical ETF,$39.5314,0.1005,0.25422828435117406%,up,27.97%
LFAI,LifeX 2050 Longevity Income ETF,$148.9216,0.4091,0.2747083028922601%,up,-8.29%
LFAW,LifeX 2060 Longevity Income ETF,$173.0918,0.7011,0.4050451841161742%,up,-4.84%
LFBE,LifeX 2065 Longevity Income ETF,$182.4102,0.8931,0.48961077834463207%,up,1.77%
LFDR,LifeX Durable Income ETF,$182.4795,0.8402,0.46043528177137705%,up,-3.52%
LFEQ,VanEck Long/Flat Trend ETF,$59.2453,0.2446,0.41285975427586663%,up,27.59%
LFGY,Tidal Trust II YieldMax Crypto Industry & Tech Portfolio Optio,$23.6700,-0.1000,-0.4224757076468103%,down,-41.76%
LFSC,F/m Emerald Life Sciences Innovation ETF,$38.3091,-0.2463,-0.6429281815547742%,down,68.44%
LGCF,Themes US Cash Flow Champions ETF,$35.6989,0.3400,0.9524102983565319%,up,17.27%
LGDX,Tidal Trust III Intech S&P Large Cap Diversified Alpha ETF,$24.8685,0.1246,0.5010354464483182%,up,23.53%
LGH,HCM Defender 500 Index ETF,$63.8600,0.2821,0.441747572815534%,up,27.57%
LGHT,Spinnaker ETF Series Langar Global HealthTech ETF,$8.2323,-0.0099,-0.12025800809008419%,down,-18.09%
LGLV,State Street SPDR US Large Cap Low Volatility Index ETF,$180.1300,1.0500,0.5829123410869927%,up,4.44%
LGOV,First Trust Long Duration Opportunities ETF,$21.1400,-0.0300,-0.14191106906338694%,down,1.59%
LGRO,Level Four Large Cap Growth Active ETF,$42.6321,0.1712,0.40157533877055074%,up,23.50%
LIAE,LifeX 2050 Inflation-Protected Longevity Income ETF,$207.6980,0.7582,0.36504925420562545%,up,-8.14%
LIAM,LifeX 2055 Inflation-Protected Longevity Income ETF,$235.3742,1.0633,0.4517487473138517%,up,-1.89%
LIAU,LifeX 2060 Inflation-Protected Longevity Income ETF,$260.1735,1.4896,0.5725410158990059%,up,-4.84%
LIBD,LifeX 2065 Inflation-Protected Longevity Income ETF,$276.0391,1.9575,0.7091386691233235%,up,-6.91%
LIFT,Stone Ridge Trust LifeX 2028 Income Bucket ETF,$25.0000,0.0007,0.0027999999999999995%,up,-19.67%
LIMI,Themes ETF Trust Themes Lithium & Battery Metal Miners ETF,$56.7850,0.7908,1.3926212908338471%,up,152.86%
LINT,Direxion Daily INTC Bull 2X ETF,$206.9200,4.5600,2.203750241639281%,up,692.17%
LIT,Global X Lithium & Battery Tech ETF,$85.2800,0.9000,1.0553470919324577%,up,126.75%
LITL,Simplify Exchange Traded Funds Simplify Piper Sandler US Small,$31.2125,0.1934,0.6196235482579096%,up,18.97%
LITP,Sprott Lithium Miners ETF,$15.6600,0.0400,0.2554278416347382%,up,183.18%
LITX,Investment Managers Series Trust II Tradr 2X Long LITE Daily E,$46.1900,-1.9700,-4.264992422602295%,down,353.19%
LJAN,Innovator ETFs Trust Innovator Premium Income 15 Buffer ETF - ,$24.7650,0.0200,0.0807591358772461%,up,1.08%
LJUL,Innovator Premium Income 15 Buffer ETF - July,$23.9750,0.0050,0.020855057351407715%,up,0.21%
LKOR,FlexShares Trust FlexShares Credit-Scored US Long Corporate Bo,$41.5399,0.1836,0.44198469423373676%,up,2.67%
LLDR,Global X Funds Global X Long-Term Treasury Ladder ETF,$44.0817,0.1654,0.375212389721812%,up,0.44%
LLYX,Tidal Trust II Defiance Daily Target 2X Long LLY ETF,$22.3700,0.9500,4.24675905230219%,up,64.24%
LMBS,First Trust Low Duration Opportunities ETF,$49.6552,0.0352,0.07088884950619471%,up,2.02%
LMNX,Defiance Daily Target 2x Long LMND ETF,$13.1453,-0.3157,-2.4016188295436387%,down,-19.44%
LMTL,Direxion Daily LMT Bull 2X ETF,$33.8800,1.0000,2.9515938606847696%,up,31.57%
LMUB,iShares Trust iShares Long-Term National Muni Bond ETF,$49.9600,0.0100,0.020016012810248198%,up,3.00%
LNGX,Global X Funds Global X U.S. Natural Gas ETF,$44.4900,0.0831,0.18678354686446388%,up,31.70%
LOCT,Innovator ETFs Trust Innovator Premium Income 15 Buffer ETF - ,$23.9650,0.0009,0.0037554767369079906%,up,0.73%
LODI,ETF Series Solutions AAM SLC Low Duration Income ETF,$25.2275,-0.0125,-0.04954910316123278%,down,0.85%
LOGO,Alpha Brands Consumption Leaders ETF,$20.8500,-0.0494,-0.23693045563549156%,down,4.74%
LONZ,PIMCO U.S. Treasury Index Fund PIMCO Senior Loan Active Exchan,$49.4999,-0.0101,-0.020404081624407322%,down,-2.27%
LOPP,Gabelli Love Our Planet & People ETF Gabelli Love Our Planet &,$37.0088,0.4180,1.1294611011435116%,up,31.30%
LOTI,Liberty One Tactical Income ETF,$25.9046,0.0841,0.324652764373895%,up,2.69%
LOUP,Innovator Deepwater Frontier Tech ETF,$89.0100,1.9500,2.1907650825749916%,up,65.37%
LOWV,AB Active ETFs Inc. AB US Low Volatility Equity ETF,$80.9708,0.3208,0.3961922075612443%,up,12.66%
LPRE,Exchange Listed Funds Trust Long Pond Real Estate Select ETF,$29.0934,0.0648,0.2227309286642331%,up,19.47%
LQAI,Exchange Listed Funds Trust LG QRAFT AI-Powered U.S. Large Cap,$45.6753,0.3291,0.7205207190757369%,up,37.80%
LQD,iShares iBoxx $ Investment Grade Corporate Bond ETF,$108.3700,0.2000,0.1845529205499677%,up,2.04%
LQDB,iShares Trust iShares BBB Rated Corporate Bond ETF,$85.9450,0.0360,0.04188725347606027%,up,1.59%
LQDH,iShares Interest Rate Hedged Corporate Bond ETF,$93.4700,0.1000,0.10698619878035734%,up,1.95%
LQDI,iShares Inflation Hedged Corporate Bond ETF,$26.3098,0.0145,0.05511254361492677%,up,2.70%
LQTI,First Trust Exchange-Traded Fund IV FT Vest Investment Grade &,$19.3800,0.1400,0.7223942208462334%,up,-2.66%
LRCU,Tradr 2X Long LRCX Daily ETF,$60.2100,1.2200,2.0262414881248962%,up,601.70%
LRGC,AB Active ETFs Inc. AB US Large Cap Strategic Equities ETF,$82.9000,0.0500,0.060313630880579006%,up,24.64%
LRGE,ClearBridge Large Cap Growth Select ETF,$86.3029,0.2371,0.27473004962753284%,up,15.33%
LRGF,iShares U.S. Equity Factor ETF,$75.0200,0.4400,0.5865102639296188%,up,23.96%
LRGG,Nomura Focused Large Growth ETF,$28.1300,-0.0700,-0.2488446498400285%,down,3.34%
LRND,NYLI U.S. Large Cap R&D Leaders ETF,$44.7669,0.2056,0.4592678965932419%,up,33.55%
LRNZ,Listed Funds Trust TrueShares Technology AI & Deep Learning E,$54.2423,0.7827,1.4429697855732517%,up,33.31%
LSAF,LeaderShares AlphaFactor US Core Equity ETF,$49.3314,0.4835,0.9801059771261306%,up,21.39%
LSAT,LeaderShares AlphaFactor Tactical Focused ETF,$42.8714,0.3014,0.7030327910914969%,up,8.04%
LSEQ,Harbor ETF Trust Harbor Long-Short Equity ETF,$33.8437,-0.0941,-0.27804288538191746%,down,18.39%
LSGR,Natixis ETF Trust II Natixis Loomis Sayles Focused Growth ETF,$44.9700,-0.1200,-0.266844563042028%,down,15.63%
LST,Managed Portfolio Series Leuthold Select Industries ETF,$45.6800,0.4900,1.0726795096322241%,up,32.44%
LSVD,The Advisors Inner Circle Fund LSV Disciplined Value ETF,$34.2418,0.3378,0.9865135594507299%,up,41.68%
LTCC,Canary Litecoin ETF,$12.9794,-0.2456,-1.8922292247715613%,down,-46.21%
LTL,ProShares Ultra Communication Services,$26.6429,-0.1796,-0.6741007923311652%,down,23.75%
LTPZ,Pimco 15  Year U.S. TIPS Index Exchange-Traded Fund,$50.7800,0.3550,0.6990941315478535%,up,0.38%
LTTI,First Trust Exchange-Traded Fund IV FT Vest 20+ Year Treasury ,$18.2338,0.0914,0.5012668779958099%,up,-4.06%
LULG,Leverage Shares 2X Long LULU Daily ETF,$7.8938,0.0329,0.4167827915579316%,up,-51.69%
LVDS,JPMorgan Fundamental Data Science Large Value ETF,$55.4828,0.3128,0.5637783240932326%,up,10.64%
LVHD,Franklin U.S. Low Volatility High Dividend Index ETF,$43.2369,0.2769,0.6404251923704058%,up,10.33%
LVHI,Franklin International Low Volatility High Dividend Index ETF ,$41.5000,-0.1200,-0.2891566265060241%,down,25.64%
LVIG,Longview Advantage Fixed Income ETF,$97.9836,0.0686,0.07001171624639226%,up,-1.70%
LYLD,Cambria ETF Trust Cambria Large Cap Shareholder Yield ETF,$30.1472,0.1149,0.38112992251353356%,up,19.67%
MAAY,GraniteShares YieldBOOST MARA ETF,$7.0800,0.0245,0.346045197740113%,up,-70.77%
MADE,iShares Trust iShares U.S. Manufacturing ETF,$36.9500,0.6100,1.6508795669824086%,up,46.11%
MAGA,Point Bridge America First ETF,$54.4825,0.2474,0.4540907630890653%,up,12.80%
MAGC,Roundhill China Magnificent Seven ETF,$19.6070,-0.2550,-1.300555923904728%,down,-27.41%
MAGG,Madison ETFs Trust Madison Aggregate Bond ETF,$20.1350,0.0108,0.05363794387881798%,up,0.73%
MAGS,Roundhill Magnificent Seven ETF,$69.3600,-0.1400,-0.20184544405997695%,down,33.69%
MAGX,Roundhill Daily 2X Long Magnificent Seven ETF,$59.9300,-0.2200,-0.3670949441014517%,down,59.09%
MAGY,Roundhill ETF Trust Roundhill Magnificent Seven Covered Call E,$46.9100,-0.2500,-0.5329354082285227%,down,-15.64%
MAKX,ProShares S&P Kensho Smart Factories ETF,$69.0943,1.7477,2.529441647140213%,up,75.67%
MAMB,Monarch Ambassador Income Index ETF,$24.1475,0.0225,0.09317734755150636%,up,6.82%
MANI,Man ETF Series Trust Man Active Income ETF,$25.7560,0.0133,0.05163845317595899%,up,2.45%
MAPP,Harbor ETF Trust Harbor Multi-Asset Explorer ETF,$27.8086,-0.0209,-0.07515660622972749%,down,18.19%
MARB,First Trust Merger Arbitrage ETF,$20.8850,0.0435,0.20828345702657405%,up,3.08%
MARM,FT Vest U.S. Equity Max Buffer ETF - March,$34.0494,0.0394,0.11571422697609944%,up,7.43%
MARO,Tidal Trust II YieldMax MARA Option Income Strategy ETF,$6.6400,0.0900,1.355421686746988%,up,-71.03%
MART,AIM ETF Products Trust AllianzIM U.S. Large Cap Buffer10 Mar E,$41.6000,0.0393,0.09447115384615384%,up,20.84%
MARU,AIM ETF Products Trust AllianzIM U.S. Equity Buffer15 Uncapped,$29.6413,0.1224,0.41293735429957523%,up,20.08%
MARW,AIM ETF Products Trust AllianzIM U.S. Large Cap Buffer20 Mar E,$35.9055,0.0262,0.07296932224868057%,up,13.59%
MARZ,TrueShares Structured Outcome (March) ETF,$36.6093,0.1155,0.3154936040842082%,up,17.17%
MATE,Man Active Trend Enhanced ETF,$30.7136,0.1777,0.5785710564700979%,up,23.89%
MAVF,EA Series Trust Matrix Advisors Value ETF,$134.9636,1.7104,1.267304665850644%,up,35.48%
MAXI,Simplify Bitcoin Strategy PLUS Income ETF,$10.9188,-0.2544,-2.3299263655346745%,down,-68.47%
MAYM,First Trust Exchange-Traded Fund VIII FT Vest U.S. Equity Max ,$32.8825,0.0324,0.0985326541473428%,up,6.65%
MAYP,PGIM S&P 500 Buffer 12 ETF - May,$32.1100,-0.0700,-0.2180006228589225%,down,13.25%
MAYT,AIM ETF Products Trust AllianzIM U.S. Large Cap Buffer10 May E,$38.7800,0.0400,0.10314595152140278%,up,15.33%
MAYU,AllianzIM U.S. Equity Buffer15 Uncapped May ETF,$34.0500,0.1100,0.32305433186490456%,up,23.37%
MAYW,AIM ETF Products Trust AllianzIM U.S. Large Cap Buffer20 May E,$34.6450,0.0350,0.10102467888584211%,up,10.19%
MAYZ,TrueShares Structured Outcome (May) ETF,$35.9467,0.1061,0.29515922184790255%,up,19.81%
MBB,iShares MBS ETF,$94.0800,0.1800,0.1913265306122449%,up,2.73%
MBBB,VanEck Moody's Analytics BBB Corporate Bond ETF,$21.2947,0.0311,0.14604572968860796%,up,0.74%
MBCC,Monarch Blue Chips Core Index ETF,$38.9800,0.2100,0.538737814263725%,up,12.76%
MBND,State Street Nuveen Municipal Bond ETF,$27.0550,0.0100,0.036961744594344856%,up,0.86%
MBOX,Freedom Day Dividend ETF,$39.6400,0.5600,1.4127144298688195%,up,22.02%
MBS,Angel Oak Mortgage-Backed Securities ETF,$8.6050,0.0000,0%,unch,1.35%
MBSD,FlexShares Trust FlexShares Disciplined Duration MBS Index Fun,$20.5600,0.0217,0.10554474708171206%,up,1.10%
MBSF,Valued Advisers Trust Regan Floating Rate MBS ETF,$25.5948,-0.0502,-0.1961335896353947%,down,0.49%
MBSX,Advisor Managed Portfolios Regan Fixed Rate MBS ETF,$26.1000,0.0000,0%,unch,3.69%
MCDS,JPMorgan Fundamental Data Science Mid Core ETF,$64.5741,0.5319,0.8237048599980488%,up,19.60%
MCH,Matthews International Funds Matthews China Active ETF,$29.0872,0.1592,0.5473197832723673%,up,22.54%
MCHI,iShares MSCI China ETF,$55.5400,-0.4200,-0.7562117392870004%,down,1.44%
MCHS,Matthews China Innovators Active ETF,$46.2471,1.1971,2.5884866294318996%,up,65.58%
MCOW,Pacer Funds Trust Pacer S&P MidCap 400 Quality FCF Aristocrats,$20.7100,0.3100,1.496861419604056%,up,1.50%
MDEV,First Trust Indxx Medical Devices ETF,$18.8124,0.0320,0.17010057196317324%,up,-5.74%
MDIV,Multi-Asset Diversified Income Index Fund,$16.6542,0.0442,0.2653985180915325%,up,6.18%
MDLV,EA Series Trust Morgan Dempsey Large Cap Value ETF,$31.3500,0.2183,0.6963317384370015%,up,19.74%
MDPL,Northern Lights Fund Trust IV Monarch Dividend Plus Index ETF,$26.3300,0.2300,0.8735282947208508%,up,3.66%
MDST,Ultimus Managers Trust Westwood Salient Enhanced Midstream Inc,$30.1500,0.1700,0.5638474295190713%,up,13.32%
MDY,State Street SPDR S&P MIDCAP 400 ETF Trust,$670.6500,5.4000,0.8051889957503915%,up,22.93%
SCHO,Schwab Short-Term U.S. Treasury ETF,$24.1300,-0.0200,-0.08288437629506838%,down,-0.58%
SCHP,Schwab U.S. TIPS ETF,$26.6300,0.0100,0.03755163349605708%,up,1.25%
SCHQ,Schwab Long-Term U.S. Treasury ETF,$30.7200,0.1100,0.3580729166666667%,up,0.39%
SCHR,Schwab Intermediate-Term U.S. Treasury ETF,$24.5700,-0.0100,-0.0407000407000407%,down,-0.24%
SCHV,Schwab U.S. Large-Cap Value ETF,$33.3100,0.3100,0.9306514560192134%,up,25.70%
SCHX,Schwab U.S. Large-Cap ETF,$29.3300,0.1300,0.44323218547562226%,up,27.19%
SCHY,Schwab International Dividend Equity ETF,$32.4300,-0.2500,-0.7708911501695961%,down,20.07%
SCHZ,Schwab US Aggregate Bond ETF,$23.0000,0.0100,0.043478260869565216%,up,1.19%
SCIO,First Trust Exchange-Traded Fund IV First Trust Structured Cre,$20.5500,0.0400,0.194647201946472%,up,1.23%
SCJ,iShares MSCI Japan Sm Cap,$104.6800,0.5900,0.5636224684753535%,up,28.62%
SCLS,Stoneport Advisors Commodity Long Short ETF,$25.2897,-0.0359,-0.14195502516834918%,down,26.44%
SCLZ,Northern Lights Fund Trust III Swan Enhanced Dividend Income E,$56.0700,0.1590,0.2835741037988229%,up,7.10%
SCMB,Schwab Strategic Trust Schwab Municipal Bond ETF,$25.4400,0.0300,0.11792452830188678%,up,2.09%
SCO,ProShares UltraShort Bloomberg Crude Oil,$6.3600,0.1200,1.8867924528301885%,up,-68.84%
SCOW,Pacer Funds Trust Pacer S&P SmallCap 600 Quality FCF Aristocra,$20.7180,0.2680,1.2935611545515977%,up,2.97%
SCUS,Schwab Strategic Trust Schwab Ultra-Short Income ETF,$25.1850,0.0050,0.01985308715505261%,up,0.14%
SCYB,Schwab Strategic Trust Schwab High Yield Bond ETF,$26.1900,0.0600,0.2290950744558992%,up,0.65%
SCZ,iShares MSCI EAFE Small-Cap ETF,$85.1600,0.0600,0.07045561296383279%,up,22.87%
SDCI,USCF SummerHaven Dynamic Commodity Strategy No K-1 Fund,$28.4500,-0.0700,-0.24604569420035152%,down,35.41%
SDCP,Virtus ETF Trust II Virtus Newfleet Short Duration Core Plus B,$25.5400,0.0000,0%,unch,-1.04%
SDD,ProShares UltraShort SmallCap600,$9.4864,-0.1433,-1.5105835722718841%,down,-45.47%
SDEM,Global X MSCI SuperDividend Emerging Markets ETF,$32.5202,-0.0665,-0.20448828727990603%,down,22.64%
SDFI,AB Active ETFs Inc. AB Short Duration Income ETF,$35.5200,0.0050,0.014076576576576575%,up,-0.01%
SDG,iShares MSCI Global Sustainable Development Goals ETF,$91.1593,-0.0282,-0.03093485799035315%,down,22.35%
SDIV,Global X SuperDividend ETF,$25.1500,-0.3200,-1.2723658051689861%,down,18.80%
SDOG,ALPS Sector Dividend Dogs ETF,$68.0100,1.1500,1.6909278047345975%,up,21.51%
SDOW,UltraPro Short Dow30,$27.0400,-0.4600,-1.7011834319526629%,down,-44.43%
SDP,ProShares UltraShort Utilities,$10.9298,-0.2024,-1.8518179655620413%,down,-25.44%
SDS,ProShares UltraShort S&P500,$57.6900,-0.4000,-0.6933610677760444%,down,-38.73%
SDSI,American Century Short Duration Strategic Income ETF,$51.2700,0.0050,0.009752291788570313%,up,0.50%
SDTY,YieldMax S&P 500 0DTE Covered Call Strategy ETF,$42.6300,0.2672,0.62678864649308%,up,-0.96%
SDVD,FT Vest SMID Rising Dividend Achievers Target Income ETF,$22.3700,0.0600,0.26821636119803305%,up,12.02%
SDVY,First Trust SMID Cap Rising Dividend Achievers ETF,$41.5400,0.1800,0.43331728454501683%,up,21.71%
SDY,State Street SPDR S&P Dividend ETF,$149.9600,1.1800,0.7868765004001067%,up,12.56%
SEA,ETF Series Solutions U.S. Global Sea to Sky Cargo ETF,$17.3741,-0.1235,-0.7108281867837759%,down,21.75%
SECR,NYLI MacKay Securitized Income ETF,$25.3939,0.0206,0.08112184422243138%,up,-0.77%
SECT,Northern Lights Fund Trust IV Main Sector Rotation ETF,$69.7100,0.4000,0.5738057667479559%,up,28.90%
SEEM,SEI Select Emerging Markets Equity ETF,$38.2012,-0.0938,-0.24554202485785784%,down,46.59%
SEF,ProShares Short Financials,$32.5962,-0.1126,-0.34543903890637556%,down,-3.56%
SEIE,SEI Select International Equity ETF,$35.0291,-0.0467,-0.13331772726104868%,down,23.04%
SEIM,SEI Enhanced U.S. Large Cap Momentum Factor ETF,$52.9200,0.0400,0.07558578987150416%,up,35.17%
SEIQ,SEI Enhanced U.S. Large Cap Quality Factor ETF,$40.1440,0.3540,0.8818254284575529%,up,11.11%
SEIS,SEI Select Small Cap ETF,$31.4495,0.2904,0.9233851094611997%,up,29.35%
SEIV,SEI Enhanced U.S. Large Cap Value Factor ETF,$46.8500,0.7700,1.6435432230522946%,up,38.22%
SEIX,Virtus Seix Senior Loan ETF,$23.2250,0.0150,0.06458557588805167%,up,-0.96%
SELV,SEI Enhanced Low Volatility U.S. Large Cap ETF,$33.2638,0.2538,0.7629916004785984%,up,8.63%
SEMG,EA Series Trust Suncoast Select Growth ETF,$26.6000,0.0570,0.21428571428571427%,up,5.60%
SEMI,Columbia Select Technology ETF,$37.5623,0.0914,0.24332908261741157%,up,50.30%
SEMY,GraniteShares YieldBOOST Semiconductor ETF,$16.6200,0.0346,0.20818291215403129%,up,-32.14%
SEPI,SCM Trust Shelton Equity Premium Income ETF,$27.9900,0.1300,0.46445158985351914%,up,12.14%
SEPM,First Trust Exchange-Traded Fund VIII FT Vest U.S. Equity Max ,$32.6700,0.0300,0.09182736455463728%,up,8.20%
SEPP,PGIM S&P 500 Buffer 12 ETF - September,$32.0400,0.0500,0.1560549313358302%,up,18.54%
SEPT,AIM ETF Products Trust AllianzIM U.S. Large Cap Buffer10 Sep E,$37.1676,0.0876,0.23568914861330836%,up,20.84%
SEPU,AIM ETF Products Trust AllianzIM U.S. Equity Buffer15 Uncapped,$31.0100,0.1100,0.3547242824895195%,up,21.18%
SEPW,AIM ETF Products Trust AllianzIM U.S. Large Cap Buffer20 Sep E,$33.1300,0.0300,0.09055236945366736%,up,13.44%
SEPZ,TrueShares Structured Outcome (September) ETF,$45.3370,0.1454,0.3207093543904537%,up,19.12%
SETH,ProShares Short Ether ETF,$47.5750,1.7550,3.6889122438255386%,up,-21.02%
SETM,Sprott Critical Materials ETF,$35.0300,0.1300,0.3711104767342278%,up,141.42%
SFEB,First Trust Exchange-Traded Fund VIII FT Vest U.S. Small Cap M,$25.5900,0.1483,0.5795232512700272%,up,24.18%
SFGV,Sequoia Global Value ETF,$34.8800,0.2400,0.6880733944954128%,up,23.64%
SFLO,VictoryShares Small Cap Free Cash Flow ETF,$32.9803,0.4673,1.416906456278445%,up,32.93%
SFLR,Innovator ETFs Trust Innovator Equity Managed Floor ETF,$38.3300,0.1600,0.4174276024002087%,up,19.48%
SFTY,Horizon Funds Horizon Managed Risk ETF,$30.6100,0.0800,0.26135249918327347%,up,21.31%
SFY,SoFi Select 500 ETF,$147.4900,0.3800,0.2576445860736321%,up,34.52%
SFYF,SoFi Social 50 ETF,$62.4700,0.1800,0.2881383063870658%,up,42.27%
SGDJ,Sprott Junior Gold Miners ETF,$85.4400,0.2700,0.3160112359550562%,up,81.98%
SGDM,Sprott Gold Miners ETF,$70.4600,-1.0000,-1.4192449616803862%,down,68.40%
SGLC,The RBB Fund Inc. SGI U.S. Large Cap Core ETF,$42.9800,0.1099,0.255700325732899%,up,33.35%
SGOL,abrdn Physical Gold Shares ETF,$42.9400,-0.3000,-0.6986492780624127%,down,36.84%
SGOV,iShares 0-3 Month Treasury Bond ETF,$100.6300,0.0500,0.049686972075921695%,up,0.02%
SGRT,Tidal Trust I SMART Earnings Growth 30 ETF,$34.9578,0.1878,0.5372191613888746%,up,74.80%
SGVT,Schwab Strategic Trust Schwab Government Money Market ETF,$100.7282,0.0582,0.057779251490645125%,up,0.71%
SH,ProShares Short S&P500,$33.3100,-0.1100,-0.3302311618132693%,down,-21.27%
SHAG,WisdomTree Yield Enhanced U.S. Short-Term Aggregate Bond Fund,$47.4350,0.0014,0.002951407188784652%,up,-0.35%
SHDG,Trust For Advised Portfolios Soundwatch Hedged Equity ETF,$32.4822,0.0112,0.034480423124049475%,up,13.23%
SHE,State Street SPDR MSCI USA Gender Diversity ETF,$151.8741,1.0041,0.6611397203341451%,up,27.77%
SHEH,Precidian ETFs Trust Shell plc ADRhedged,$62.4758,-0.3399,-0.5440506564141635%,down,31.56%
SHLD,Global X Funds Global X Defense Tech ETF,$65.1500,0.7800,1.1972371450498849%,up,18.37%
SHM,State Street SPDR Nuveen ICE Short Term Municipal Bond ETF,$47.7200,-0.0200,-0.041911148365465216%,down,0.65%
SHNY,Bank Of Montreal MicroSectors Gold 3X Leveraged ETNs due Janua,$11.7900,-0.2800,-2.3748939779474134%,down,64.83%
SHOC,EA Series Trust Strive U.S. Semiconductor ETF,$107.6573,1.5973,1.4836894479055296%,up,134.93%
SHPP,Pacer Funds Pacer Industrials and Logistics ETF,$33.5989,0.0518,0.15417171395492113%,up,21.84%
SHPU,Direxion Daily SHOP Bull 2X ETF,$9.5260,-0.3140,-3.2962418643711944%,down,-73.50%
SHRT,Gotham Short Strategies ETF,$6.4026,-0.0874,-1.3650704401336957%,down,-20.26%
SHRY,First Trust Bloomberg Shareholder Yield ETF,$44.1569,0.4014,0.909031204636195%,up,6.81%
SHUS,Exchange Listed Funds Trust Stratified LargeCap Hedged ETF,$49.6179,0.5097,1.027250246382858%,up,16.46%
SHV,iShares Trust iShares 0-1 Year Treasury Bond ETF,$110.3100,0.0200,0.018130722509291996%,up,-0.02%
SHY,iShares 1-3 Year Treasury Bond ETF,$82.1200,-0.0200,-0.024354603019970774%,down,-0.39%
SHYD,VanEck ETF Trust VanEck Short High Yield Muni ETF,$22.5700,0.0000,0%,unch,0.76%
SHYG,iShares 0-5 Year High Yield Corporate Bond ETF,$42.4400,0.0100,0.023562676720075403%,up,0.09%
SHYL,Xtrackers Short Duration High Yield Bond ETF,$44.4000,0.0000,0%,unch,-0.35%
SHYM,iShares Short Duration High Yield Muni Active ETF,$22.1400,0.0350,0.15808491418247517%,up,-0.40%
SIFI,Harbor Ares Systematic Multi-Sector Income ETF,$43.5203,0.0339,0.07789468363039777%,up,1.26%
SIHY,Harbor Ares Systematic High Yield ETF,$45.3000,0.0100,0.02207505518763797%,up,1.42%
SIJ,ProShares UltraShort Industrials,$8.9100,-0.3428,-3.847362514029181%,down,-36.17%
SIL,Global X Silver Miners ETF,$88.1100,-1.2700,-1.4413800930654863%,down,110.19%
SILJ,Amplify ETF Trust Amplify Junior Silver Miners ETF,$28.8300,-0.3700,-1.2833853624696498%,down,128.27%
SIMS,State Street SPDR S&P Kensho Intelligent Structures ETF,$46.2804,0.5716,1.2350800770952715%,up,40.16%
SIO,Touchstone Strategic Income ETF,$25.6455,0.0055,0.021446257628043905%,up,0.08%
SIVR,abrdn Physical Silver Shares ETF,$71.8200,-1.1400,-1.5873015873015872%,down,128.07%
SIXA,ETC 6 Meridian Mega Cap Equity ETF,$55.9895,0.4140,0.7394243563525303%,up,19.92%
SIXD,AllianzIM U.S. Large Cap 6 Month Buffer10 Jun/Dec ETF,$30.8000,0.0650,0.21103896103896103%,up,15.53%
SIXF,AIM ETF Products Trust AllianzIM U.S. Large Cap 6 Month Buffer,$33.7300,0.0400,0.11858879335902758%,up,17.95%
SIXH,ETC 6 Meridian Hedged Equity Index Option ETF,$42.4476,0.1376,0.32416438149624477%,up,11.41%
SIXJ,AIM ETF Products Trust AllianzIM U.S. Large Cap 6 Month Buffer,$36.0700,0.0572,0.15858053784308287%,up,17.63%
SIXL,ETC 6 Meridian Low Beta Equity ETF,$38.4185,0.0741,0.19287582805158973%,up,5.97%
SIXO,AllianzIM U.S. Large Cap 6 Month Buffer10 Apr/Oct ETF,$35.5600,0.0000,0%,unch,10.09%
SIXP,AIM ETF Products Trust AllianzIM U.S. Large Cap 6 Month Buffer,$33.4650,0.0550,0.16435081428357984%,up,18.73%
SIXS,ETC 6 Meridian Small Cap Equity ETF,$54.1719,0.1519,0.2804036779215793%,up,19.01%
SIXZ,AllianzIM U.S. Large Cap 6 Month Buffer10 May/Nov ETF,$31.3000,0.0600,0.19169329073482427%,up,13.30%
SIZE,iShares MSCI USA Size Factor ETF,$173.9200,1.7300,0.9947102115915364%,up,17.28%
SJB,ProShares Short High Yield,$15.3650,0.0050,0.03254149040026033%,up,-4.27%
SJCP,SanJac Alpha Core Plus Bond ETF,$25.0600,-0.0250,-0.09976057462090983%,down,0.40%
SJLD,SanJac Alpha Low Duration ETF,$25.4250,-0.0050,-0.01966568338249754%,down,1.05%
SJNK,State Street SPDR Bloomberg Short Term High Yield Bond ETF,$25.0400,0.0200,0.07987220447284345%,up,-0.12%
SKF,ProShares UltraShort Financials,$28.0729,-0.1571,-0.5596144324241528%,down,-9.18%
SKOR,FlexShares Credit-Scored US Corporate Bond Index Fund,$48.3550,0.0098,0.020266776962051494%,up,0.71%
SKRE,Tuttle Capital Daily 2X Inverse Regional Banks ETF,$7.4800,-0.0288,-0.3850267379679144%,down,-44.05%
SKYU,ProShares Ultra Cloud Computing,$36.1617,1.7217,4.761114659985564%,up,19.03%
SKYY,First Trust Cloud Computing ETF,$133.0300,3.2600,2.450575058257536%,up,16.28%
SLDR,Global X Funds Global X Short-Term Treasury Ladder ETF,$49.7100,-0.0409,-0.08227720780527056%,down,-0.72%
SLJY,Amplify SILJ Junior Silver Miners Covered Call ETF,$32.4200,-0.3101,-0.9565083281924737%,down,32.76%
SLNZ,TCW Senior Loan ETF,$45.7485,0.0385,0.0841557646698799%,up,-3.16%
SLON,ProShares Trust ProShares Ultra Solana ETF,$5.0300,-0.4200,-8.34990059642147%,down,-86.83%
SLQD,iShares 0-5 Year Investment Grade Corporate Bond ETF,$50.2850,0.0050,0.009943323058566173%,up,0.19%
SLTY,Tidal Trust II YieldMax Ultra Short Option Income Strategy ETF,$24.8500,-0.3800,-1.5291750503018107%,down,-50.26%
SLV,iShares Silver Trust,$68.3600,-1.0900,-1.5944997074312466%,down,127.64%
SLVO,X-Links Silver Shares Covered Call ETN,$84.5900,-0.2300,-0.2718997517437049%,down,9.94%
SLVP,iShares MSCI Global Silver and Metals Miners ETF,$34.9600,-0.5500,-1.5732265446224258%,down,129.85%
SLVR,Sprott Silver Miners & Physical Silver ETF,$59.2100,-0.9400,-1.5875696672859314%,down,135.52%
SLX,VanEck Steel ETF,$106.6700,0.6300,0.5906065435455142%,up,72.91%
SLYG,State Street SPDR S&P 600 Small Cap Growth ETF,$108.0900,0.8300,0.7678786196687944%,up,27.15%
SLYV,State Street SPDR S&P 600 Small Cap Value ETF,$103.3600,0.9100,0.8804179566563467%,up,35.36%
SMAP,Amplify ETF Trust Amplify Small-Mid Cap Equity ETF,$26.2042,0.1401,0.5346471176376306%,up,11.82%
SMAX,iShares Trust iShares Large Cap Max Buffer Sep ETF,$27.7200,0.0200,0.07215007215007216%,up,8.73%
SMAY,FT Vest U.S. Small Cap Moderate Buffer ETF - May,$27.5800,0.1352,0.4902102973168963%,up,19.08%
SMB,VanEck ETF Trust VanEck Short Muni ETF,$17.2450,0.0050,0.028993911278631487%,up,0.76%
SMBS,Schwab Strategic Trust Schwab Mortgage-Backed Securities ETF,$25.2700,0.0300,0.1187178472497032%,up,1.69%
SMCF,Themes US Small Cap Cash Flow Champions ETF,$37.7237,0.1293,0.34275535008495983%,up,32.40%
SMCL,GraniteShares 2x Long SMCI Daily ETF,$72.4200,7.9942,11.03866335266501%,up,-74.34%
SMCO,Hilton Small-MidCap Opportunity ETF,$29.7121,0.2389,0.8040495286432128%,up,21.64%
SMCX,Defiance Daily Target 2x Long SMCI ETF,$17.8800,1.9800,11.073825503355705%,up,-76.58%
SMCY,Tidal Trust II YieldMax SMCI Option Income Strategy ETF,$6.5700,0.2100,3.1963470319634704%,up,-66.77%
SMCZ,Defiance Daily Target 2X Short SMCI ETF,$11.3800,-1.6800,-14.762741652021088%,down,-82.46%
SMDD,UltraPro Short MidCap400,$8.7904,-0.1896,-2.1568984346559885%,down,-50.50%
SMDV,ProShares Russell 2000 Dividend Growers ETF,$72.0800,0.2000,0.27746947835738067%,up,13.48%
SMDX,Tidal Trust III Intech S&P Small-Mid Cap Diversified Alpha ETF,$25.7304,0.1981,0.7699064142026552%,up,29.69%
SMH,VanEck Semiconductor ETF,$576.3200,8.4400,1.4644641865630204%,up,139.33%
SMHB,ETRACS Monthly Pay 2xLeveraged US Small Cap High Dividend ETN ,$3.8155,0.1155,3.0271261957803697%,up,-3.89%
SMHX,VanEck Fabless Semiconductor ETF,$60.2900,1.4900,2.4713882899319954%,up,118.59%
SMIG,Bahl & Gaynor Small/Mid Cap Income Growth ETF,$31.9000,0.3700,1.1598746081504703%,up,11.66%
SMIN,Ishares MSCI India Small Cap ETF,$66.4400,0.0400,0.060204695966285374%,up,-8.47%
SMIZ,Zacks Trust Zacks Small/Mid Cap ETF,$42.0800,0.3000,0.7129277566539924%,up,30.36%
SMLF,iShares U.S. Small-Cap Equity Factor ETF,$83.9800,0.7800,0.9287925696594427%,up,29.92%
SMLL,Harbor ETF Trust Harbor Active Small Cap ETF,$20.3469,0.1774,0.8718772884321445%,up,-1.93%
SMLV,State Street SPDR US Small Cap Low Volatility Index ETF,$147.8004,0.6604,0.4468188178110478%,up,21.08%
SMMD,iShares Trust iShares Russell 2500 ETF,$87.0100,0.6400,0.7355476382025055%,up,35.02%
SMMU,Short Term Municipal Bond Active Exchange-Traded Fund,$50.3300,0.0000,0%,unch,1.02%
SMMV,iShares MSCI USA Small-Cap Min Vol Factor ETF,$44.6984,0.1434,0.32081685250478764%,up,7.73%
SMN,ProShares UltraShort Materials,$10.5198,-0.0810,-0.76997661552501%,down,-30.58%
SMOG,VanEck Low Carbon Energy ETF,$151.9537,-0.1795,-0.1181280877003982%,down,38.88%
SMOM,Symmetry Panoramic Sector Momentum ETF,$27.7519,0.1785,0.6431992043787992%,up,10.38%
SMOT,VanEck ETF Trust VanEck Morningstar SMID Moat ETF,$37.8043,0.4743,1.2546191835320322%,up,13.97%
SMQ,Investment Managers Series Trust II Tradr 1X Short Innovation ,$42.1511,-0.5550,-1.3166916165888911%,down,-16.06%
SMRF,ALPS ETF Trust ALPS Nautilus SMR Nuclear & Technology ETF,$26.9500,0.1519,0.5636363636363637%,up,3.42%
SMRI,Bushido Capital US Equity ETF,$40.0713,0.8641,2.1564062059379157%,up,28.43%
SMST,Defiance Daily Target 2x Short MSTR ETF,$31.1900,1.6900,5.4184033344020515%,up,19.96%
SMTH,ALPS Smith Core Plus Bond ETF,$25.5900,0.0400,0.15631105900742479%,up,1.03%
SMU,Tradr 2X Long SMR Daily ETF,$12.4300,0.1800,1.4481094127111827%,up,-96.94%
SMUP,ETF Opportunities Trust T-REX 2X Long SMR Daily Target ETF,$9.4900,0.0500,0.5268703898840885%,up,-99.85%
SMYY,GraniteShares YieldBOOST SMCI ETF,$8.3005,0.0363,0.4373230528281429%,up,-67.42%
SMZ,Investment Managers Series Trust II Tradr 2X Short SMR Daily E,$24.3430,-0.2270,-0.9325062646345972%,down,-14.50%
SNAG,Leverage Shares 2X Long SNAP Daily ETF,$7.0500,0.0581,0.8241134751773049%,up,-54.37%
SNAV,Collaborative Investment Series Trust Mohr Sector Nav ETF,$38.0315,0.2423,0.6371034537159985%,up,24.54%
SNOU,ETF Opp Tr T-REX 2X Long SNOW Daily Target ETF,$21.2600,1.5600,7.337723424270931%,up,-53.79%
SNOV,FT Vest U.S. Small Cap Moderate Buffer ETF - November,$26.5240,0.0940,0.3543960187000452%,up,18.57%
SNOY,Tidal Trust II YieldMax SNOW Option Income Strategy ETF,$7.7300,0.2000,2.5873221216041395%,up,-54.40%
SNPD,Xtrackers S&P Dividend Aristocrats Screened ETF,$28.9051,0.2478,0.8572881602208605%,up,11.91%
SNPE,Xtrackers S&P 500 Scored & Screened ETF,$67.9200,0.1000,0.14723203769140164%,up,30.82%
SNPG,Xtrackers S&P 500 Growth Scored & Screened ETF,$56.7595,0.0549,0.09672389644024347%,up,26.77%
SNSR,Global X Internet of Things ETF,$50.3800,1.3800,2.739182215164748%,up,42.44%
SNTH,Tidal Trust III MRP SynthEquity ETF,$30.0300,0.1205,0.4012654012654012%,up,16.07%
SNXX,Investment Managers Series Trust II Tradr 2X Long SNDK Daily E,$170.2500,-14.7200,-8.646108663729809%,down,553.30%
SOCL,Global X Social Media ETF,$44.3250,-0.2250,-0.5076142131979695%,down,-3.62%
SOFA,Direxion Daily SOFI Bull 2X ETF,$11.9527,-0.0921,-0.7705372007998194%,down,-49.29%
SOFR,Amplify ETF Trust Amplify Samsung SOFR ETF,$100.3750,0.0150,0.014943960149439602%,up,-0.08%
SOFX,Defiance Daily Target 2X Long SOFI ETF,$8.2500,-0.0400,-0.48484848484848486%,down,-25.88%
SOLC,Canary Marinade Solana ETF,$16.7865,-0.6203,-3.6952312870461377%,down,-38.51%
SOLR,Guinness Atkinson Sustainable Energy ETF,$35.1209,0.4609,1.3123240008086352%,up,37.37%
SOLT,2x Solana ETF,$45.4000,-3.7700,-8.30396475770925%,down,-89.86%
SOLZ,Solana ETF,$8.4977,-0.3123,-3.675112089153536%,down,-57.89%
SOUX,Defiance Daily Target 2X Long SOUN ETF,$20.1331,-0.8900,-4.420581033223895%,down,-76.56%
SOVF,Elevation Series Trust Sovereign's Capital Flourish Fund,$28.5937,0.3375,1.1803299328173689%,up,-2.71%
SOXL,Direxion Daily Semiconductor Bull 3X ETF,$190.5600,12.1700,6.386439966414778%,up,1054.21%
SOXQ,Invesco PHLX Semiconductor ETF,$96.0500,1.8800,1.9573138990109318%,up,155.38%
SOXS,Direxion Daily Semiconductor Bear 3X ETF,$7.7300,-0.5600,-7.244501940491592%,down,-97.00%
SOXX,iShares PHLX SOX Semiconductor Sector Index Fund,$537.3300,12.6200,2.348649805519885%,up,161.16%
SOXY,Tidal Trust II YieldMax Target 12 Semiconductor Option Income ,$95.1012,2.1036,2.2119594705429586%,up,103.71%
SOYB,Teucrium Soybean Fund ETV,$25.0600,0.0500,0.19952114924181966%,up,13.24%
SPAB,State Street SPDR Portfolio Aggregate Bond ETF,$25.3700,0.0300,0.11824990145841545%,up,1.28%
SPAM,Themes Cybersecurity ETF,$38.3528,0.9718,2.5338436828601822%,up,22.41%
SPAQ,Horizon Kinetics SPAC Active ETF,$92.4092,0.0095,0.01028036169558875%,up,-9.81%
SPBC,Simplify US Equity PLUS Bitcoin Strategy ETF,$48.1556,0.0841,0.17464220153004012%,up,22.85%
SPBO,State Street SPDR Portfolio Corporate Bond ETF,$28.9000,0.0400,0.1384083044982699%,up,1.58%
SPBU,AIM ETF Products Trust AllianzIM Buffer15 Uncapped Allocation ,$30.2100,0.1300,0.43032108573320094%,up,21.28%
SPBW,AIM ETF Products Trust AllianzIM Buffer20 Allocation ETF,$28.5491,0.0289,0.10122911054989474%,up,13.38%
SPBX,AIM ETF Products Trust AllianzIM 6 Month Buffer10 Allocation E,$28.9300,0.0365,0.1261666090563429%,up,15.54%
SPCK,SPAC and New Issue ETF,$22.4000,0.0989,0.4415178571428572%,up,-10.69%
SPCT,Liberty One Spectrum ETF,$27.5353,0.1275,0.4630419861051087%,up,9.48%
SPCZ,Listed Funds Trust RiverNorth Enhanced Pre-Merger SPAC ETF,$25.9590,0.0640,0.2465426249085096%,up,-4.98%
SPD,Simplify Exchange Traded Funds Simplify US Equity PLUS Downsid,$41.3172,0.1891,0.45767864230877214%,up,13.29%
SPDG,State Street SPDR Portfolio S&P Sector Neutral Dividend ETF,$46.5747,0.7747,1.6633494150257544%,up,25.34%
SPDN,Direxion Daily S&P 500 Bear 1X ETF,$8.7400,-0.0300,-0.34324942791762014%,down,-20.69%
SPDV,AAM S&P 500 High Dividend Value ETF,$39.0876,0.7139,1.82641042171942%,up,24.51%
SPDW,State Street SPDR Portfolio Developed World ex-US ETF,$50.2100,-0.1300,-0.25891256721768574%,down,27.79%
SPEM,State Street SPDR Portfolio Emerging Markets ETF,$51.3900,0.3000,0.5837711617046117%,up,23.92%
SPEU,State Street SPDR Portfolio Europe ETF,$55.0541,-0.1947,-0.3536521349000348%,down,15.20%
SPFF,Global X SuperIncome Preferred ETF,$9.4449,0.0399,0.42245021122510557%,up,8.44%
SPGM,State Street SPDR Portfolio MSCI Global Stock Market ETF,$85.0600,0.0400,0.04702562896778744%,up,29.35%
SPGP,Invesco S&P 500 GARP ETF,$118.2500,0.5600,0.4735729386892178%,up,16.57%
SPHB,Invesco S&P 500 High Beta ETF,$141.9800,1.9800,1.3945626144527399%,up,62.39%
SPHD,Invesco S&P 500 High Dividend Low Volatility ETF,$50.4500,0.2700,0.535183349851338%,up,7.94%
SPHQ,Invesco S&P 500 Quality ETF,$84.6400,0.9400,1.110586011342155%,up,21.80%
SPHY,State Street SPDR Portfolio High Yield Bond ETF,$23.4100,0.0100,0.042716787697565144%,up,0.34%
SPIB,State Street SPDR Portfolio Intermediate Term Corporate Bond E,$33.3500,0.0000,0%,unch,0.97%
SPIN,State Street US Equity Premium Income ETF,$32.1667,0.0767,0.23844534876129667%,up,11.79%
SPIP,State Street SPDR Portfolio TIPS ETF,$25.8800,-0.0100,-0.03863987635239567%,down,0.74%
SPIT,F/m Emerald Special Situations ETF,$32.2731,0.3810,1.1805497457634997%,up,21.98%
SPLB,State Street SPDR Portfolio Long Term Corporate Bond ETF,$22.1600,0.0800,0.36101083032490977%,up,2.97%
SPLV,Invesco S&P 500 Low Volatility ETF,$74.0900,0.4000,0.5398839249561344%,up,2.31%
SPMB,State Street SPDR Portfolio Mortgage Backed Bond ETF,$22.1600,0.0500,0.22563176895306858%,up,2.83%
SPMD,State Street SPDR Portfolio S&P 400 Mid Cap ETF,$64.4500,0.5500,0.8533747090768038%,up,23.07%
SPMO,Invesco S&P 500 Momentum ETF,$144.9400,0.2500,0.1724851662757003%,up,40.46%
SPOG,Leverage Shares 2x Long SPOT Daily ETF,$8.1800,0.8839,10.80562347188264%,up,-46.18%
SPPP,Sprott Physical Platinum and Palladium Trust,$14.8700,-0.3400,-2.2864828513786146%,down,43.53%
SPRE,SP Funds S&P Global REIT Sharia ETF,$21.1600,-0.0200,-0.0945179584120983%,down,11.08%
SPRX,Spear Alpha ETF,$52.9000,1.3600,2.570888468809074%,up,98.42%
SPSB,State Street SPDR Portfolio Short Term Corporate Bond ETF,$29.9900,0.0000,0%,unch,-0.07%
SPSK,SP Funds Dow Jones Global Sukuk ETF,$17.9850,0.0150,0.08340283569641369%,up,-0.36%
SPSM,State Street SPDR Portfolio S&P 600 Small Cap ETF,$53.4400,0.4200,0.7859281437125749%,up,31.04%
SPTB,State Street SPDR Portfolio Treasury ETF,$29.9219,0.0598,0.19985361892125833%,up,-0.14%
SPTE,SP Funds Trust SP Funds S&P Global Technology ETF,$46.1600,0.6200,1.34315424610052%,up,62.67%
SPTI,State Street SPDR Portfolio Intermediate Term Treasury ETF,$28.2700,0.0000,0%,unch,-0.11%
SPTL,State Street SPDR Portfolio Long Term Treasury ETF,$25.7100,0.1000,0.38895371450797356%,up,0.90%
SPTM,State Street SPDR Portfolio S&P 1500 Composite Stock Market ET,$90.3500,0.3800,0.42058660763696737%,up,27.70%
SPTS,State Street SPDR Portfolio Short Term Treasury ETF,$29.0000,-0.0100,-0.034482758620689655%,down,-0.48%
SPUC,Simplify Exchange Traded Funds Simplify US Equity PLUS Upside ,$49.6780,0.1924,0.38729417448367487%,up,21.22%
SPUS,SP Funds S&P 500 Sharia Industry Exclusions ETF,$57.2300,0.2600,0.4543071815481391%,up,38.00%
SPUT,Innovator ETFs Trust Innovator Equity Premium Income - Daily P,$28.5223,0.0793,0.2780280692651013%,up,13.10%
SPUU,Direxion Daily S&P 500 Bull 2X ETF,$215.1300,1.2900,0.5996374285315855%,up,54.07%
SPVM,Invesco S&P 500 Value with Momentum ETF,$72.2338,0.7650,1.059060993606871%,up,25.78%
SPWO,SP Funds Trust SP Funds S&P World (ex-US) ETF,$32.7900,-0.0100,-0.030497102775236352%,down,39.65%
SPXD,Xtrackers S&P 500 Diversified Sector Weight ETF,$28.1336,0.2557,0.9088776409702276%,up,13.18%
SPXE,ProShares S&P 500 Ex-Energy ETF,$80.2832,0.3394,0.4227534527771688%,up,27.38%
SPXL,Direxion Daily S&P 500 Bull 3X ETF,$273.0800,2.8400,1.0399882818221766%,up,85.58%
SPXN,ProShares S&P 500 Ex-Financials ETF,$82.4105,0.3487,0.4231256939346322%,up,32.47%
SPXS,Direxion Daily S&P 500 Bear 3X ETF,$27.0000,-0.3000,-1.1111111111111112%,down,-51.96%
SPXT,ProShares S&P 500 Ex-Technology ETF,$108.5107,0.3405,0.3137939392152111%,up,17.47%
SPXU,ProShares UltraPro Short S&P500,$37.8800,-0.3900,-1.0295670538542765%,down,-53.10%
SPXV,ProShares S&P 500 Ex-Health Care ETF,$82.3953,0.2736,0.33205777514008683%,up,29.30%
SPY,State Street SPDR S&P 500 ETF Trust Unit,$745.6400,2.9200,0.39160989217316666%,up,27.88%
SPYA,The RBB Fund Trust Twin Oak Endure ETF,$30.0612,0.1876,0.6240602504224715%,up,19.13%
SPYC,Simplify Exchange Traded Funds Simplify US Equity PLUS Convexi,$45.3549,0.2000,0.44096668717161763%,up,15.94%
SPYD,State Street SPDR Portfolio S&P 500 High Dividend ETF,$47.7100,0.4800,1.0060783902745756%,up,14.08%
SPYG,State Street SPDR Portfolio S&P 500 Growth ETF,$118.2800,0.0000,0%,unch,33.62%
SPYH,NEOS ETF Trust NEOS S&P 500 Hedged Equity Income ETF,$56.3640,0.1291,0.22904690937477823%,up,11.50%
SPYI,NEOS S&P 500 High Income ETF,$53.3800,0.1200,0.22480329711502434%,up,9.81%
SPYM,State Street SPDR Portfolio S&P 500 ETF,$87.7500,0.3300,0.37606837606837606%,up,27.97%
SPYQ,Tradr 2X Long SPY Quarterly ETF,$186.4998,1.3215,0.7085798483430008%,up,50.83%
SPYT,Tidal Trust II Defiance S&P 500 Target Income ETF,$17.8300,0.0400,0.22434099831744253%,up,2.06%
SPYU,Bank Of Montreal MAX S&P 500 4X Leveraged ETNs due October 30,$34.1600,0.4700,1.3758782201405153%,up,93.98%
SPYV,State Street SPDR Portfolio S&P 500 Value ETF,$61.0800,0.4900,0.802226588081205%,up,21.46%
SPYX,State Street SPDR S&P 500 Fossil Fuel Reserves Free ETF,$61.0000,0.2300,0.3770491803278688%,up,27.30%
SQLV,Royce Quant Small-Cap Quality Value ETF,$48.3490,0.5540,1.1458354878074006%,up,26.92%
SQMX,First Trust Exchange-Traded Fund VIII FT Vest U.S. Equity Quar,$34.0500,0.0300,0.0881057268722467%,up,9.15%
SQQQ,ProShares UltraPro Short QQQ,$41.5000,-0.4600,-1.108433734939759%,down,-66.04%
SQS,Sapient Quality Select ETF,$27.9572,0.0618,0.22105217976049102%,up,10.44%
SRET,Global X SuperDividend REIT ETF,$22.4900,-0.0348,-0.1547354379724322%,down,11.28%
SRHQ,SRH U.S. Quality GARP ETF,$43.6945,0.4584,1.0491022897618694%,up,21.07%
SRHR,Elevation Series Trust SRH REIT Covered Call ETF,$57.9526,0.1443,0.24899659376801045%,up,8.86%
SRLN,State Street Blackstone Senior Loan ETF,$40.4600,-0.0400,-0.09886307464162135%,down,-1.87%
SROI,Calamos ETF Trust Calamos Antetokounmpo Global Sustainable Equ,$36.7376,0.0122,0.033208483951047425%,up,19.30%
SRPU,Investment Managers Series Trust II Tradr 2X Long SRPT Daily E,$6.8900,-0.2000,-2.902757619738752%,down,-70.99%
SRS,ProShares UltraShort Real Estate,$40.2265,-0.1465,-0.36418778665804874%,down,-20.50%
SRTY,ProShares UltraPro Short Russell2000,$25.8200,-0.6800,-2.6336173508907823%,down,-69.09%
SRVR,Pacer Data & Infrastructure Real Estate ETF,$34.3500,-0.0200,-0.05822416302765648%,down,10.45%
SSFI,Day Hagan Smart Sector Fixed Income ETF,$21.2800,0.0200,0.09398496240601503%,up,1.17%
SSG,ProShares UltraShort Semiconductors,$14.1800,0.0600,0.4231311706629055%,up,-81.06%
SSK,ETF Opportunities Trust REX-Osprey SOL + Staking ETF,$11.4700,-0.4500,-3.923278116826504%,down,-55.71%
SSO,ProShares Ultra S&P500,$67.5100,0.4800,0.7110057769219374%,up,54.59%
SSPY,Exchange Listed Funds Trust Stratified LargeCap Index ETF,$95.1075,0.9475,0.9962410956023448%,up,19.63%
SSS,CYBER HORNET S&P 500 and Solana 75/25 Strategy ETF,$20.5122,-0.1278,-0.6230438470763741%,down,-1.98%
SSUS,Day Hagan Smart Sector ETF,$54.6190,0.2990,0.5474285505044032%,up,29.03%
SSXU,Day Hagan Smart Sector International ETF,$35.9684,-0.1216,-0.33807453208927835%,down,16.76%
STAX,Nomura Tax-Free USA Short Term ETF,$25.3550,-0.0036,-0.014198382961940445%,down,0.62%
STBF,Trust for Professional Managers Performance Trust Short Term B,$25.2450,-0.0150,-0.059417706476530004%,down,0.74%
STCE,Schwab Strategic Trust Schwab Crypto Thematic ETF,$74.7600,-0.1200,-0.16051364365971107%,down,65.54%
STHH,Precidian ETFs Trust STMicroelectronics NV ADRhedged,$132.7400,2.6220,1.9752900406810303%,up,158.31%
STIP,iShares 0-5 Year TIPS Bond ETF,$103.2800,-0.0400,-0.038729666924864445%,down,0.83%
STNC,Hennessy Sustainable ETF,$36.3130,0.3552,0.9781620907113155%,up,21.14%
STOT,State Street DoubleLine Short Duration Total Return Tactical E,$47.0600,0.0600,0.1274968125796855%,up,-0.59%
STOX,Horizon Funds Horizon Core Equity ETF,$30.8117,0.0917,0.29761421797563914%,up,22.18%
STPZ,PIMCO 1-5 Year U.S. TIPS Index Exchange-Traded Fund,$53.9100,0.0100,0.01854943424225561%,up,0.72%
STRN,Tidal Trust I SMART Trend 25 ETF,$26.4925,0.2096,0.7911673115032557%,up,32.69%
STRV,EA Series Trust Strive 500 ETF,$48.0900,0.2000,0.4158868787689748%,up,27.42%
STXD,EA Series Trust Strive 1000 Dividend Growth ETF,$38.2529,0.2521,0.6590350012678778%,up,16.35%
STXE,EA Series Trust Strive Emerging Markets Ex-China ETF,$48.5225,-0.2375,-0.4894636508836107%,down,65.78%
STXG,EA Series Trust Strive 1000 Growth ETF,$54.9929,0.1611,0.2929469076917202%,up,27.71%
STXK,EA Series Trust Strive Small-Cap ETF,$36.4685,0.2781,0.7625759216858385%,up,26.28%
STXT,EA Series Trust Strive Total Return Bond ETF,$19.7800,0.0250,0.1263902932254803%,up,-0.30%
STXV,EA Series Trust Strive 1000 Value ETF,$37.4081,0.3559,0.9513982265872899%,up,26.24%
SUB,iShares Short-Term National Muni Bond ETF,$106.2300,0.0100,0.009413536665725312%,up,0.51%
SUIS,Canary Staked SUIS ETF,$27.4811,-2.2755,-8.280236235085203%,down,13.69%
SUPL,ProShares Trust ProShares Supply Chain Logistics ETF,$45.3169,0.0841,0.18558197934986728%,up,20.63%
Data as of : 5/22/2026 8:00:00 PM,,,,,,
